[0.236s] DEBUG:colcon:Command line arguments: ['/usr/bin/colcon', 'build']
[0.236s] DEBUG:colcon:Parsed command line arguments: Namespace(log_base=None, log_level=None, verb_name='build', build_base='build', install_base='install', merge_install=False, symlink_install=False, test_result_base=None, continue_on_error=False, executor='parallel', parallel_workers=8, event_handlers=None, ignore_user_meta=False, metas=['./colcon.meta'], base_paths=['.'], packages_ignore=None, packages_ignore_regex=None, paths=None, packages_up_to=None, packages_up_to_regex=None, packages_above=None, packages_above_and_dependencies=None, packages_above_depth=None, packages_select_by_dep=None, packages_skip_by_dep=None, packages_skip_up_to=None, packages_select_build_failed=False, packages_skip_build_finished=False, packages_select_test_failures=False, packages_skip_test_passed=False, packages_select=None, packages_skip=None, packages_select_regex=None, packages_skip_regex=None, packages_start=None, packages_end=None, allow_overriding=[], cmake_args=None, cmake_target=None, cmake_target_skip_unavailable=False, cmake_clean_cache=False, cmake_clean_first=False, cmake_force_configure=False, ament_cmake_args=None, catkin_cmake_args=None, catkin_skip_building_tests=False, verb_parser=<colcon_defaults.argument_parser.defaults.DefaultArgumentsDecorator object at 0x7abbfda86080>, verb_extension=<colcon_core.verb.build.BuildVerb object at 0x7abbfda85b40>, main=<bound method BuildVerb.main of <colcon_core.verb.build.BuildVerb object at 0x7abbfda85b40>>)
[0.672s] Level 1:colcon.colcon_core.package_discovery:discover_packages(colcon_meta) check parameters
[0.672s] Level 1:colcon.colcon_core.package_discovery:discover_packages(recursive) check parameters
[0.672s] Level 1:colcon.colcon_core.package_discovery:discover_packages(ignore) check parameters
[0.672s] Level 1:colcon.colcon_core.package_discovery:discover_packages(path) check parameters
[0.672s] Level 1:colcon.colcon_core.package_discovery:discover_packages(colcon_meta) discover
[0.672s] Level 1:colcon.colcon_core.package_discovery:discover_packages(recursive) discover
[0.672s] INFO:colcon.colcon_core.package_discovery:Crawling recursively for packages in '/home/ashraful/HBRS/AMR/AMR_PROJECT/amr-team-bot'
[0.673s] Level 1:colcon.colcon_core.package_identification:_identify(.) by extensions ['ignore', 'ignore_ament_install']
[0.673s] Level 1:colcon.colcon_core.package_identification:_identify(.) by extension 'ignore'
[0.673s] Level 1:colcon.colcon_core.package_identification:_identify(.) by extension 'ignore_ament_install'
[0.673s] Level 1:colcon.colcon_core.package_identification:_identify(.) by extensions ['colcon_pkg']
[0.673s] Level 1:colcon.colcon_core.package_identification:_identify(.) by extension 'colcon_pkg'
[0.673s] Level 1:colcon.colcon_core.package_identification:_identify(.) by extensions ['colcon_meta']
[0.673s] Level 1:colcon.colcon_core.package_identification:_identify(.) by extension 'colcon_meta'
[0.673s] Level 1:colcon.colcon_core.package_identification:_identify(.) by extensions ['ros']
[0.673s] Level 1:colcon.colcon_core.package_identification:_identify(.) by extension 'ros'
[0.730s] Level 1:colcon.colcon_core.package_identification:_identify(.) by extensions ['cmake', 'python']
[0.730s] Level 1:colcon.colcon_core.package_identification:_identify(.) by extension 'cmake'
[0.730s] Level 1:colcon.colcon_core.package_identification:_identify(.) by extension 'python'
[0.730s] Level 1:colcon.colcon_core.package_identification:_identify(.) by extensions ['python_setup_py']
[0.730s] Level 1:colcon.colcon_core.package_identification:_identify(.) by extension 'python_setup_py'
[0.731s] Level 1:colcon.colcon_core.package_identification:_identify(Pictures) by extensions ['ignore', 'ignore_ament_install']
[0.731s] Level 1:colcon.colcon_core.package_identification:_identify(Pictures) by extension 'ignore'
[0.731s] Level 1:colcon.colcon_core.package_identification:_identify(Pictures) by extension 'ignore_ament_install'
[0.731s] Level 1:colcon.colcon_core.package_identification:_identify(Pictures) by extensions ['colcon_pkg']
[0.731s] Level 1:colcon.colcon_core.package_identification:_identify(Pictures) by extension 'colcon_pkg'
[0.731s] Level 1:colcon.colcon_core.package_identification:_identify(Pictures) by extensions ['colcon_meta']
[0.731s] Level 1:colcon.colcon_core.package_identification:_identify(Pictures) by extension 'colcon_meta'
[0.731s] Level 1:colcon.colcon_core.package_identification:_identify(Pictures) by extensions ['ros']
[0.731s] Level 1:colcon.colcon_core.package_identification:_identify(Pictures) by extension 'ros'
[0.731s] Level 1:colcon.colcon_core.package_identification:_identify(Pictures) by extensions ['cmake', 'python']
[0.731s] Level 1:colcon.colcon_core.package_identification:_identify(Pictures) by extension 'cmake'
[0.731s] Level 1:colcon.colcon_core.package_identification:_identify(Pictures) by extension 'python'
[0.732s] Level 1:colcon.colcon_core.package_identification:_identify(Pictures) by extensions ['python_setup_py']
[0.732s] Level 1:colcon.colcon_core.package_identification:_identify(Pictures) by extension 'python_setup_py'
[0.732s] Level 1:colcon.colcon_core.package_identification:_identify(Pictures/Particle) by extensions ['ignore', 'ignore_ament_install']
[0.732s] Level 1:colcon.colcon_core.package_identification:_identify(Pictures/Particle) by extension 'ignore'
[0.732s] Level 1:colcon.colcon_core.package_identification:_identify(Pictures/Particle) by extension 'ignore_ament_install'
[0.732s] Level 1:colcon.colcon_core.package_identification:_identify(Pictures/Particle) by extensions ['colcon_pkg']
[0.732s] Level 1:colcon.colcon_core.package_identification:_identify(Pictures/Particle) by extension 'colcon_pkg'
[0.732s] Level 1:colcon.colcon_core.package_identification:_identify(Pictures/Particle) by extensions ['colcon_meta']
[0.732s] Level 1:colcon.colcon_core.package_identification:_identify(Pictures/Particle) by extension 'colcon_meta'
[0.732s] Level 1:colcon.colcon_core.package_identification:_identify(Pictures/Particle) by extensions ['ros']
[0.732s] Level 1:colcon.colcon_core.package_identification:_identify(Pictures/Particle) by extension 'ros'
[0.732s] Level 1:colcon.colcon_core.package_identification:_identify(Pictures/Particle) by extensions ['cmake', 'python']
[0.733s] Level 1:colcon.colcon_core.package_identification:_identify(Pictures/Particle) by extension 'cmake'
[0.733s] Level 1:colcon.colcon_core.package_identification:_identify(Pictures/Particle) by extension 'python'
[0.733s] Level 1:colcon.colcon_core.package_identification:_identify(Pictures/Particle) by extensions ['python_setup_py']
[0.733s] Level 1:colcon.colcon_core.package_identification:_identify(Pictures/Particle) by extension 'python_setup_py'
[0.733s] Level 1:colcon.colcon_core.package_identification:_identify(build) by extensions ['ignore', 'ignore_ament_install']
[0.733s] Level 1:colcon.colcon_core.package_identification:_identify(build) by extension 'ignore'
[0.733s] Level 1:colcon.colcon_core.package_identification:_identify(build) ignored
[0.733s] Level 1:colcon.colcon_core.package_identification:_identify(install) by extensions ['ignore', 'ignore_ament_install']
[0.733s] Level 1:colcon.colcon_core.package_identification:_identify(install) by extension 'ignore'
[0.734s] Level 1:colcon.colcon_core.package_identification:_identify(install) ignored
[0.734s] Level 1:colcon.colcon_core.package_identification:_identify(log) by extensions ['ignore', 'ignore_ament_install']
[0.734s] Level 1:colcon.colcon_core.package_identification:_identify(log) by extension 'ignore'
[0.734s] Level 1:colcon.colcon_core.package_identification:_identify(log) ignored
[0.734s] Level 1:colcon.colcon_core.package_identification:_identify(maps) by extensions ['ignore', 'ignore_ament_install']
[0.734s] Level 1:colcon.colcon_core.package_identification:_identify(maps) by extension 'ignore'
[0.734s] Level 1:colcon.colcon_core.package_identification:_identify(maps) by extension 'ignore_ament_install'
[0.734s] Level 1:colcon.colcon_core.package_identification:_identify(maps) by extensions ['colcon_pkg']
[0.734s] Level 1:colcon.colcon_core.package_identification:_identify(maps) by extension 'colcon_pkg'
[0.735s] Level 1:colcon.colcon_core.package_identification:_identify(maps) by extensions ['colcon_meta']
[0.735s] Level 1:colcon.colcon_core.package_identification:_identify(maps) by extension 'colcon_meta'
[0.735s] Level 1:colcon.colcon_core.package_identification:_identify(maps) by extensions ['ros']
[0.735s] Level 1:colcon.colcon_core.package_identification:_identify(maps) by extension 'ros'
[0.735s] Level 1:colcon.colcon_core.package_identification:_identify(maps) by extensions ['cmake', 'python']
[0.735s] Level 1:colcon.colcon_core.package_identification:_identify(maps) by extension 'cmake'
[0.735s] Level 1:colcon.colcon_core.package_identification:_identify(maps) by extension 'python'
[0.735s] Level 1:colcon.colcon_core.package_identification:_identify(maps) by extensions ['python_setup_py']
[0.735s] Level 1:colcon.colcon_core.package_identification:_identify(maps) by extension 'python_setup_py'
[0.735s] Level 1:colcon.colcon_core.package_identification:_identify(src) by extensions ['ignore', 'ignore_ament_install']
[0.735s] Level 1:colcon.colcon_core.package_identification:_identify(src) by extension 'ignore'
[0.735s] Level 1:colcon.colcon_core.package_identification:_identify(src) by extension 'ignore_ament_install'
[0.736s] Level 1:colcon.colcon_core.package_identification:_identify(src) by extensions ['colcon_pkg']
[0.736s] Level 1:colcon.colcon_core.package_identification:_identify(src) by extension 'colcon_pkg'
[0.736s] Level 1:colcon.colcon_core.package_identification:_identify(src) by extensions ['colcon_meta']
[0.736s] Level 1:colcon.colcon_core.package_identification:_identify(src) by extension 'colcon_meta'
[0.736s] Level 1:colcon.colcon_core.package_identification:_identify(src) by extensions ['ros']
[0.736s] Level 1:colcon.colcon_core.package_identification:_identify(src) by extension 'ros'
[0.736s] Level 1:colcon.colcon_core.package_identification:_identify(src) by extensions ['cmake', 'python']
[0.736s] Level 1:colcon.colcon_core.package_identification:_identify(src) by extension 'cmake'
[0.736s] Level 1:colcon.colcon_core.package_identification:_identify(src) by extension 'python'
[0.736s] Level 1:colcon.colcon_core.package_identification:_identify(src) by extensions ['python_setup_py']
[0.736s] Level 1:colcon.colcon_core.package_identification:_identify(src) by extension 'python_setup_py'
[0.736s] Level 1:colcon.colcon_core.package_identification:_identify(src/Robile) by extensions ['ignore', 'ignore_ament_install']
[0.736s] Level 1:colcon.colcon_core.package_identification:_identify(src/Robile) by extension 'ignore'
[0.737s] Level 1:colcon.colcon_core.package_identification:_identify(src/Robile) by extension 'ignore_ament_install'
[0.737s] Level 1:colcon.colcon_core.package_identification:_identify(src/Robile) by extensions ['colcon_pkg']
[0.737s] Level 1:colcon.colcon_core.package_identification:_identify(src/Robile) by extension 'colcon_pkg'
[0.737s] Level 1:colcon.colcon_core.package_identification:_identify(src/Robile) by extensions ['colcon_meta']
[0.737s] Level 1:colcon.colcon_core.package_identification:_identify(src/Robile) by extension 'colcon_meta'
[0.737s] Level 1:colcon.colcon_core.package_identification:_identify(src/Robile) by extensions ['ros']
[0.737s] Level 1:colcon.colcon_core.package_identification:_identify(src/Robile) by extension 'ros'
[0.737s] Level 1:colcon.colcon_core.package_identification:_identify(src/Robile) by extensions ['cmake', 'python']
[0.737s] Level 1:colcon.colcon_core.package_identification:_identify(src/Robile) by extension 'cmake'
[0.737s] Level 1:colcon.colcon_core.package_identification:_identify(src/Robile) by extension 'python'
[0.737s] Level 1:colcon.colcon_core.package_identification:_identify(src/Robile) by extensions ['python_setup_py']
[0.737s] Level 1:colcon.colcon_core.package_identification:_identify(src/Robile) by extension 'python_setup_py'
[0.737s] Level 1:colcon.colcon_core.package_identification:_identify(src/Robile/docs) by extensions ['ignore', 'ignore_ament_install']
[0.738s] Level 1:colcon.colcon_core.package_identification:_identify(src/Robile/docs) by extension 'ignore'
[0.738s] Level 1:colcon.colcon_core.package_identification:_identify(src/Robile/docs) ignored
[0.738s] Level 1:colcon.colcon_core.package_identification:_identify(src/Robile/robile_bringup) by extensions ['ignore', 'ignore_ament_install']
[0.738s] Level 1:colcon.colcon_core.package_identification:_identify(src/Robile/robile_bringup) by extension 'ignore'
[0.738s] Level 1:colcon.colcon_core.package_identification:_identify(src/Robile/robile_bringup) by extension 'ignore_ament_install'
[0.738s] Level 1:colcon.colcon_core.package_identification:_identify(src/Robile/robile_bringup) by extensions ['colcon_pkg']
[0.738s] Level 1:colcon.colcon_core.package_identification:_identify(src/Robile/robile_bringup) by extension 'colcon_pkg'
[0.738s] Level 1:colcon.colcon_core.package_identification:_identify(src/Robile/robile_bringup) by extensions ['colcon_meta']
[0.738s] Level 1:colcon.colcon_core.package_identification:_identify(src/Robile/robile_bringup) by extension 'colcon_meta'
[0.738s] Level 1:colcon.colcon_core.package_identification:_identify(src/Robile/robile_bringup) by extensions ['ros']
[0.738s] Level 1:colcon.colcon_core.package_identification:_identify(src/Robile/robile_bringup) by extension 'ros'
[0.744s] DEBUG:colcon.colcon_core.package_identification:Package 'src/Robile/robile_bringup' with type 'ros.ament_python' and name 'robile_bringup'
[0.744s] Level 1:colcon.colcon_core.package_identification:_identify(src/Robile/robile_demos) by extensions ['ignore', 'ignore_ament_install']
[0.744s] Level 1:colcon.colcon_core.package_identification:_identify(src/Robile/robile_demos) by extension 'ignore'
[0.744s] Level 1:colcon.colcon_core.package_identification:_identify(src/Robile/robile_demos) by extension 'ignore_ament_install'
[0.744s] Level 1:colcon.colcon_core.package_identification:_identify(src/Robile/robile_demos) by extensions ['colcon_pkg']
[0.744s] Level 1:colcon.colcon_core.package_identification:_identify(src/Robile/robile_demos) by extension 'colcon_pkg'
[0.744s] Level 1:colcon.colcon_core.package_identification:_identify(src/Robile/robile_demos) by extensions ['colcon_meta']
[0.745s] Level 1:colcon.colcon_core.package_identification:_identify(src/Robile/robile_demos) by extension 'colcon_meta'
[0.745s] Level 1:colcon.colcon_core.package_identification:_identify(src/Robile/robile_demos) by extensions ['ros']
[0.745s] Level 1:colcon.colcon_core.package_identification:_identify(src/Robile/robile_demos) by extension 'ros'
[0.745s] Level 1:colcon.colcon_core.package_identification:_identify(src/Robile/robile_demos) by extensions ['cmake', 'python']
[0.745s] Level 1:colcon.colcon_core.package_identification:_identify(src/Robile/robile_demos) by extension 'cmake'
[0.745s] Level 1:colcon.colcon_core.package_identification:_identify(src/Robile/robile_demos) by extension 'python'
[0.745s] Level 1:colcon.colcon_core.package_identification:_identify(src/Robile/robile_demos) by extensions ['python_setup_py']
[0.745s] Level 1:colcon.colcon_core.package_identification:_identify(src/Robile/robile_demos) by extension 'python_setup_py'
[0.745s] Level 1:colcon.colcon_core.package_identification:_identify(src/Robile/robile_demos/robile_control_simple) by extensions ['ignore', 'ignore_ament_install']
[0.745s] Level 1:colcon.colcon_core.package_identification:_identify(src/Robile/robile_demos/robile_control_simple) by extension 'ignore'
[0.745s] Level 1:colcon.colcon_core.package_identification:_identify(src/Robile/robile_demos/robile_control_simple) by extension 'ignore_ament_install'
[0.746s] Level 1:colcon.colcon_core.package_identification:_identify(src/Robile/robile_demos/robile_control_simple) by extensions ['colcon_pkg']
[0.746s] Level 1:colcon.colcon_core.package_identification:_identify(src/Robile/robile_demos/robile_control_simple) by extension 'colcon_pkg'
[0.746s] Level 1:colcon.colcon_core.package_identification:_identify(src/Robile/robile_demos/robile_control_simple) by extensions ['colcon_meta']
[0.746s] Level 1:colcon.colcon_core.package_identification:_identify(src/Robile/robile_demos/robile_control_simple) by extension 'colcon_meta'
[0.746s] Level 1:colcon.colcon_core.package_identification:_identify(src/Robile/robile_demos/robile_control_simple) by extensions ['ros']
[0.746s] Level 1:colcon.colcon_core.package_identification:_identify(src/Robile/robile_demos/robile_control_simple) by extension 'ros'
[0.747s] DEBUG:colcon.colcon_core.package_identification:Package 'src/Robile/robile_demos/robile_control_simple' with type 'ros.ament_python' and name 'robile_control_simple'
[0.747s] Level 1:colcon.colcon_core.package_identification:_identify(src/Robile/robile_demos/robile_reach_goal) by extensions ['ignore', 'ignore_ament_install']
[0.747s] Level 1:colcon.colcon_core.package_identification:_identify(src/Robile/robile_demos/robile_reach_goal) by extension 'ignore'
[0.747s] Level 1:colcon.colcon_core.package_identification:_identify(src/Robile/robile_demos/robile_reach_goal) by extension 'ignore_ament_install'
[0.747s] Level 1:colcon.colcon_core.package_identification:_identify(src/Robile/robile_demos/robile_reach_goal) by extensions ['colcon_pkg']
[0.747s] Level 1:colcon.colcon_core.package_identification:_identify(src/Robile/robile_demos/robile_reach_goal) by extension 'colcon_pkg'
[0.748s] Level 1:colcon.colcon_core.package_identification:_identify(src/Robile/robile_demos/robile_reach_goal) by extensions ['colcon_meta']
[0.748s] Level 1:colcon.colcon_core.package_identification:_identify(src/Robile/robile_demos/robile_reach_goal) by extension 'colcon_meta'
[0.748s] Level 1:colcon.colcon_core.package_identification:_identify(src/Robile/robile_demos/robile_reach_goal) by extensions ['ros']
[0.748s] Level 1:colcon.colcon_core.package_identification:_identify(src/Robile/robile_demos/robile_reach_goal) by extension 'ros'
[0.749s] DEBUG:colcon.colcon_core.package_identification:Package 'src/Robile/robile_demos/robile_reach_goal' with type 'ros.ament_python' and name 'robile_reach_goal'
[0.749s] Level 1:colcon.colcon_core.package_identification:_identify(src/Robile/worksheets) by extensions ['ignore', 'ignore_ament_install']
[0.749s] Level 1:colcon.colcon_core.package_identification:_identify(src/Robile/worksheets) by extension 'ignore'
[0.749s] Level 1:colcon.colcon_core.package_identification:_identify(src/Robile/worksheets) by extension 'ignore_ament_install'
[0.749s] Level 1:colcon.colcon_core.package_identification:_identify(src/Robile/worksheets) by extensions ['colcon_pkg']
[0.749s] Level 1:colcon.colcon_core.package_identification:_identify(src/Robile/worksheets) by extension 'colcon_pkg'
[0.749s] Level 1:colcon.colcon_core.package_identification:_identify(src/Robile/worksheets) by extensions ['colcon_meta']
[0.749s] Level 1:colcon.colcon_core.package_identification:_identify(src/Robile/worksheets) by extension 'colcon_meta'
[0.750s] Level 1:colcon.colcon_core.package_identification:_identify(src/Robile/worksheets) by extensions ['ros']
[0.750s] Level 1:colcon.colcon_core.package_identification:_identify(src/Robile/worksheets) by extension 'ros'
[0.750s] Level 1:colcon.colcon_core.package_identification:_identify(src/Robile/worksheets) by extensions ['cmake', 'python']
[0.750s] Level 1:colcon.colcon_core.package_identification:_identify(src/Robile/worksheets) by extension 'cmake'
[0.750s] Level 1:colcon.colcon_core.package_identification:_identify(src/Robile/worksheets) by extension 'python'
[0.750s] Level 1:colcon.colcon_core.package_identification:_identify(src/Robile/worksheets) by extensions ['python_setup_py']
[0.750s] Level 1:colcon.colcon_core.package_identification:_identify(src/Robile/worksheets) by extension 'python_setup_py'
[0.750s] Level 1:colcon.colcon_core.package_identification:_identify(src/Robile/worksheets/bitmaps) by extensions ['ignore', 'ignore_ament_install']
[0.750s] Level 1:colcon.colcon_core.package_identification:_identify(src/Robile/worksheets/bitmaps) by extension 'ignore'
[0.750s] Level 1:colcon.colcon_core.package_identification:_identify(src/Robile/worksheets/bitmaps) by extension 'ignore_ament_install'
[0.750s] Level 1:colcon.colcon_core.package_identification:_identify(src/Robile/worksheets/bitmaps) by extensions ['colcon_pkg']
[0.750s] Level 1:colcon.colcon_core.package_identification:_identify(src/Robile/worksheets/bitmaps) by extension 'colcon_pkg'
[0.751s] Level 1:colcon.colcon_core.package_identification:_identify(src/Robile/worksheets/bitmaps) by extensions ['colcon_meta']
[0.751s] Level 1:colcon.colcon_core.package_identification:_identify(src/Robile/worksheets/bitmaps) by extension 'colcon_meta'
[0.751s] Level 1:colcon.colcon_core.package_identification:_identify(src/Robile/worksheets/bitmaps) by extensions ['ros']
[0.751s] Level 1:colcon.colcon_core.package_identification:_identify(src/Robile/worksheets/bitmaps) by extension 'ros'
[0.751s] Level 1:colcon.colcon_core.package_identification:_identify(src/Robile/worksheets/bitmaps) by extensions ['cmake', 'python']
[0.751s] Level 1:colcon.colcon_core.package_identification:_identify(src/Robile/worksheets/bitmaps) by extension 'cmake'
[0.751s] Level 1:colcon.colcon_core.package_identification:_identify(src/Robile/worksheets/bitmaps) by extension 'python'
[0.751s] Level 1:colcon.colcon_core.package_identification:_identify(src/Robile/worksheets/bitmaps) by extensions ['python_setup_py']
[0.751s] Level 1:colcon.colcon_core.package_identification:_identify(src/Robile/worksheets/bitmaps) by extension 'python_setup_py'
[0.751s] Level 1:colcon.colcon_core.package_identification:_identify(src/Robile/worksheets/worksheet01) by extensions ['ignore', 'ignore_ament_install']
[0.751s] Level 1:colcon.colcon_core.package_identification:_identify(src/Robile/worksheets/worksheet01) by extension 'ignore'
[0.751s] Level 1:colcon.colcon_core.package_identification:_identify(src/Robile/worksheets/worksheet01) by extension 'ignore_ament_install'
[0.752s] Level 1:colcon.colcon_core.package_identification:_identify(src/Robile/worksheets/worksheet01) by extensions ['colcon_pkg']
[0.752s] Level 1:colcon.colcon_core.package_identification:_identify(src/Robile/worksheets/worksheet01) by extension 'colcon_pkg'
[0.752s] Level 1:colcon.colcon_core.package_identification:_identify(src/Robile/worksheets/worksheet01) by extensions ['colcon_meta']
[0.752s] Level 1:colcon.colcon_core.package_identification:_identify(src/Robile/worksheets/worksheet01) by extension 'colcon_meta'
[0.752s] Level 1:colcon.colcon_core.package_identification:_identify(src/Robile/worksheets/worksheet01) by extensions ['ros']
[0.752s] Level 1:colcon.colcon_core.package_identification:_identify(src/Robile/worksheets/worksheet01) by extension 'ros'
[0.752s] Level 1:colcon.colcon_core.package_identification:_identify(src/Robile/worksheets/worksheet01) by extensions ['cmake', 'python']
[0.752s] Level 1:colcon.colcon_core.package_identification:_identify(src/Robile/worksheets/worksheet01) by extension 'cmake'
[0.752s] Level 1:colcon.colcon_core.package_identification:_identify(src/Robile/worksheets/worksheet01) by extension 'python'
[0.752s] Level 1:colcon.colcon_core.package_identification:_identify(src/Robile/worksheets/worksheet01) by extensions ['python_setup_py']
[0.752s] Level 1:colcon.colcon_core.package_identification:_identify(src/Robile/worksheets/worksheet01) by extension 'python_setup_py'
[0.752s] Level 1:colcon.colcon_core.package_identification:_identify(src/Robile/worksheets/worksheet02) by extensions ['ignore', 'ignore_ament_install']
[0.752s] Level 1:colcon.colcon_core.package_identification:_identify(src/Robile/worksheets/worksheet02) by extension 'ignore'
[0.753s] Level 1:colcon.colcon_core.package_identification:_identify(src/Robile/worksheets/worksheet02) by extension 'ignore_ament_install'
[0.753s] Level 1:colcon.colcon_core.package_identification:_identify(src/Robile/worksheets/worksheet02) by extensions ['colcon_pkg']
[0.753s] Level 1:colcon.colcon_core.package_identification:_identify(src/Robile/worksheets/worksheet02) by extension 'colcon_pkg'
[0.753s] Level 1:colcon.colcon_core.package_identification:_identify(src/Robile/worksheets/worksheet02) by extensions ['colcon_meta']
[0.753s] Level 1:colcon.colcon_core.package_identification:_identify(src/Robile/worksheets/worksheet02) by extension 'colcon_meta'
[0.753s] Level 1:colcon.colcon_core.package_identification:_identify(src/Robile/worksheets/worksheet02) by extensions ['ros']
[0.753s] Level 1:colcon.colcon_core.package_identification:_identify(src/Robile/worksheets/worksheet02) by extension 'ros'
[0.753s] Level 1:colcon.colcon_core.package_identification:_identify(src/Robile/worksheets/worksheet02) by extensions ['cmake', 'python']
[0.753s] Level 1:colcon.colcon_core.package_identification:_identify(src/Robile/worksheets/worksheet02) by extension 'cmake'
[0.753s] Level 1:colcon.colcon_core.package_identification:_identify(src/Robile/worksheets/worksheet02) by extension 'python'
[0.753s] Level 1:colcon.colcon_core.package_identification:_identify(src/Robile/worksheets/worksheet02) by extensions ['python_setup_py']
[0.753s] Level 1:colcon.colcon_core.package_identification:_identify(src/Robile/worksheets/worksheet02) by extension 'python_setup_py'
[0.754s] Level 1:colcon.colcon_core.package_identification:_identify(src/amr_localization) by extensions ['ignore', 'ignore_ament_install']
[0.754s] Level 1:colcon.colcon_core.package_identification:_identify(src/amr_localization) by extension 'ignore'
[0.754s] Level 1:colcon.colcon_core.package_identification:_identify(src/amr_localization) by extension 'ignore_ament_install'
[0.754s] Level 1:colcon.colcon_core.package_identification:_identify(src/amr_localization) by extensions ['colcon_pkg']
[0.754s] Level 1:colcon.colcon_core.package_identification:_identify(src/amr_localization) by extension 'colcon_pkg'
[0.754s] Level 1:colcon.colcon_core.package_identification:_identify(src/amr_localization) by extensions ['colcon_meta']
[0.754s] Level 1:colcon.colcon_core.package_identification:_identify(src/amr_localization) by extension 'colcon_meta'
[0.754s] Level 1:colcon.colcon_core.package_identification:_identify(src/amr_localization) by extensions ['ros']
[0.754s] Level 1:colcon.colcon_core.package_identification:_identify(src/amr_localization) by extension 'ros'
[0.756s] DEBUG:colcon.colcon_core.package_identification:Package 'src/amr_localization' with type 'ros.ament_python' and name 'amr_localization'
[0.756s] Level 1:colcon.colcon_core.package_identification:_identify(src/aws-robomaker-small-house-world) by extensions ['ignore', 'ignore_ament_install']
[0.756s] Level 1:colcon.colcon_core.package_identification:_identify(src/aws-robomaker-small-house-world) by extension 'ignore'
[0.756s] Level 1:colcon.colcon_core.package_identification:_identify(src/aws-robomaker-small-house-world) by extension 'ignore_ament_install'
[0.756s] Level 1:colcon.colcon_core.package_identification:_identify(src/aws-robomaker-small-house-world) by extensions ['colcon_pkg']
[0.757s] Level 1:colcon.colcon_core.package_identification:_identify(src/aws-robomaker-small-house-world) by extension 'colcon_pkg'
[0.757s] Level 1:colcon.colcon_core.package_identification:_identify(src/aws-robomaker-small-house-world) by extensions ['colcon_meta']
[0.757s] Level 1:colcon.colcon_core.package_identification:_identify(src/aws-robomaker-small-house-world) by extension 'colcon_meta'
[0.757s] Level 1:colcon.colcon_core.package_identification:_identify(src/aws-robomaker-small-house-world) by extensions ['ros']
[0.757s] Level 1:colcon.colcon_core.package_identification:_identify(src/aws-robomaker-small-house-world) by extension 'ros'
[0.758s] DEBUG:colcon.colcon_core.package_identification:Package 'src/aws-robomaker-small-house-world' with type 'ros.ament_cmake' and name 'aws_robomaker_small_house_world'
[0.758s] Level 1:colcon.colcon_core.package_identification:_identify(src/build) by extensions ['ignore', 'ignore_ament_install']
[0.758s] Level 1:colcon.colcon_core.package_identification:_identify(src/build) by extension 'ignore'
[0.758s] Level 1:colcon.colcon_core.package_identification:_identify(src/build) ignored
[0.758s] Level 1:colcon.colcon_core.package_identification:_identify(src/install) by extensions ['ignore', 'ignore_ament_install']
[0.758s] Level 1:colcon.colcon_core.package_identification:_identify(src/install) by extension 'ignore'
[0.759s] Level 1:colcon.colcon_core.package_identification:_identify(src/install) ignored
[0.759s] Level 1:colcon.colcon_core.package_identification:_identify(src/log) by extensions ['ignore', 'ignore_ament_install']
[0.759s] Level 1:colcon.colcon_core.package_identification:_identify(src/log) by extension 'ignore'
[0.759s] Level 1:colcon.colcon_core.package_identification:_identify(src/log) ignored
[0.759s] Level 1:colcon.colcon_core.package_identification:_identify(src/mcl_particle_filter) by extensions ['ignore', 'ignore_ament_install']
[0.759s] Level 1:colcon.colcon_core.package_identification:_identify(src/mcl_particle_filter) by extension 'ignore'
[0.759s] Level 1:colcon.colcon_core.package_identification:_identify(src/mcl_particle_filter) by extension 'ignore_ament_install'
[0.759s] Level 1:colcon.colcon_core.package_identification:_identify(src/mcl_particle_filter) by extensions ['colcon_pkg']
[0.759s] Level 1:colcon.colcon_core.package_identification:_identify(src/mcl_particle_filter) by extension 'colcon_pkg'
[0.759s] Level 1:colcon.colcon_core.package_identification:_identify(src/mcl_particle_filter) by extensions ['colcon_meta']
[0.759s] Level 1:colcon.colcon_core.package_identification:_identify(src/mcl_particle_filter) by extension 'colcon_meta'
[0.760s] Level 1:colcon.colcon_core.package_identification:_identify(src/mcl_particle_filter) by extensions ['ros']
[0.760s] Level 1:colcon.colcon_core.package_identification:_identify(src/mcl_particle_filter) by extension 'ros'
[0.760s] DEBUG:colcon.colcon_core.package_identification:Package 'src/mcl_particle_filter' with type 'ros.ament_python' and name 'mcl_particle_filter'
[0.761s] Level 1:colcon.colcon_core.package_identification:_identify(src/my_explorer) by extensions ['ignore', 'ignore_ament_install']
[0.761s] Level 1:colcon.colcon_core.package_identification:_identify(src/my_explorer) by extension 'ignore'
[0.761s] Level 1:colcon.colcon_core.package_identification:_identify(src/my_explorer) by extension 'ignore_ament_install'
[0.761s] Level 1:colcon.colcon_core.package_identification:_identify(src/my_explorer) by extensions ['colcon_pkg']
[0.761s] Level 1:colcon.colcon_core.package_identification:_identify(src/my_explorer) by extension 'colcon_pkg'
[0.761s] Level 1:colcon.colcon_core.package_identification:_identify(src/my_explorer) by extensions ['colcon_meta']
[0.761s] Level 1:colcon.colcon_core.package_identification:_identify(src/my_explorer) by extension 'colcon_meta'
[0.761s] Level 1:colcon.colcon_core.package_identification:_identify(src/my_explorer) by extensions ['ros']
[0.761s] Level 1:colcon.colcon_core.package_identification:_identify(src/my_explorer) by extension 'ros'
[0.763s] DEBUG:colcon.colcon_core.package_identification:Package 'src/my_explorer' with type 'ros.ament_python' and name 'my_explorer'
[0.763s] Level 1:colcon.colcon_core.package_identification:_identify(src/particle_localization) by extensions ['ignore', 'ignore_ament_install']
[0.763s] Level 1:colcon.colcon_core.package_identification:_identify(src/particle_localization) by extension 'ignore'
[0.764s] Level 1:colcon.colcon_core.package_identification:_identify(src/particle_localization) by extension 'ignore_ament_install'
[0.764s] Level 1:colcon.colcon_core.package_identification:_identify(src/particle_localization) by extensions ['colcon_pkg']
[0.764s] Level 1:colcon.colcon_core.package_identification:_identify(src/particle_localization) by extension 'colcon_pkg'
[0.764s] Level 1:colcon.colcon_core.package_identification:_identify(src/particle_localization) by extensions ['colcon_meta']
[0.764s] Level 1:colcon.colcon_core.package_identification:_identify(src/particle_localization) by extension 'colcon_meta'
[0.764s] Level 1:colcon.colcon_core.package_identification:_identify(src/particle_localization) by extensions ['ros']
[0.764s] Level 1:colcon.colcon_core.package_identification:_identify(src/particle_localization) by extension 'ros'
[0.766s] DEBUG:colcon.colcon_core.package_identification:Package 'src/particle_localization' with type 'ros.ament_python' and name 'particle_localization'
[0.766s] Level 1:colcon.colcon_core.package_identification:_identify(src/potential) by extensions ['ignore', 'ignore_ament_install']
[0.766s] Level 1:colcon.colcon_core.package_identification:_identify(src/potential) by extension 'ignore'
[0.766s] Level 1:colcon.colcon_core.package_identification:_identify(src/potential) by extension 'ignore_ament_install'
[0.767s] Level 1:colcon.colcon_core.package_identification:_identify(src/potential) by extensions ['colcon_pkg']
[0.767s] Level 1:colcon.colcon_core.package_identification:_identify(src/potential) by extension 'colcon_pkg'
[0.767s] Level 1:colcon.colcon_core.package_identification:_identify(src/potential) by extensions ['colcon_meta']
[0.767s] Level 1:colcon.colcon_core.package_identification:_identify(src/potential) by extension 'colcon_meta'
[0.767s] Level 1:colcon.colcon_core.package_identification:_identify(src/potential) by extensions ['ros']
[0.767s] Level 1:colcon.colcon_core.package_identification:_identify(src/potential) by extension 'ros'
[0.769s] DEBUG:colcon.colcon_core.package_identification:Package 'src/potential' with type 'ros.ament_python' and name 'potential'
[0.769s] Level 1:colcon.colcon_core.package_identification:_identify(src/robile_description) by extensions ['ignore', 'ignore_ament_install']
[0.769s] Level 1:colcon.colcon_core.package_identification:_identify(src/robile_description) by extension 'ignore'
[0.769s] Level 1:colcon.colcon_core.package_identification:_identify(src/robile_description) by extension 'ignore_ament_install'
[0.769s] Level 1:colcon.colcon_core.package_identification:_identify(src/robile_description) by extensions ['colcon_pkg']
[0.769s] Level 1:colcon.colcon_core.package_identification:_identify(src/robile_description) by extension 'colcon_pkg'
[0.769s] Level 1:colcon.colcon_core.package_identification:_identify(src/robile_description) by extensions ['colcon_meta']
[0.769s] Level 1:colcon.colcon_core.package_identification:_identify(src/robile_description) by extension 'colcon_meta'
[0.770s] Level 1:colcon.colcon_core.package_identification:_identify(src/robile_description) by extensions ['ros']
[0.770s] Level 1:colcon.colcon_core.package_identification:_identify(src/robile_description) by extension 'ros'
[0.771s] DEBUG:colcon.colcon_core.package_identification:Package 'src/robile_description' with type 'ros.ament_cmake' and name 'robile_description'
[0.771s] Level 1:colcon.colcon_core.package_identification:_identify(src/robile_gazebo) by extensions ['ignore', 'ignore_ament_install']
[0.771s] Level 1:colcon.colcon_core.package_identification:_identify(src/robile_gazebo) by extension 'ignore'
[0.771s] Level 1:colcon.colcon_core.package_identification:_identify(src/robile_gazebo) by extension 'ignore_ament_install'
[0.771s] Level 1:colcon.colcon_core.package_identification:_identify(src/robile_gazebo) by extensions ['colcon_pkg']
[0.771s] Level 1:colcon.colcon_core.package_identification:_identify(src/robile_gazebo) by extension 'colcon_pkg'
[0.771s] Level 1:colcon.colcon_core.package_identification:_identify(src/robile_gazebo) by extensions ['colcon_meta']
[0.771s] Level 1:colcon.colcon_core.package_identification:_identify(src/robile_gazebo) by extension 'colcon_meta'
[0.772s] Level 1:colcon.colcon_core.package_identification:_identify(src/robile_gazebo) by extensions ['ros']
[0.772s] Level 1:colcon.colcon_core.package_identification:_identify(src/robile_gazebo) by extension 'ros'
[0.774s] DEBUG:colcon.colcon_core.package_identification:Package 'src/robile_gazebo' with type 'ros.ament_cmake' and name 'robile_gazebo'
[0.775s] Level 1:colcon.colcon_core.package_identification:_identify(src/robile_interfaces) by extensions ['ignore', 'ignore_ament_install']
[0.775s] Level 1:colcon.colcon_core.package_identification:_identify(src/robile_interfaces) by extension 'ignore'
[0.775s] Level 1:colcon.colcon_core.package_identification:_identify(src/robile_interfaces) by extension 'ignore_ament_install'
[0.775s] Level 1:colcon.colcon_core.package_identification:_identify(src/robile_interfaces) by extensions ['colcon_pkg']
[0.775s] Level 1:colcon.colcon_core.package_identification:_identify(src/robile_interfaces) by extension 'colcon_pkg'
[0.775s] Level 1:colcon.colcon_core.package_identification:_identify(src/robile_interfaces) by extensions ['colcon_meta']
[0.775s] Level 1:colcon.colcon_core.package_identification:_identify(src/robile_interfaces) by extension 'colcon_meta'
[0.775s] Level 1:colcon.colcon_core.package_identification:_identify(src/robile_interfaces) by extensions ['ros']
[0.775s] Level 1:colcon.colcon_core.package_identification:_identify(src/robile_interfaces) by extension 'ros'
[0.777s] DEBUG:colcon.colcon_core.package_identification:Package 'src/robile_interfaces' with type 'ros.ament_cmake' and name 'robile_interfaces'
[0.777s] Level 1:colcon.colcon_core.package_identification:_identify(src/robile_navigation) by extensions ['ignore', 'ignore_ament_install']
[0.777s] Level 1:colcon.colcon_core.package_identification:_identify(src/robile_navigation) by extension 'ignore'
[0.777s] Level 1:colcon.colcon_core.package_identification:_identify(src/robile_navigation) by extension 'ignore_ament_install'
[0.777s] Level 1:colcon.colcon_core.package_identification:_identify(src/robile_navigation) by extensions ['colcon_pkg']
[0.777s] Level 1:colcon.colcon_core.package_identification:_identify(src/robile_navigation) by extension 'colcon_pkg'
[0.777s] Level 1:colcon.colcon_core.package_identification:_identify(src/robile_navigation) by extensions ['colcon_meta']
[0.777s] Level 1:colcon.colcon_core.package_identification:_identify(src/robile_navigation) by extension 'colcon_meta'
[0.777s] Level 1:colcon.colcon_core.package_identification:_identify(src/robile_navigation) by extensions ['ros']
[0.778s] Level 1:colcon.colcon_core.package_identification:_identify(src/robile_navigation) by extension 'ros'
[0.780s] DEBUG:colcon.colcon_core.package_identification:Found ROS schema reference in package manifest in 'src/robile_navigation'
[0.780s] WARNING:colcon.colcon_core.package_identification:Failed to parse ROS package manifest in 'src/robile_navigation': Error(s) in package 'src/robile_navigation/package.xml':
Error(s):
- The generic dependency on 'rclpy' is redundant with: build_depend, build_export_depend, exec_depend
- The generic dependency on 'sensor_msgs' is redundant with: exec_depend
- The generic dependency on 'geometry_msgs' is redundant with: exec_depend
[0.780s] Level 1:colcon.colcon_core.package_identification:_identify(src/robile_navigation) by extensions ['cmake', 'python']
[0.780s] Level 1:colcon.colcon_core.package_identification:_identify(src/robile_navigation) by extension 'cmake'
[0.783s] Level 1:colcon.colcon_core.package_identification:_identify(src/robile_navigation) by extension 'python'
[0.783s] DEBUG:colcon.colcon_core.package_identification:Package 'src/robile_navigation' with type 'cmake' and name 'robile_navigation'
[0.784s] Level 1:colcon.colcon_core.package_identification:_identify(src/wavefront) by extensions ['ignore', 'ignore_ament_install']
[0.784s] Level 1:colcon.colcon_core.package_identification:_identify(src/wavefront) by extension 'ignore'
[0.784s] Level 1:colcon.colcon_core.package_identification:_identify(src/wavefront) by extension 'ignore_ament_install'
[0.784s] Level 1:colcon.colcon_core.package_identification:_identify(src/wavefront) by extensions ['colcon_pkg']
[0.784s] Level 1:colcon.colcon_core.package_identification:_identify(src/wavefront) by extension 'colcon_pkg'
[0.784s] Level 1:colcon.colcon_core.package_identification:_identify(src/wavefront) by extensions ['colcon_meta']
[0.784s] Level 1:colcon.colcon_core.package_identification:_identify(src/wavefront) by extension 'colcon_meta'
[0.784s] Level 1:colcon.colcon_core.package_identification:_identify(src/wavefront) by extensions ['ros']
[0.784s] Level 1:colcon.colcon_core.package_identification:_identify(src/wavefront) by extension 'ros'
[0.786s] DEBUG:colcon.colcon_core.package_identification:Package 'src/wavefront' with type 'ros.ament_python' and name 'wavefront'
[0.786s] Level 1:colcon.colcon_core.package_discovery:discover_packages(recursive) using defaults
[0.786s] Level 1:colcon.colcon_core.package_discovery:discover_packages(ignore) discover
[0.786s] Level 1:colcon.colcon_core.package_discovery:discover_packages(ignore) using defaults
[0.786s] Level 1:colcon.colcon_core.package_discovery:discover_packages(path) discover
[0.786s] Level 1:colcon.colcon_core.package_discovery:discover_packages(path) using defaults
[0.831s] Level 1:colcon.colcon_core.package_discovery:discover_packages(prefix_path) check parameters
[0.831s] Level 1:colcon.colcon_core.package_discovery:discover_packages(prefix_path) discover
[0.835s] DEBUG:colcon.colcon_installed_package_information.package_discovery:Found 14 installed packages in /home/ashraful/HBRS/AMR/AMR_PROJECT/amr-team-bot/install
[0.836s] DEBUG:colcon.colcon_installed_package_information.package_discovery:Found 0 installed packages in /home/ashraful/HBRS/AMR/AMR_PROJECT/amr-team-bot/src/install
[0.839s] DEBUG:colcon.colcon_installed_package_information.package_discovery:Found 353 installed packages in /opt/ros/humble
[0.843s] Level 1:colcon.colcon_core.package_discovery:discover_packages(prefix_path) using defaults
[0.931s] Level 5:colcon.colcon_core.verb:set package 'amr_localization' build argument 'cmake_args' from command line to 'None'
[0.931s] Level 5:colcon.colcon_core.verb:set package 'amr_localization' build argument 'cmake_target' from command line to 'None'
[0.931s] Level 5:colcon.colcon_core.verb:set package 'amr_localization' build argument 'cmake_target_skip_unavailable' from command line to 'False'
[0.931s] Level 5:colcon.colcon_core.verb:set package 'amr_localization' build argument 'cmake_clean_cache' from command line to 'False'
[0.931s] Level 5:colcon.colcon_core.verb:set package 'amr_localization' build argument 'cmake_clean_first' from command line to 'False'
[0.931s] Level 5:colcon.colcon_core.verb:set package 'amr_localization' build argument 'cmake_force_configure' from command line to 'False'
[0.931s] Level 5:colcon.colcon_core.verb:set package 'amr_localization' build argument 'ament_cmake_args' from command line to 'None'
[0.931s] Level 5:colcon.colcon_core.verb:set package 'amr_localization' build argument 'catkin_cmake_args' from command line to 'None'
[0.931s] Level 5:colcon.colcon_core.verb:set package 'amr_localization' build argument 'catkin_skip_building_tests' from command line to 'False'
[0.931s] DEBUG:colcon.colcon_core.verb:Building package 'amr_localization' with the following arguments: {'ament_cmake_args': None, 'build_base': '/home/ashraful/HBRS/AMR/AMR_PROJECT/amr-team-bot/build/amr_localization', 'catkin_cmake_args': None, 'catkin_skip_building_tests': False, 'cmake_args': None, 'cmake_clean_cache': False, 'cmake_clean_first': False, 'cmake_force_configure': False, 'cmake_target': None, 'cmake_target_skip_unavailable': False, 'install_base': '/home/ashraful/HBRS/AMR/AMR_PROJECT/amr-team-bot/install/amr_localization', 'merge_install': False, 'path': '/home/ashraful/HBRS/AMR/AMR_PROJECT/amr-team-bot/src/amr_localization', 'symlink_install': False, 'test_result_base': None}
[0.932s] Level 5:colcon.colcon_core.verb:set package 'aws_robomaker_small_house_world' build argument 'cmake_args' from command line to 'None'
[0.932s] Level 5:colcon.colcon_core.verb:set package 'aws_robomaker_small_house_world' build argument 'cmake_target' from command line to 'None'
[0.932s] Level 5:colcon.colcon_core.verb:set package 'aws_robomaker_small_house_world' build argument 'cmake_target_skip_unavailable' from command line to 'False'
[0.932s] Level 5:colcon.colcon_core.verb:set package 'aws_robomaker_small_house_world' build argument 'cmake_clean_cache' from command line to 'False'
[0.932s] Level 5:colcon.colcon_core.verb:set package 'aws_robomaker_small_house_world' build argument 'cmake_clean_first' from command line to 'False'
[0.932s] Level 5:colcon.colcon_core.verb:set package 'aws_robomaker_small_house_world' build argument 'cmake_force_configure' from command line to 'False'
[0.932s] Level 5:colcon.colcon_core.verb:set package 'aws_robomaker_small_house_world' build argument 'ament_cmake_args' from command line to 'None'
[0.932s] Level 5:colcon.colcon_core.verb:set package 'aws_robomaker_small_house_world' build argument 'catkin_cmake_args' from command line to 'None'
[0.932s] Level 5:colcon.colcon_core.verb:set package 'aws_robomaker_small_house_world' build argument 'catkin_skip_building_tests' from command line to 'False'
[0.932s] DEBUG:colcon.colcon_core.verb:Building package 'aws_robomaker_small_house_world' with the following arguments: {'ament_cmake_args': None, 'build_base': '/home/ashraful/HBRS/AMR/AMR_PROJECT/amr-team-bot/build/aws_robomaker_small_house_world', 'catkin_cmake_args': None, 'catkin_skip_building_tests': False, 'cmake_args': None, 'cmake_clean_cache': False, 'cmake_clean_first': False, 'cmake_force_configure': False, 'cmake_target': None, 'cmake_target_skip_unavailable': False, 'install_base': '/home/ashraful/HBRS/AMR/AMR_PROJECT/amr-team-bot/install/aws_robomaker_small_house_world', 'merge_install': False, 'path': '/home/ashraful/HBRS/AMR/AMR_PROJECT/amr-team-bot/src/aws-robomaker-small-house-world', 'symlink_install': False, 'test_result_base': None}
[0.932s] Level 5:colcon.colcon_core.verb:set package 'mcl_particle_filter' build argument 'cmake_args' from command line to 'None'
[0.933s] Level 5:colcon.colcon_core.verb:set package 'mcl_particle_filter' build argument 'cmake_target' from command line to 'None'
[0.933s] Level 5:colcon.colcon_core.verb:set package 'mcl_particle_filter' build argument 'cmake_target_skip_unavailable' from command line to 'False'
[0.933s] Level 5:colcon.colcon_core.verb:set package 'mcl_particle_filter' build argument 'cmake_clean_cache' from command line to 'False'
[0.933s] Level 5:colcon.colcon_core.verb:set package 'mcl_particle_filter' build argument 'cmake_clean_first' from command line to 'False'
[0.933s] Level 5:colcon.colcon_core.verb:set package 'mcl_particle_filter' build argument 'cmake_force_configure' from command line to 'False'
[0.933s] Level 5:colcon.colcon_core.verb:set package 'mcl_particle_filter' build argument 'ament_cmake_args' from command line to 'None'
[0.933s] Level 5:colcon.colcon_core.verb:set package 'mcl_particle_filter' build argument 'catkin_cmake_args' from command line to 'None'
[0.933s] Level 5:colcon.colcon_core.verb:set package 'mcl_particle_filter' build argument 'catkin_skip_building_tests' from command line to 'False'
[0.933s] DEBUG:colcon.colcon_core.verb:Building package 'mcl_particle_filter' with the following arguments: {'ament_cmake_args': None, 'build_base': '/home/ashraful/HBRS/AMR/AMR_PROJECT/amr-team-bot/build/mcl_particle_filter', 'catkin_cmake_args': None, 'catkin_skip_building_tests': False, 'cmake_args': None, 'cmake_clean_cache': False, 'cmake_clean_first': False, 'cmake_force_configure': False, 'cmake_target': None, 'cmake_target_skip_unavailable': False, 'install_base': '/home/ashraful/HBRS/AMR/AMR_PROJECT/amr-team-bot/install/mcl_particle_filter', 'merge_install': False, 'path': '/home/ashraful/HBRS/AMR/AMR_PROJECT/amr-team-bot/src/mcl_particle_filter', 'symlink_install': False, 'test_result_base': None}
[0.933s] Level 5:colcon.colcon_core.verb:set package 'my_explorer' build argument 'cmake_args' from command line to 'None'
[0.933s] Level 5:colcon.colcon_core.verb:set package 'my_explorer' build argument 'cmake_target' from command line to 'None'
[0.933s] Level 5:colcon.colcon_core.verb:set package 'my_explorer' build argument 'cmake_target_skip_unavailable' from command line to 'False'
[0.933s] Level 5:colcon.colcon_core.verb:set package 'my_explorer' build argument 'cmake_clean_cache' from command line to 'False'
[0.933s] Level 5:colcon.colcon_core.verb:set package 'my_explorer' build argument 'cmake_clean_first' from command line to 'False'
[0.934s] Level 5:colcon.colcon_core.verb:set package 'my_explorer' build argument 'cmake_force_configure' from command line to 'False'
[0.934s] Level 5:colcon.colcon_core.verb:set package 'my_explorer' build argument 'ament_cmake_args' from command line to 'None'
[0.934s] Level 5:colcon.colcon_core.verb:set package 'my_explorer' build argument 'catkin_cmake_args' from command line to 'None'
[0.934s] Level 5:colcon.colcon_core.verb:set package 'my_explorer' build argument 'catkin_skip_building_tests' from command line to 'False'
[0.934s] DEBUG:colcon.colcon_core.verb:Building package 'my_explorer' with the following arguments: {'ament_cmake_args': None, 'build_base': '/home/ashraful/HBRS/AMR/AMR_PROJECT/amr-team-bot/build/my_explorer', 'catkin_cmake_args': None, 'catkin_skip_building_tests': False, 'cmake_args': None, 'cmake_clean_cache': False, 'cmake_clean_first': False, 'cmake_force_configure': False, 'cmake_target': None, 'cmake_target_skip_unavailable': False, 'install_base': '/home/ashraful/HBRS/AMR/AMR_PROJECT/amr-team-bot/install/my_explorer', 'merge_install': False, 'path': '/home/ashraful/HBRS/AMR/AMR_PROJECT/amr-team-bot/src/my_explorer', 'symlink_install': False, 'test_result_base': None}
[0.934s] Level 5:colcon.colcon_core.verb:set package 'particle_localization' build argument 'cmake_args' from command line to 'None'
[0.934s] Level 5:colcon.colcon_core.verb:set package 'particle_localization' build argument 'cmake_target' from command line to 'None'
[0.934s] Level 5:colcon.colcon_core.verb:set package 'particle_localization' build argument 'cmake_target_skip_unavailable' from command line to 'False'
[0.934s] Level 5:colcon.colcon_core.verb:set package 'particle_localization' build argument 'cmake_clean_cache' from command line to 'False'
[0.934s] Level 5:colcon.colcon_core.verb:set package 'particle_localization' build argument 'cmake_clean_first' from command line to 'False'
[0.934s] Level 5:colcon.colcon_core.verb:set package 'particle_localization' build argument 'cmake_force_configure' from command line to 'False'
[0.934s] Level 5:colcon.colcon_core.verb:set package 'particle_localization' build argument 'ament_cmake_args' from command line to 'None'
[0.934s] Level 5:colcon.colcon_core.verb:set package 'particle_localization' build argument 'catkin_cmake_args' from command line to 'None'
[0.934s] Level 5:colcon.colcon_core.verb:set package 'particle_localization' build argument 'catkin_skip_building_tests' from command line to 'False'
[0.935s] DEBUG:colcon.colcon_core.verb:Building package 'particle_localization' with the following arguments: {'ament_cmake_args': None, 'build_base': '/home/ashraful/HBRS/AMR/AMR_PROJECT/amr-team-bot/build/particle_localization', 'catkin_cmake_args': None, 'catkin_skip_building_tests': False, 'cmake_args': None, 'cmake_clean_cache': False, 'cmake_clean_first': False, 'cmake_force_configure': False, 'cmake_target': None, 'cmake_target_skip_unavailable': False, 'install_base': '/home/ashraful/HBRS/AMR/AMR_PROJECT/amr-team-bot/install/particle_localization', 'merge_install': False, 'path': '/home/ashraful/HBRS/AMR/AMR_PROJECT/amr-team-bot/src/particle_localization', 'symlink_install': False, 'test_result_base': None}
[0.935s] Level 5:colcon.colcon_core.verb:set package 'potential' build argument 'cmake_args' from command line to 'None'
[0.935s] Level 5:colcon.colcon_core.verb:set package 'potential' build argument 'cmake_target' from command line to 'None'
[0.935s] Level 5:colcon.colcon_core.verb:set package 'potential' build argument 'cmake_target_skip_unavailable' from command line to 'False'
[0.935s] Level 5:colcon.colcon_core.verb:set package 'potential' build argument 'cmake_clean_cache' from command line to 'False'
[0.935s] Level 5:colcon.colcon_core.verb:set package 'potential' build argument 'cmake_clean_first' from command line to 'False'
[0.935s] Level 5:colcon.colcon_core.verb:set package 'potential' build argument 'cmake_force_configure' from command line to 'False'
[0.935s] Level 5:colcon.colcon_core.verb:set package 'potential' build argument 'ament_cmake_args' from command line to 'None'
[0.935s] Level 5:colcon.colcon_core.verb:set package 'potential' build argument 'catkin_cmake_args' from command line to 'None'
[0.935s] Level 5:colcon.colcon_core.verb:set package 'potential' build argument 'catkin_skip_building_tests' from command line to 'False'
[0.935s] DEBUG:colcon.colcon_core.verb:Building package 'potential' with the following arguments: {'ament_cmake_args': None, 'build_base': '/home/ashraful/HBRS/AMR/AMR_PROJECT/amr-team-bot/build/potential', 'catkin_cmake_args': None, 'catkin_skip_building_tests': False, 'cmake_args': None, 'cmake_clean_cache': False, 'cmake_clean_first': False, 'cmake_force_configure': False, 'cmake_target': None, 'cmake_target_skip_unavailable': False, 'install_base': '/home/ashraful/HBRS/AMR/AMR_PROJECT/amr-team-bot/install/potential', 'merge_install': False, 'path': '/home/ashraful/HBRS/AMR/AMR_PROJECT/amr-team-bot/src/potential', 'symlink_install': False, 'test_result_base': None}
[0.936s] Level 5:colcon.colcon_core.verb:set package 'robile_bringup' build argument 'cmake_args' from command line to 'None'
[0.936s] Level 5:colcon.colcon_core.verb:set package 'robile_bringup' build argument 'cmake_target' from command line to 'None'
[0.936s] Level 5:colcon.colcon_core.verb:set package 'robile_bringup' build argument 'cmake_target_skip_unavailable' from command line to 'False'
[0.936s] Level 5:colcon.colcon_core.verb:set package 'robile_bringup' build argument 'cmake_clean_cache' from command line to 'False'
[0.936s] Level 5:colcon.colcon_core.verb:set package 'robile_bringup' build argument 'cmake_clean_first' from command line to 'False'
[0.936s] Level 5:colcon.colcon_core.verb:set package 'robile_bringup' build argument 'cmake_force_configure' from command line to 'False'
[0.936s] Level 5:colcon.colcon_core.verb:set package 'robile_bringup' build argument 'ament_cmake_args' from command line to 'None'
[0.936s] Level 5:colcon.colcon_core.verb:set package 'robile_bringup' build argument 'catkin_cmake_args' from command line to 'None'
[0.936s] Level 5:colcon.colcon_core.verb:set package 'robile_bringup' build argument 'catkin_skip_building_tests' from command line to 'False'
[0.936s] DEBUG:colcon.colcon_core.verb:Building package 'robile_bringup' with the following arguments: {'ament_cmake_args': None, 'build_base': '/home/ashraful/HBRS/AMR/AMR_PROJECT/amr-team-bot/build/robile_bringup', 'catkin_cmake_args': None, 'catkin_skip_building_tests': False, 'cmake_args': None, 'cmake_clean_cache': False, 'cmake_clean_first': False, 'cmake_force_configure': False, 'cmake_target': None, 'cmake_target_skip_unavailable': False, 'install_base': '/home/ashraful/HBRS/AMR/AMR_PROJECT/amr-team-bot/install/robile_bringup', 'merge_install': False, 'path': '/home/ashraful/HBRS/AMR/AMR_PROJECT/amr-team-bot/src/Robile/robile_bringup', 'symlink_install': False, 'test_result_base': None}
[0.937s] Level 5:colcon.colcon_core.verb:set package 'robile_control_simple' build argument 'cmake_args' from command line to 'None'
[0.937s] Level 5:colcon.colcon_core.verb:set package 'robile_control_simple' build argument 'cmake_target' from command line to 'None'
[0.937s] Level 5:colcon.colcon_core.verb:set package 'robile_control_simple' build argument 'cmake_target_skip_unavailable' from command line to 'False'
[0.937s] Level 5:colcon.colcon_core.verb:set package 'robile_control_simple' build argument 'cmake_clean_cache' from command line to 'False'
[0.937s] Level 5:colcon.colcon_core.verb:set package 'robile_control_simple' build argument 'cmake_clean_first' from command line to 'False'
[0.937s] Level 5:colcon.colcon_core.verb:set package 'robile_control_simple' build argument 'cmake_force_configure' from command line to 'False'
[0.937s] Level 5:colcon.colcon_core.verb:set package 'robile_control_simple' build argument 'ament_cmake_args' from command line to 'None'
[0.937s] Level 5:colcon.colcon_core.verb:set package 'robile_control_simple' build argument 'catkin_cmake_args' from command line to 'None'
[0.937s] Level 5:colcon.colcon_core.verb:set package 'robile_control_simple' build argument 'catkin_skip_building_tests' from command line to 'False'
[0.937s] DEBUG:colcon.colcon_core.verb:Building package 'robile_control_simple' with the following arguments: {'ament_cmake_args': None, 'build_base': '/home/ashraful/HBRS/AMR/AMR_PROJECT/amr-team-bot/build/robile_control_simple', 'catkin_cmake_args': None, 'catkin_skip_building_tests': False, 'cmake_args': None, 'cmake_clean_cache': False, 'cmake_clean_first': False, 'cmake_force_configure': False, 'cmake_target': None, 'cmake_target_skip_unavailable': False, 'install_base': '/home/ashraful/HBRS/AMR/AMR_PROJECT/amr-team-bot/install/robile_control_simple', 'merge_install': False, 'path': '/home/ashraful/HBRS/AMR/AMR_PROJECT/amr-team-bot/src/Robile/robile_demos/robile_control_simple', 'symlink_install': False, 'test_result_base': None}
[0.937s] Level 5:colcon.colcon_core.verb:set package 'robile_description' build argument 'cmake_args' from command line to 'None'
[0.937s] Level 5:colcon.colcon_core.verb:set package 'robile_description' build argument 'cmake_target' from command line to 'None'
[0.937s] Level 5:colcon.colcon_core.verb:set package 'robile_description' build argument 'cmake_target_skip_unavailable' from command line to 'False'
[0.937s] Level 5:colcon.colcon_core.verb:set package 'robile_description' build argument 'cmake_clean_cache' from command line to 'False'
[0.938s] Level 5:colcon.colcon_core.verb:set package 'robile_description' build argument 'cmake_clean_first' from command line to 'False'
[0.938s] Level 5:colcon.colcon_core.verb:set package 'robile_description' build argument 'cmake_force_configure' from command line to 'False'
[0.938s] Level 5:colcon.colcon_core.verb:set package 'robile_description' build argument 'ament_cmake_args' from command line to 'None'
[0.938s] Level 5:colcon.colcon_core.verb:set package 'robile_description' build argument 'catkin_cmake_args' from command line to 'None'
[0.938s] Level 5:colcon.colcon_core.verb:set package 'robile_description' build argument 'catkin_skip_building_tests' from command line to 'False'
[0.938s] DEBUG:colcon.colcon_core.verb:Building package 'robile_description' with the following arguments: {'ament_cmake_args': None, 'build_base': '/home/ashraful/HBRS/AMR/AMR_PROJECT/amr-team-bot/build/robile_description', 'catkin_cmake_args': None, 'catkin_skip_building_tests': False, 'cmake_args': None, 'cmake_clean_cache': False, 'cmake_clean_first': False, 'cmake_force_configure': False, 'cmake_target': None, 'cmake_target_skip_unavailable': False, 'install_base': '/home/ashraful/HBRS/AMR/AMR_PROJECT/amr-team-bot/install/robile_description', 'merge_install': False, 'path': '/home/ashraful/HBRS/AMR/AMR_PROJECT/amr-team-bot/src/robile_description', 'symlink_install': False, 'test_result_base': None}
[0.938s] Level 5:colcon.colcon_core.verb:set package 'robile_interfaces' build argument 'cmake_args' from command line to 'None'
[0.938s] Level 5:colcon.colcon_core.verb:set package 'robile_interfaces' build argument 'cmake_target' from command line to 'None'
[0.938s] Level 5:colcon.colcon_core.verb:set package 'robile_interfaces' build argument 'cmake_target_skip_unavailable' from command line to 'False'
[0.938s] Level 5:colcon.colcon_core.verb:set package 'robile_interfaces' build argument 'cmake_clean_cache' from command line to 'False'
[0.938s] Level 5:colcon.colcon_core.verb:set package 'robile_interfaces' build argument 'cmake_clean_first' from command line to 'False'
[0.938s] Level 5:colcon.colcon_core.verb:set package 'robile_interfaces' build argument 'cmake_force_configure' from command line to 'False'
[0.938s] Level 5:colcon.colcon_core.verb:set package 'robile_interfaces' build argument 'ament_cmake_args' from command line to 'None'
[0.938s] Level 5:colcon.colcon_core.verb:set package 'robile_interfaces' build argument 'catkin_cmake_args' from command line to 'None'
[0.938s] Level 5:colcon.colcon_core.verb:set package 'robile_interfaces' build argument 'catkin_skip_building_tests' from command line to 'False'
[0.938s] DEBUG:colcon.colcon_core.verb:Building package 'robile_interfaces' with the following arguments: {'ament_cmake_args': None, 'build_base': '/home/ashraful/HBRS/AMR/AMR_PROJECT/amr-team-bot/build/robile_interfaces', 'catkin_cmake_args': None, 'catkin_skip_building_tests': False, 'cmake_args': None, 'cmake_clean_cache': False, 'cmake_clean_first': False, 'cmake_force_configure': False, 'cmake_target': None, 'cmake_target_skip_unavailable': False, 'install_base': '/home/ashraful/HBRS/AMR/AMR_PROJECT/amr-team-bot/install/robile_interfaces', 'merge_install': False, 'path': '/home/ashraful/HBRS/AMR/AMR_PROJECT/amr-team-bot/src/robile_interfaces', 'symlink_install': False, 'test_result_base': None}
[0.939s] Level 5:colcon.colcon_core.verb:set package 'robile_reach_goal' build argument 'cmake_args' from command line to 'None'
[0.939s] Level 5:colcon.colcon_core.verb:set package 'robile_reach_goal' build argument 'cmake_target' from command line to 'None'
[0.939s] Level 5:colcon.colcon_core.verb:set package 'robile_reach_goal' build argument 'cmake_target_skip_unavailable' from command line to 'False'
[0.939s] Level 5:colcon.colcon_core.verb:set package 'robile_reach_goal' build argument 'cmake_clean_cache' from command line to 'False'
[0.939s] Level 5:colcon.colcon_core.verb:set package 'robile_reach_goal' build argument 'cmake_clean_first' from command line to 'False'
[0.939s] Level 5:colcon.colcon_core.verb:set package 'robile_reach_goal' build argument 'cmake_force_configure' from command line to 'False'
[0.939s] Level 5:colcon.colcon_core.verb:set package 'robile_reach_goal' build argument 'ament_cmake_args' from command line to 'None'
[0.939s] Level 5:colcon.colcon_core.verb:set package 'robile_reach_goal' build argument 'catkin_cmake_args' from command line to 'None'
[0.939s] Level 5:colcon.colcon_core.verb:set package 'robile_reach_goal' build argument 'catkin_skip_building_tests' from command line to 'False'
[0.939s] DEBUG:colcon.colcon_core.verb:Building package 'robile_reach_goal' with the following arguments: {'ament_cmake_args': None, 'build_base': '/home/ashraful/HBRS/AMR/AMR_PROJECT/amr-team-bot/build/robile_reach_goal', 'catkin_cmake_args': None, 'catkin_skip_building_tests': False, 'cmake_args': None, 'cmake_clean_cache': False, 'cmake_clean_first': False, 'cmake_force_configure': False, 'cmake_target': None, 'cmake_target_skip_unavailable': False, 'install_base': '/home/ashraful/HBRS/AMR/AMR_PROJECT/amr-team-bot/install/robile_reach_goal', 'merge_install': False, 'path': '/home/ashraful/HBRS/AMR/AMR_PROJECT/amr-team-bot/src/Robile/robile_demos/robile_reach_goal', 'symlink_install': False, 'test_result_base': None}
[0.940s] Level 5:colcon.colcon_core.verb:set package 'wavefront' build argument 'cmake_args' from command line to 'None'
[0.940s] Level 5:colcon.colcon_core.verb:set package 'wavefront' build argument 'cmake_target' from command line to 'None'
[0.940s] Level 5:colcon.colcon_core.verb:set package 'wavefront' build argument 'cmake_target_skip_unavailable' from command line to 'False'
[0.940s] Level 5:colcon.colcon_core.verb:set package 'wavefront' build argument 'cmake_clean_cache' from command line to 'False'
[0.940s] Level 5:colcon.colcon_core.verb:set package 'wavefront' build argument 'cmake_clean_first' from command line to 'False'
[0.940s] Level 5:colcon.colcon_core.verb:set package 'wavefront' build argument 'cmake_force_configure' from command line to 'False'
[0.940s] Level 5:colcon.colcon_core.verb:set package 'wavefront' build argument 'ament_cmake_args' from command line to 'None'
[0.940s] Level 5:colcon.colcon_core.verb:set package 'wavefront' build argument 'catkin_cmake_args' from command line to 'None'
[0.940s] Level 5:colcon.colcon_core.verb:set package 'wavefront' build argument 'catkin_skip_building_tests' from command line to 'False'
[0.940s] DEBUG:colcon.colcon_core.verb:Building package 'wavefront' with the following arguments: {'ament_cmake_args': None, 'build_base': '/home/ashraful/HBRS/AMR/AMR_PROJECT/amr-team-bot/build/wavefront', 'catkin_cmake_args': None, 'catkin_skip_building_tests': False, 'cmake_args': None, 'cmake_clean_cache': False, 'cmake_clean_first': False, 'cmake_force_configure': False, 'cmake_target': None, 'cmake_target_skip_unavailable': False, 'install_base': '/home/ashraful/HBRS/AMR/AMR_PROJECT/amr-team-bot/install/wavefront', 'merge_install': False, 'path': '/home/ashraful/HBRS/AMR/AMR_PROJECT/amr-team-bot/src/wavefront', 'symlink_install': False, 'test_result_base': None}
[0.941s] Level 5:colcon.colcon_core.verb:set package 'robile_gazebo' build argument 'cmake_args' from command line to 'None'
[0.941s] Level 5:colcon.colcon_core.verb:set package 'robile_gazebo' build argument 'cmake_target' from command line to 'None'
[0.941s] Level 5:colcon.colcon_core.verb:set package 'robile_gazebo' build argument 'cmake_target_skip_unavailable' from command line to 'False'
[0.941s] Level 5:colcon.colcon_core.verb:set package 'robile_gazebo' build argument 'cmake_clean_cache' from command line to 'False'
[0.941s] Level 5:colcon.colcon_core.verb:set package 'robile_gazebo' build argument 'cmake_clean_first' from command line to 'False'
[0.941s] Level 5:colcon.colcon_core.verb:set package 'robile_gazebo' build argument 'cmake_force_configure' from command line to 'False'
[0.941s] Level 5:colcon.colcon_core.verb:set package 'robile_gazebo' build argument 'ament_cmake_args' from command line to 'None'
[0.941s] Level 5:colcon.colcon_core.verb:set package 'robile_gazebo' build argument 'catkin_cmake_args' from command line to 'None'
[0.941s] Level 5:colcon.colcon_core.verb:set package 'robile_gazebo' build argument 'catkin_skip_building_tests' from command line to 'False'
[0.941s] DEBUG:colcon.colcon_core.verb:Building package 'robile_gazebo' with the following arguments: {'ament_cmake_args': None, 'build_base': '/home/ashraful/HBRS/AMR/AMR_PROJECT/amr-team-bot/build/robile_gazebo', 'catkin_cmake_args': None, 'catkin_skip_building_tests': False, 'cmake_args': None, 'cmake_clean_cache': False, 'cmake_clean_first': False, 'cmake_force_configure': False, 'cmake_target': None, 'cmake_target_skip_unavailable': False, 'install_base': '/home/ashraful/HBRS/AMR/AMR_PROJECT/amr-team-bot/install/robile_gazebo', 'merge_install': False, 'path': '/home/ashraful/HBRS/AMR/AMR_PROJECT/amr-team-bot/src/robile_gazebo', 'symlink_install': False, 'test_result_base': None}
[0.941s] Level 5:colcon.colcon_core.verb:set package 'robile_navigation' build argument 'cmake_args' from command line to 'None'
[0.941s] Level 5:colcon.colcon_core.verb:set package 'robile_navigation' build argument 'cmake_target' from command line to 'None'
[0.941s] Level 5:colcon.colcon_core.verb:set package 'robile_navigation' build argument 'cmake_target_skip_unavailable' from command line to 'False'
[0.942s] Level 5:colcon.colcon_core.verb:set package 'robile_navigation' build argument 'cmake_clean_cache' from command line to 'False'
[0.942s] Level 5:colcon.colcon_core.verb:set package 'robile_navigation' build argument 'cmake_clean_first' from command line to 'False'
[0.942s] Level 5:colcon.colcon_core.verb:set package 'robile_navigation' build argument 'cmake_force_configure' from command line to 'False'
[0.942s] Level 5:colcon.colcon_core.verb:set package 'robile_navigation' build argument 'ament_cmake_args' from command line to 'None'
[0.942s] Level 5:colcon.colcon_core.verb:set package 'robile_navigation' build argument 'catkin_cmake_args' from command line to 'None'
[0.942s] Level 5:colcon.colcon_core.verb:set package 'robile_navigation' build argument 'catkin_skip_building_tests' from command line to 'False'
[0.942s] DEBUG:colcon.colcon_core.verb:Building package 'robile_navigation' with the following arguments: {'ament_cmake_args': None, 'build_base': '/home/ashraful/HBRS/AMR/AMR_PROJECT/amr-team-bot/build/robile_navigation', 'catkin_cmake_args': None, 'catkin_skip_building_tests': False, 'cmake_args': None, 'cmake_clean_cache': False, 'cmake_clean_first': False, 'cmake_force_configure': False, 'cmake_target': None, 'cmake_target_skip_unavailable': False, 'install_base': '/home/ashraful/HBRS/AMR/AMR_PROJECT/amr-team-bot/install/robile_navigation', 'merge_install': False, 'path': '/home/ashraful/HBRS/AMR/AMR_PROJECT/amr-team-bot/src/robile_navigation', 'symlink_install': False, 'test_result_base': None}
[0.942s] INFO:colcon.colcon_core.executor:Executing jobs using 'parallel' executor
[0.944s] DEBUG:colcon.colcon_parallel_executor.executor.parallel:run_until_complete
[0.944s] INFO:colcon.colcon_ros.task.ament_cmake.build:Building ROS package in '/home/ashraful/HBRS/AMR/AMR_PROJECT/amr-team-bot/src/robile_description' with build type 'ament_cmake'
[0.945s] INFO:colcon.colcon_cmake.task.cmake.build:Building CMake package in '/home/ashraful/HBRS/AMR/AMR_PROJECT/amr-team-bot/src/robile_description'
[0.949s] INFO:colcon.colcon_core.plugin_system:Skipping extension 'colcon_core.shell.bat': Not used on non-Windows systems
[0.949s] INFO:colcon.colcon_core.shell:Skip shell extension 'powershell' for command environment: Not usable outside of PowerShell
[0.949s] DEBUG:colcon.colcon_core.shell:Skip shell extension 'dsv' for command environment
[0.959s] INFO:colcon.colcon_ros.task.ament_cmake.build:Building ROS package in '/home/ashraful/HBRS/AMR/AMR_PROJECT/amr-team-bot/src/robile_interfaces' with build type 'ament_cmake'
[0.959s] INFO:colcon.colcon_cmake.task.cmake.build:Building CMake package in '/home/ashraful/HBRS/AMR/AMR_PROJECT/amr-team-bot/src/robile_interfaces'
[0.960s] INFO:colcon.colcon_core.shell:Skip shell extension 'powershell' for command environment: Not usable outside of PowerShell
[0.960s] DEBUG:colcon.colcon_core.shell:Skip shell extension 'dsv' for command environment
[0.968s] INFO:colcon.colcon_ros.task.ament_python.build:Building ROS package in '/home/ashraful/HBRS/AMR/AMR_PROJECT/amr-team-bot/src/amr_localization' with build type 'ament_python'
[0.969s] Level 1:colcon.colcon_core.shell:create_environment_hook('amr_localization', 'ament_prefix_path')
[0.969s] INFO:colcon.colcon_core.shell:Creating environment hook '/home/ashraful/HBRS/AMR/AMR_PROJECT/amr-team-bot/install/amr_localization/share/amr_localization/hook/ament_prefix_path.ps1'
[0.971s] INFO:colcon.colcon_core.shell:Creating environment descriptor '/home/ashraful/HBRS/AMR/AMR_PROJECT/amr-team-bot/install/amr_localization/share/amr_localization/hook/ament_prefix_path.dsv'
[0.971s] INFO:colcon.colcon_core.shell:Creating environment hook '/home/ashraful/HBRS/AMR/AMR_PROJECT/amr-team-bot/install/amr_localization/share/amr_localization/hook/ament_prefix_path.sh'
[0.973s] INFO:colcon.colcon_core.shell:Skip shell extension 'powershell' for command environment: Not usable outside of PowerShell
[0.973s] DEBUG:colcon.colcon_core.shell:Skip shell extension 'dsv' for command environment
[0.981s] INFO:colcon.colcon_ros.task.ament_cmake.build:Building ROS package in '/home/ashraful/HBRS/AMR/AMR_PROJECT/amr-team-bot/src/aws-robomaker-small-house-world' with build type 'ament_cmake'
[0.981s] INFO:colcon.colcon_cmake.task.cmake.build:Building CMake package in '/home/ashraful/HBRS/AMR/AMR_PROJECT/amr-team-bot/src/aws-robomaker-small-house-world'
[0.982s] INFO:colcon.colcon_core.shell:Skip shell extension 'powershell' for command environment: Not usable outside of PowerShell
[0.982s] DEBUG:colcon.colcon_core.shell:Skip shell extension 'dsv' for command environment
[0.990s] INFO:colcon.colcon_ros.task.ament_python.build:Building ROS package in '/home/ashraful/HBRS/AMR/AMR_PROJECT/amr-team-bot/src/mcl_particle_filter' with build type 'ament_python'
[0.990s] Level 1:colcon.colcon_core.shell:create_environment_hook('mcl_particle_filter', 'ament_prefix_path')
[0.991s] INFO:colcon.colcon_core.shell:Creating environment hook '/home/ashraful/HBRS/AMR/AMR_PROJECT/amr-team-bot/install/mcl_particle_filter/share/mcl_particle_filter/hook/ament_prefix_path.ps1'
[0.992s] INFO:colcon.colcon_core.shell:Creating environment descriptor '/home/ashraful/HBRS/AMR/AMR_PROJECT/amr-team-bot/install/mcl_particle_filter/share/mcl_particle_filter/hook/ament_prefix_path.dsv'
[0.992s] INFO:colcon.colcon_core.shell:Creating environment hook '/home/ashraful/HBRS/AMR/AMR_PROJECT/amr-team-bot/install/mcl_particle_filter/share/mcl_particle_filter/hook/ament_prefix_path.sh'
[0.993s] INFO:colcon.colcon_core.shell:Skip shell extension 'powershell' for command environment: Not usable outside of PowerShell
[0.993s] DEBUG:colcon.colcon_core.shell:Skip shell extension 'dsv' for command environment
[1.000s] INFO:colcon.colcon_ros.task.ament_python.build:Building ROS package in '/home/ashraful/HBRS/AMR/AMR_PROJECT/amr-team-bot/src/my_explorer' with build type 'ament_python'
[1.001s] Level 1:colcon.colcon_core.shell:create_environment_hook('my_explorer', 'ament_prefix_path')
[1.001s] INFO:colcon.colcon_core.shell:Creating environment hook '/home/ashraful/HBRS/AMR/AMR_PROJECT/amr-team-bot/install/my_explorer/share/my_explorer/hook/ament_prefix_path.ps1'
[1.002s] INFO:colcon.colcon_core.shell:Creating environment descriptor '/home/ashraful/HBRS/AMR/AMR_PROJECT/amr-team-bot/install/my_explorer/share/my_explorer/hook/ament_prefix_path.dsv'
[1.002s] INFO:colcon.colcon_core.shell:Creating environment hook '/home/ashraful/HBRS/AMR/AMR_PROJECT/amr-team-bot/install/my_explorer/share/my_explorer/hook/ament_prefix_path.sh'
[1.004s] INFO:colcon.colcon_core.shell:Skip shell extension 'powershell' for command environment: Not usable outside of PowerShell
[1.004s] DEBUG:colcon.colcon_core.shell:Skip shell extension 'dsv' for command environment
[1.013s] INFO:colcon.colcon_ros.task.ament_python.build:Building ROS package in '/home/ashraful/HBRS/AMR/AMR_PROJECT/amr-team-bot/src/particle_localization' with build type 'ament_python'
[1.014s] Level 1:colcon.colcon_core.shell:create_environment_hook('particle_localization', 'ament_prefix_path')
[1.014s] INFO:colcon.colcon_core.shell:Creating environment hook '/home/ashraful/HBRS/AMR/AMR_PROJECT/amr-team-bot/install/particle_localization/share/particle_localization/hook/ament_prefix_path.ps1'
[1.016s] INFO:colcon.colcon_core.shell:Creating environment descriptor '/home/ashraful/HBRS/AMR/AMR_PROJECT/amr-team-bot/install/particle_localization/share/particle_localization/hook/ament_prefix_path.dsv'
[1.016s] INFO:colcon.colcon_core.shell:Creating environment hook '/home/ashraful/HBRS/AMR/AMR_PROJECT/amr-team-bot/install/particle_localization/share/particle_localization/hook/ament_prefix_path.sh'
[1.017s] INFO:colcon.colcon_core.shell:Skip shell extension 'powershell' for command environment: Not usable outside of PowerShell
[1.018s] DEBUG:colcon.colcon_core.shell:Skip shell extension 'dsv' for command environment
[1.025s] INFO:colcon.colcon_ros.task.ament_python.build:Building ROS package in '/home/ashraful/HBRS/AMR/AMR_PROJECT/amr-team-bot/src/potential' with build type 'ament_python'
[1.025s] Level 1:colcon.colcon_core.shell:create_environment_hook('potential', 'ament_prefix_path')
[1.025s] INFO:colcon.colcon_core.shell:Creating environment hook '/home/ashraful/HBRS/AMR/AMR_PROJECT/amr-team-bot/install/potential/share/potential/hook/ament_prefix_path.ps1'
[1.026s] INFO:colcon.colcon_core.shell:Creating environment descriptor '/home/ashraful/HBRS/AMR/AMR_PROJECT/amr-team-bot/install/potential/share/potential/hook/ament_prefix_path.dsv'
[1.027s] INFO:colcon.colcon_core.shell:Creating environment hook '/home/ashraful/HBRS/AMR/AMR_PROJECT/amr-team-bot/install/potential/share/potential/hook/ament_prefix_path.sh'
[1.028s] INFO:colcon.colcon_core.shell:Skip shell extension 'powershell' for command environment: Not usable outside of PowerShell
[1.028s] DEBUG:colcon.colcon_core.shell:Skip shell extension 'dsv' for command environment
[1.051s] DEBUG:colcon.colcon_core.event_handler.log_command:Invoking command in '/home/ashraful/HBRS/AMR/AMR_PROJECT/amr-team-bot/build/robile_description': CMAKE_PREFIX_PATH=${CMAKE_PREFIX_PATH}:/home/ashraful/HBRS/AMR/AMR_PROJECT/amr-team-bot/install/wavefront:/home/ashraful/HBRS/AMR/AMR_PROJECT/amr-team-bot/install/robile_reach_goal:/home/ashraful/HBRS/AMR/AMR_PROJECT/amr-team-bot/install/robile_control_simple:/home/ashraful/HBRS/AMR/AMR_PROJECT/amr-team-bot/install/robile_bringup:/home/ashraful/HBRS/AMR/AMR_PROJECT/amr-team-bot/install/potential:/home/ashraful/HBRS/AMR/AMR_PROJECT/amr-team-bot/install/particle_localization:/home/ashraful/HBRS/AMR/AMR_PROJECT/amr-team-bot/install/my_explorer:/home/ashraful/HBRS/AMR/AMR_PROJECT/amr-team-bot/install/mcl_particle_filter:/home/ashraful/HBRS/AMR/AMR_PROJECT/amr-team-bot/install/amr_localization:/opt/ros/humble /usr/bin/cmake --build /home/ashraful/HBRS/AMR/AMR_PROJECT/amr-team-bot/build/robile_description -- -j8 -l8
[1.058s] DEBUG:colcon.colcon_core.event_handler.log_command:Invoking command in '/home/ashraful/HBRS/AMR/AMR_PROJECT/amr-team-bot/build/robile_interfaces': CMAKE_PREFIX_PATH=${CMAKE_PREFIX_PATH}:/home/ashraful/HBRS/AMR/AMR_PROJECT/amr-team-bot/install/wavefront:/home/ashraful/HBRS/AMR/AMR_PROJECT/amr-team-bot/install/robile_reach_goal:/home/ashraful/HBRS/AMR/AMR_PROJECT/amr-team-bot/install/robile_control_simple:/home/ashraful/HBRS/AMR/AMR_PROJECT/amr-team-bot/install/robile_bringup:/home/ashraful/HBRS/AMR/AMR_PROJECT/amr-team-bot/install/potential:/home/ashraful/HBRS/AMR/AMR_PROJECT/amr-team-bot/install/particle_localization:/home/ashraful/HBRS/AMR/AMR_PROJECT/amr-team-bot/install/my_explorer:/home/ashraful/HBRS/AMR/AMR_PROJECT/amr-team-bot/install/mcl_particle_filter:/home/ashraful/HBRS/AMR/AMR_PROJECT/amr-team-bot/install/amr_localization:/opt/ros/humble /usr/bin/cmake --build /home/ashraful/HBRS/AMR/AMR_PROJECT/amr-team-bot/build/robile_interfaces -- -j8 -l8
[1.711s] INFO:colcon.colcon_core.task.python.build:Building Python package in '/home/ashraful/HBRS/AMR/AMR_PROJECT/amr-team-bot/src/amr_localization'
[1.711s] INFO:colcon.colcon_core.shell:Skip shell extension 'powershell' for command environment: Not usable outside of PowerShell
[1.711s] DEBUG:colcon.colcon_core.shell:Skip shell extension 'dsv' for command environment
[1.725s] DEBUG:colcon.colcon_core.event_handler.log_command:Invoking command in '/home/ashraful/HBRS/AMR/AMR_PROJECT/amr-team-bot/build/aws_robomaker_small_house_world': CMAKE_PREFIX_PATH=${CMAKE_PREFIX_PATH}:/home/ashraful/HBRS/AMR/AMR_PROJECT/amr-team-bot/install/wavefront:/home/ashraful/HBRS/AMR/AMR_PROJECT/amr-team-bot/install/robile_reach_goal:/home/ashraful/HBRS/AMR/AMR_PROJECT/amr-team-bot/install/robile_control_simple:/home/ashraful/HBRS/AMR/AMR_PROJECT/amr-team-bot/install/robile_bringup:/home/ashraful/HBRS/AMR/AMR_PROJECT/amr-team-bot/install/potential:/home/ashraful/HBRS/AMR/AMR_PROJECT/amr-team-bot/install/particle_localization:/home/ashraful/HBRS/AMR/AMR_PROJECT/amr-team-bot/install/my_explorer:/home/ashraful/HBRS/AMR/AMR_PROJECT/amr-team-bot/install/mcl_particle_filter:/home/ashraful/HBRS/AMR/AMR_PROJECT/amr-team-bot/install/amr_localization:/opt/ros/humble /usr/bin/cmake --build /home/ashraful/HBRS/AMR/AMR_PROJECT/amr-team-bot/build/aws_robomaker_small_house_world -- -j8 -l8
[2.303s] INFO:colcon.colcon_core.task.python.build:Building Python package in '/home/ashraful/HBRS/AMR/AMR_PROJECT/amr-team-bot/src/mcl_particle_filter'
[2.303s] INFO:colcon.colcon_core.shell:Skip shell extension 'powershell' for command environment: Not usable outside of PowerShell
[2.303s] DEBUG:colcon.colcon_core.shell:Skip shell extension 'dsv' for command environment
[2.894s] INFO:colcon.colcon_core.task.python.build:Building Python package in '/home/ashraful/HBRS/AMR/AMR_PROJECT/amr-team-bot/src/my_explorer'
[2.895s] INFO:colcon.colcon_core.shell:Skip shell extension 'powershell' for command environment: Not usable outside of PowerShell
[2.895s] DEBUG:colcon.colcon_core.shell:Skip shell extension 'dsv' for command environment
[3.547s] INFO:colcon.colcon_core.task.python.build:Building Python package in '/home/ashraful/HBRS/AMR/AMR_PROJECT/amr-team-bot/src/particle_localization'
[3.548s] INFO:colcon.colcon_core.shell:Skip shell extension 'powershell' for command environment: Not usable outside of PowerShell
[3.548s] DEBUG:colcon.colcon_core.shell:Skip shell extension 'dsv' for command environment
[4.128s] INFO:colcon.colcon_core.task.python.build:Building Python package in '/home/ashraful/HBRS/AMR/AMR_PROJECT/amr-team-bot/src/potential'
[4.129s] INFO:colcon.colcon_core.shell:Skip shell extension 'powershell' for command environment: Not usable outside of PowerShell
[4.129s] DEBUG:colcon.colcon_core.shell:Skip shell extension 'dsv' for command environment
[4.151s] DEBUG:colcon.colcon_core.event_handler.log_command:Invoked command in '/home/ashraful/HBRS/AMR/AMR_PROJECT/amr-team-bot/build/robile_description' returned '0': CMAKE_PREFIX_PATH=${CMAKE_PREFIX_PATH}:/home/ashraful/HBRS/AMR/AMR_PROJECT/amr-team-bot/install/wavefront:/home/ashraful/HBRS/AMR/AMR_PROJECT/amr-team-bot/install/robile_reach_goal:/home/ashraful/HBRS/AMR/AMR_PROJECT/amr-team-bot/install/robile_control_simple:/home/ashraful/HBRS/AMR/AMR_PROJECT/amr-team-bot/install/robile_bringup:/home/ashraful/HBRS/AMR/AMR_PROJECT/amr-team-bot/install/potential:/home/ashraful/HBRS/AMR/AMR_PROJECT/amr-team-bot/install/particle_localization:/home/ashraful/HBRS/AMR/AMR_PROJECT/amr-team-bot/install/my_explorer:/home/ashraful/HBRS/AMR/AMR_PROJECT/amr-team-bot/install/mcl_particle_filter:/home/ashraful/HBRS/AMR/AMR_PROJECT/amr-team-bot/install/amr_localization:/opt/ros/humble /usr/bin/cmake --build /home/ashraful/HBRS/AMR/AMR_PROJECT/amr-team-bot/build/robile_description -- -j8 -l8
[4.169s] DEBUG:colcon.colcon_core.event_handler.log_command:Invoking command in '/home/ashraful/HBRS/AMR/AMR_PROJECT/amr-team-bot/build/robile_description': CMAKE_PREFIX_PATH=${CMAKE_PREFIX_PATH}:/home/ashraful/HBRS/AMR/AMR_PROJECT/amr-team-bot/install/wavefront:/home/ashraful/HBRS/AMR/AMR_PROJECT/amr-team-bot/install/robile_reach_goal:/home/ashraful/HBRS/AMR/AMR_PROJECT/amr-team-bot/install/robile_control_simple:/home/ashraful/HBRS/AMR/AMR_PROJECT/amr-team-bot/install/robile_bringup:/home/ashraful/HBRS/AMR/AMR_PROJECT/amr-team-bot/install/potential:/home/ashraful/HBRS/AMR/AMR_PROJECT/amr-team-bot/install/particle_localization:/home/ashraful/HBRS/AMR/AMR_PROJECT/amr-team-bot/install/my_explorer:/home/ashraful/HBRS/AMR/AMR_PROJECT/amr-team-bot/install/mcl_particle_filter:/home/ashraful/HBRS/AMR/AMR_PROJECT/amr-team-bot/install/amr_localization:/opt/ros/humble /usr/bin/cmake --install /home/ashraful/HBRS/AMR/AMR_PROJECT/amr-team-bot/build/robile_description
[4.171s] DEBUG:colcon.colcon_core.event_handler.log_command:Invoked command in '/home/ashraful/HBRS/AMR/AMR_PROJECT/amr-team-bot/build/robile_interfaces' returned '0': CMAKE_PREFIX_PATH=${CMAKE_PREFIX_PATH}:/home/ashraful/HBRS/AMR/AMR_PROJECT/amr-team-bot/install/wavefront:/home/ashraful/HBRS/AMR/AMR_PROJECT/amr-team-bot/install/robile_reach_goal:/home/ashraful/HBRS/AMR/AMR_PROJECT/amr-team-bot/install/robile_control_simple:/home/ashraful/HBRS/AMR/AMR_PROJECT/amr-team-bot/install/robile_bringup:/home/ashraful/HBRS/AMR/AMR_PROJECT/amr-team-bot/install/potential:/home/ashraful/HBRS/AMR/AMR_PROJECT/amr-team-bot/install/particle_localization:/home/ashraful/HBRS/AMR/AMR_PROJECT/amr-team-bot/install/my_explorer:/home/ashraful/HBRS/AMR/AMR_PROJECT/amr-team-bot/install/mcl_particle_filter:/home/ashraful/HBRS/AMR/AMR_PROJECT/amr-team-bot/install/amr_localization:/opt/ros/humble /usr/bin/cmake --build /home/ashraful/HBRS/AMR/AMR_PROJECT/amr-team-bot/build/robile_interfaces -- -j8 -l8
[4.175s] DEBUG:colcon.colcon_core.event_handler.log_command:Invoking command in '/home/ashraful/HBRS/AMR/AMR_PROJECT/amr-team-bot/build/robile_interfaces': CMAKE_PREFIX_PATH=${CMAKE_PREFIX_PATH}:/home/ashraful/HBRS/AMR/AMR_PROJECT/amr-team-bot/install/wavefront:/home/ashraful/HBRS/AMR/AMR_PROJECT/amr-team-bot/install/robile_reach_goal:/home/ashraful/HBRS/AMR/AMR_PROJECT/amr-team-bot/install/robile_control_simple:/home/ashraful/HBRS/AMR/AMR_PROJECT/amr-team-bot/install/robile_bringup:/home/ashraful/HBRS/AMR/AMR_PROJECT/amr-team-bot/install/potential:/home/ashraful/HBRS/AMR/AMR_PROJECT/amr-team-bot/install/particle_localization:/home/ashraful/HBRS/AMR/AMR_PROJECT/amr-team-bot/install/my_explorer:/home/ashraful/HBRS/AMR/AMR_PROJECT/amr-team-bot/install/mcl_particle_filter:/home/ashraful/HBRS/AMR/AMR_PROJECT/amr-team-bot/install/amr_localization:/opt/ros/humble /usr/bin/cmake --install /home/ashraful/HBRS/AMR/AMR_PROJECT/amr-team-bot/build/robile_interfaces
[4.176s] DEBUG:colcon.colcon_core.event_handler.log_command:Invoked command in '/home/ashraful/HBRS/AMR/AMR_PROJECT/amr-team-bot/build/aws_robomaker_small_house_world' returned '0': CMAKE_PREFIX_PATH=${CMAKE_PREFIX_PATH}:/home/ashraful/HBRS/AMR/AMR_PROJECT/amr-team-bot/install/wavefront:/home/ashraful/HBRS/AMR/AMR_PROJECT/amr-team-bot/install/robile_reach_goal:/home/ashraful/HBRS/AMR/AMR_PROJECT/amr-team-bot/install/robile_control_simple:/home/ashraful/HBRS/AMR/AMR_PROJECT/amr-team-bot/install/robile_bringup:/home/ashraful/HBRS/AMR/AMR_PROJECT/amr-team-bot/install/potential:/home/ashraful/HBRS/AMR/AMR_PROJECT/amr-team-bot/install/particle_localization:/home/ashraful/HBRS/AMR/AMR_PROJECT/amr-team-bot/install/my_explorer:/home/ashraful/HBRS/AMR/AMR_PROJECT/amr-team-bot/install/mcl_particle_filter:/home/ashraful/HBRS/AMR/AMR_PROJECT/amr-team-bot/install/amr_localization:/opt/ros/humble /usr/bin/cmake --build /home/ashraful/HBRS/AMR/AMR_PROJECT/amr-team-bot/build/aws_robomaker_small_house_world -- -j8 -l8
[4.179s] DEBUG:colcon.colcon_core.event_handler.log_command:Invoking command in '/home/ashraful/HBRS/AMR/AMR_PROJECT/amr-team-bot/build/aws_robomaker_small_house_world': CMAKE_PREFIX_PATH=${CMAKE_PREFIX_PATH}:/home/ashraful/HBRS/AMR/AMR_PROJECT/amr-team-bot/install/wavefront:/home/ashraful/HBRS/AMR/AMR_PROJECT/amr-team-bot/install/robile_reach_goal:/home/ashraful/HBRS/AMR/AMR_PROJECT/amr-team-bot/install/robile_control_simple:/home/ashraful/HBRS/AMR/AMR_PROJECT/amr-team-bot/install/robile_bringup:/home/ashraful/HBRS/AMR/AMR_PROJECT/amr-team-bot/install/potential:/home/ashraful/HBRS/AMR/AMR_PROJECT/amr-team-bot/install/particle_localization:/home/ashraful/HBRS/AMR/AMR_PROJECT/amr-team-bot/install/my_explorer:/home/ashraful/HBRS/AMR/AMR_PROJECT/amr-team-bot/install/mcl_particle_filter:/home/ashraful/HBRS/AMR/AMR_PROJECT/amr-team-bot/install/amr_localization:/opt/ros/humble /usr/bin/cmake --install /home/ashraful/HBRS/AMR/AMR_PROJECT/amr-team-bot/build/aws_robomaker_small_house_world
[4.261s] Level 1:colcon.colcon_core.environment:create_environment_scripts_only(robile_description)
[4.304s] Level 1:colcon.colcon_core.environment:checking '/home/ashraful/HBRS/AMR/AMR_PROJECT/amr-team-bot/install/robile_description' for CMake module files
[4.309s] Level 1:colcon.colcon_core.environment:checking '/home/ashraful/HBRS/AMR/AMR_PROJECT/amr-team-bot/install/robile_description' for CMake config files
[4.316s] Level 1:colcon.colcon_core.shell:create_environment_hook('robile_description', 'cmake_prefix_path')
[4.316s] INFO:colcon.colcon_core.shell:Creating environment hook '/home/ashraful/HBRS/AMR/AMR_PROJECT/amr-team-bot/install/robile_description/share/robile_description/hook/cmake_prefix_path.ps1'
[4.318s] INFO:colcon.colcon_core.shell:Creating environment descriptor '/home/ashraful/HBRS/AMR/AMR_PROJECT/amr-team-bot/install/robile_description/share/robile_description/hook/cmake_prefix_path.dsv'
[4.320s] INFO:colcon.colcon_core.shell:Creating environment hook '/home/ashraful/HBRS/AMR/AMR_PROJECT/amr-team-bot/install/robile_description/share/robile_description/hook/cmake_prefix_path.sh'
[4.325s] Level 1:colcon.colcon_core.environment:checking '/home/ashraful/HBRS/AMR/AMR_PROJECT/amr-team-bot/install/robile_description/bin'
[4.325s] Level 1:colcon.colcon_core.environment:checking '/home/ashraful/HBRS/AMR/AMR_PROJECT/amr-team-bot/install/robile_description/lib/pkgconfig/robile_description.pc'
[4.326s] Level 1:colcon.colcon_core.environment:checking '/home/ashraful/HBRS/AMR/AMR_PROJECT/amr-team-bot/install/robile_description/lib/python3.10/site-packages'
[4.327s] Level 1:colcon.colcon_core.environment:checking '/home/ashraful/HBRS/AMR/AMR_PROJECT/amr-team-bot/install/robile_description/bin'
[4.330s] INFO:colcon.colcon_core.shell:Creating package script '/home/ashraful/HBRS/AMR/AMR_PROJECT/amr-team-bot/install/robile_description/share/robile_description/package.ps1'
[4.344s] INFO:colcon.colcon_core.shell:Creating package descriptor '/home/ashraful/HBRS/AMR/AMR_PROJECT/amr-team-bot/install/robile_description/share/robile_description/package.dsv'
[4.348s] INFO:colcon.colcon_core.shell:Creating package script '/home/ashraful/HBRS/AMR/AMR_PROJECT/amr-team-bot/install/robile_description/share/robile_description/package.sh'
[4.346s] DEBUG:colcon.colcon_core.event_handler.log_command:Invoked command in '/home/ashraful/HBRS/AMR/AMR_PROJECT/amr-team-bot/build/robile_description' returned '0': CMAKE_PREFIX_PATH=${CMAKE_PREFIX_PATH}:/home/ashraful/HBRS/AMR/AMR_PROJECT/amr-team-bot/install/wavefront:/home/ashraful/HBRS/AMR/AMR_PROJECT/amr-team-bot/install/robile_reach_goal:/home/ashraful/HBRS/AMR/AMR_PROJECT/amr-team-bot/install/robile_control_simple:/home/ashraful/HBRS/AMR/AMR_PROJECT/amr-team-bot/install/robile_bringup:/home/ashraful/HBRS/AMR/AMR_PROJECT/amr-team-bot/install/potential:/home/ashraful/HBRS/AMR/AMR_PROJECT/amr-team-bot/install/particle_localization:/home/ashraful/HBRS/AMR/AMR_PROJECT/amr-team-bot/install/my_explorer:/home/ashraful/HBRS/AMR/AMR_PROJECT/amr-team-bot/install/mcl_particle_filter:/home/ashraful/HBRS/AMR/AMR_PROJECT/amr-team-bot/install/amr_localization:/opt/ros/humble /usr/bin/cmake --install /home/ashraful/HBRS/AMR/AMR_PROJECT/amr-team-bot/build/robile_description
[4.356s] INFO:colcon.colcon_core.shell:Creating package script '/home/ashraful/HBRS/AMR/AMR_PROJECT/amr-team-bot/install/robile_description/share/robile_description/package.bash'
[4.360s] INFO:colcon.colcon_core.shell:Creating package script '/home/ashraful/HBRS/AMR/AMR_PROJECT/amr-team-bot/install/robile_description/share/robile_description/package.zsh'
[4.371s] Level 1:colcon.colcon_core.environment:create_file_with_runtime_dependencies(/home/ashraful/HBRS/AMR/AMR_PROJECT/amr-team-bot/install/robile_description/share/colcon-core/packages/robile_description)
[4.379s] Level 1:colcon.colcon_core.environment:create_environment_scripts_only(robile_description)
[4.380s] Level 1:colcon.colcon_core.environment:checking '/home/ashraful/HBRS/AMR/AMR_PROJECT/amr-team-bot/install/robile_description' for CMake module files
[4.392s] Level 1:colcon.colcon_core.environment:checking '/home/ashraful/HBRS/AMR/AMR_PROJECT/amr-team-bot/install/robile_description' for CMake config files
[4.394s] Level 1:colcon.colcon_core.shell:create_environment_hook('robile_description', 'cmake_prefix_path')
[4.397s] INFO:colcon.colcon_core.shell:Creating environment hook '/home/ashraful/HBRS/AMR/AMR_PROJECT/amr-team-bot/install/robile_description/share/robile_description/hook/cmake_prefix_path.ps1'
[4.403s] INFO:colcon.colcon_core.shell:Creating environment descriptor '/home/ashraful/HBRS/AMR/AMR_PROJECT/amr-team-bot/install/robile_description/share/robile_description/hook/cmake_prefix_path.dsv'
[4.406s] INFO:colcon.colcon_core.shell:Creating environment hook '/home/ashraful/HBRS/AMR/AMR_PROJECT/amr-team-bot/install/robile_description/share/robile_description/hook/cmake_prefix_path.sh'
[4.412s] Level 1:colcon.colcon_core.environment:checking '/home/ashraful/HBRS/AMR/AMR_PROJECT/amr-team-bot/install/robile_description/bin'
[4.413s] Level 1:colcon.colcon_core.environment:checking '/home/ashraful/HBRS/AMR/AMR_PROJECT/amr-team-bot/install/robile_description/lib/pkgconfig/robile_description.pc'
[4.413s] Level 1:colcon.colcon_core.environment:checking '/home/ashraful/HBRS/AMR/AMR_PROJECT/amr-team-bot/install/robile_description/lib/python3.10/site-packages'
[4.418s] Level 1:colcon.colcon_core.environment:checking '/home/ashraful/HBRS/AMR/AMR_PROJECT/amr-team-bot/install/robile_description/bin'
[4.420s] INFO:colcon.colcon_core.shell:Creating package script '/home/ashraful/HBRS/AMR/AMR_PROJECT/amr-team-bot/install/robile_description/share/robile_description/package.ps1'
[4.424s] INFO:colcon.colcon_core.shell:Creating package descriptor '/home/ashraful/HBRS/AMR/AMR_PROJECT/amr-team-bot/install/robile_description/share/robile_description/package.dsv'
[4.432s] INFO:colcon.colcon_core.shell:Creating package script '/home/ashraful/HBRS/AMR/AMR_PROJECT/amr-team-bot/install/robile_description/share/robile_description/package.sh'
[4.434s] INFO:colcon.colcon_core.shell:Creating package script '/home/ashraful/HBRS/AMR/AMR_PROJECT/amr-team-bot/install/robile_description/share/robile_description/package.bash'
[4.450s] INFO:colcon.colcon_core.shell:Creating package script '/home/ashraful/HBRS/AMR/AMR_PROJECT/amr-team-bot/install/robile_description/share/robile_description/package.zsh'
[4.459s] Level 1:colcon.colcon_core.environment:create_file_with_runtime_dependencies(/home/ashraful/HBRS/AMR/AMR_PROJECT/amr-team-bot/install/robile_description/share/colcon-core/packages/robile_description)
[4.460s] INFO:colcon.colcon_ros.task.ament_python.build:Building ROS package in '/home/ashraful/HBRS/AMR/AMR_PROJECT/amr-team-bot/src/Robile/robile_bringup' with build type 'ament_python'
[4.460s] Level 1:colcon.colcon_core.shell:create_environment_hook('robile_bringup', 'ament_prefix_path')
[4.461s] INFO:colcon.colcon_core.shell:Creating environment hook '/home/ashraful/HBRS/AMR/AMR_PROJECT/amr-team-bot/install/robile_bringup/share/robile_bringup/hook/ament_prefix_path.ps1'
[4.466s] INFO:colcon.colcon_core.shell:Creating environment descriptor '/home/ashraful/HBRS/AMR/AMR_PROJECT/amr-team-bot/install/robile_bringup/share/robile_bringup/hook/ament_prefix_path.dsv'
[4.467s] INFO:colcon.colcon_core.shell:Creating environment hook '/home/ashraful/HBRS/AMR/AMR_PROJECT/amr-team-bot/install/robile_bringup/share/robile_bringup/hook/ament_prefix_path.sh'
[4.469s] INFO:colcon.colcon_core.shell:Skip shell extension 'powershell' for command environment: Not usable outside of PowerShell
[4.469s] DEBUG:colcon.colcon_core.shell:Skip shell extension 'dsv' for command environment
[4.508s] Level 1:colcon.colcon_core.environment:create_environment_scripts_only(aws_robomaker_small_house_world)
[4.508s] Level 1:colcon.colcon_core.environment:checking '/home/ashraful/HBRS/AMR/AMR_PROJECT/amr-team-bot/install/aws_robomaker_small_house_world' for CMake module files
[4.510s] Level 1:colcon.colcon_core.environment:checking '/home/ashraful/HBRS/AMR/AMR_PROJECT/amr-team-bot/install/aws_robomaker_small_house_world' for CMake config files
[4.598s] DEBUG:colcon.colcon_core.event_handler.log_command:Invoked command in '/home/ashraful/HBRS/AMR/AMR_PROJECT/amr-team-bot/build/aws_robomaker_small_house_world' returned '0': CMAKE_PREFIX_PATH=${CMAKE_PREFIX_PATH}:/home/ashraful/HBRS/AMR/AMR_PROJECT/amr-team-bot/install/wavefront:/home/ashraful/HBRS/AMR/AMR_PROJECT/amr-team-bot/install/robile_reach_goal:/home/ashraful/HBRS/AMR/AMR_PROJECT/amr-team-bot/install/robile_control_simple:/home/ashraful/HBRS/AMR/AMR_PROJECT/amr-team-bot/install/robile_bringup:/home/ashraful/HBRS/AMR/AMR_PROJECT/amr-team-bot/install/potential:/home/ashraful/HBRS/AMR/AMR_PROJECT/amr-team-bot/install/particle_localization:/home/ashraful/HBRS/AMR/AMR_PROJECT/amr-team-bot/install/my_explorer:/home/ashraful/HBRS/AMR/AMR_PROJECT/amr-team-bot/install/mcl_particle_filter:/home/ashraful/HBRS/AMR/AMR_PROJECT/amr-team-bot/install/amr_localization:/opt/ros/humble /usr/bin/cmake --install /home/ashraful/HBRS/AMR/AMR_PROJECT/amr-team-bot/build/aws_robomaker_small_house_world
[4.600s] Level 1:colcon.colcon_core.shell:create_environment_hook('aws_robomaker_small_house_world', 'cmake_prefix_path')
[4.605s] INFO:colcon.colcon_core.shell:Creating environment hook '/home/ashraful/HBRS/AMR/AMR_PROJECT/amr-team-bot/install/aws_robomaker_small_house_world/share/aws_robomaker_small_house_world/hook/cmake_prefix_path.ps1'
[4.607s] INFO:colcon.colcon_core.shell:Creating environment descriptor '/home/ashraful/HBRS/AMR/AMR_PROJECT/amr-team-bot/install/aws_robomaker_small_house_world/share/aws_robomaker_small_house_world/hook/cmake_prefix_path.dsv'
[4.608s] INFO:colcon.colcon_core.shell:Creating environment hook '/home/ashraful/HBRS/AMR/AMR_PROJECT/amr-team-bot/install/aws_robomaker_small_house_world/share/aws_robomaker_small_house_world/hook/cmake_prefix_path.sh'
[4.611s] Level 1:colcon.colcon_core.environment:checking '/home/ashraful/HBRS/AMR/AMR_PROJECT/amr-team-bot/install/aws_robomaker_small_house_world/bin'
[4.611s] Level 1:colcon.colcon_core.environment:checking '/home/ashraful/HBRS/AMR/AMR_PROJECT/amr-team-bot/install/aws_robomaker_small_house_world/lib/pkgconfig/aws_robomaker_small_house_world.pc'
[4.612s] Level 1:colcon.colcon_core.environment:checking '/home/ashraful/HBRS/AMR/AMR_PROJECT/amr-team-bot/install/aws_robomaker_small_house_world/lib/python3.10/site-packages'
[4.614s] Level 1:colcon.colcon_core.environment:checking '/home/ashraful/HBRS/AMR/AMR_PROJECT/amr-team-bot/install/aws_robomaker_small_house_world/bin'
[4.615s] INFO:colcon.colcon_core.shell:Creating package script '/home/ashraful/HBRS/AMR/AMR_PROJECT/amr-team-bot/install/aws_robomaker_small_house_world/share/aws_robomaker_small_house_world/package.ps1'
[4.619s] INFO:colcon.colcon_core.shell:Creating package descriptor '/home/ashraful/HBRS/AMR/AMR_PROJECT/amr-team-bot/install/aws_robomaker_small_house_world/share/aws_robomaker_small_house_world/package.dsv'
[4.620s] INFO:colcon.colcon_core.shell:Creating package script '/home/ashraful/HBRS/AMR/AMR_PROJECT/amr-team-bot/install/aws_robomaker_small_house_world/share/aws_robomaker_small_house_world/package.sh'
[4.621s] INFO:colcon.colcon_core.shell:Creating package script '/home/ashraful/HBRS/AMR/AMR_PROJECT/amr-team-bot/install/aws_robomaker_small_house_world/share/aws_robomaker_small_house_world/package.bash'
[4.622s] INFO:colcon.colcon_core.shell:Creating package script '/home/ashraful/HBRS/AMR/AMR_PROJECT/amr-team-bot/install/aws_robomaker_small_house_world/share/aws_robomaker_small_house_world/package.zsh'
[4.624s] Level 1:colcon.colcon_core.environment:create_file_with_runtime_dependencies(/home/ashraful/HBRS/AMR/AMR_PROJECT/amr-team-bot/install/aws_robomaker_small_house_world/share/colcon-core/packages/aws_robomaker_small_house_world)
[4.626s] Level 1:colcon.colcon_core.environment:create_environment_scripts_only(aws_robomaker_small_house_world)
[4.626s] Level 1:colcon.colcon_core.environment:checking '/home/ashraful/HBRS/AMR/AMR_PROJECT/amr-team-bot/install/aws_robomaker_small_house_world' for CMake module files
[4.629s] Level 1:colcon.colcon_core.environment:checking '/home/ashraful/HBRS/AMR/AMR_PROJECT/amr-team-bot/install/aws_robomaker_small_house_world' for CMake config files
[4.646s] Level 1:colcon.colcon_core.shell:create_environment_hook('aws_robomaker_small_house_world', 'cmake_prefix_path')
[4.649s] INFO:colcon.colcon_core.shell:Creating environment hook '/home/ashraful/HBRS/AMR/AMR_PROJECT/amr-team-bot/install/aws_robomaker_small_house_world/share/aws_robomaker_small_house_world/hook/cmake_prefix_path.ps1'
[4.650s] INFO:colcon.colcon_core.shell:Creating environment descriptor '/home/ashraful/HBRS/AMR/AMR_PROJECT/amr-team-bot/install/aws_robomaker_small_house_world/share/aws_robomaker_small_house_world/hook/cmake_prefix_path.dsv'
[4.651s] INFO:colcon.colcon_core.shell:Creating environment hook '/home/ashraful/HBRS/AMR/AMR_PROJECT/amr-team-bot/install/aws_robomaker_small_house_world/share/aws_robomaker_small_house_world/hook/cmake_prefix_path.sh'
[4.652s] Level 1:colcon.colcon_core.environment:checking '/home/ashraful/HBRS/AMR/AMR_PROJECT/amr-team-bot/install/aws_robomaker_small_house_world/bin'
[4.652s] Level 1:colcon.colcon_core.environment:checking '/home/ashraful/HBRS/AMR/AMR_PROJECT/amr-team-bot/install/aws_robomaker_small_house_world/lib/pkgconfig/aws_robomaker_small_house_world.pc'
[4.653s] Level 1:colcon.colcon_core.environment:checking '/home/ashraful/HBRS/AMR/AMR_PROJECT/amr-team-bot/install/aws_robomaker_small_house_world/lib/python3.10/site-packages'
[4.654s] Level 1:colcon.colcon_core.environment:checking '/home/ashraful/HBRS/AMR/AMR_PROJECT/amr-team-bot/install/aws_robomaker_small_house_world/bin'
[4.655s] INFO:colcon.colcon_core.shell:Creating package script '/home/ashraful/HBRS/AMR/AMR_PROJECT/amr-team-bot/install/aws_robomaker_small_house_world/share/aws_robomaker_small_house_world/package.ps1'
[4.657s] INFO:colcon.colcon_core.shell:Creating package descriptor '/home/ashraful/HBRS/AMR/AMR_PROJECT/amr-team-bot/install/aws_robomaker_small_house_world/share/aws_robomaker_small_house_world/package.dsv'
[4.658s] INFO:colcon.colcon_core.shell:Creating package script '/home/ashraful/HBRS/AMR/AMR_PROJECT/amr-team-bot/install/aws_robomaker_small_house_world/share/aws_robomaker_small_house_world/package.sh'
[4.659s] INFO:colcon.colcon_core.shell:Creating package script '/home/ashraful/HBRS/AMR/AMR_PROJECT/amr-team-bot/install/aws_robomaker_small_house_world/share/aws_robomaker_small_house_world/package.bash'
[4.660s] INFO:colcon.colcon_core.shell:Creating package script '/home/ashraful/HBRS/AMR/AMR_PROJECT/amr-team-bot/install/aws_robomaker_small_house_world/share/aws_robomaker_small_house_world/package.zsh'
[4.661s] Level 1:colcon.colcon_core.environment:create_file_with_runtime_dependencies(/home/ashraful/HBRS/AMR/AMR_PROJECT/amr-team-bot/install/aws_robomaker_small_house_world/share/colcon-core/packages/aws_robomaker_small_house_world)
[4.663s] INFO:colcon.colcon_ros.task.ament_python.build:Building ROS package in '/home/ashraful/HBRS/AMR/AMR_PROJECT/amr-team-bot/src/Robile/robile_demos/robile_control_simple' with build type 'ament_python'
[4.664s] Level 1:colcon.colcon_core.shell:create_environment_hook('robile_control_simple', 'ament_prefix_path')
[4.664s] INFO:colcon.colcon_core.shell:Creating environment hook '/home/ashraful/HBRS/AMR/AMR_PROJECT/amr-team-bot/install/robile_control_simple/share/robile_control_simple/hook/ament_prefix_path.ps1'
[4.666s] INFO:colcon.colcon_core.shell:Creating environment descriptor '/home/ashraful/HBRS/AMR/AMR_PROJECT/amr-team-bot/install/robile_control_simple/share/robile_control_simple/hook/ament_prefix_path.dsv'
[4.667s] INFO:colcon.colcon_core.shell:Creating environment hook '/home/ashraful/HBRS/AMR/AMR_PROJECT/amr-team-bot/install/robile_control_simple/share/robile_control_simple/hook/ament_prefix_path.sh'
[4.668s] INFO:colcon.colcon_core.shell:Skip shell extension 'powershell' for command environment: Not usable outside of PowerShell
[4.668s] DEBUG:colcon.colcon_core.shell:Skip shell extension 'dsv' for command environment
[4.695s] Level 1:colcon.colcon_core.environment:create_environment_scripts_only(robile_interfaces)
[4.696s] Level 1:colcon.colcon_core.environment:checking '/home/ashraful/HBRS/AMR/AMR_PROJECT/amr-team-bot/install/robile_interfaces' for CMake module files
[4.698s] Level 1:colcon.colcon_core.environment:checking '/home/ashraful/HBRS/AMR/AMR_PROJECT/amr-team-bot/install/robile_interfaces' for CMake config files
[4.701s] Level 1:colcon.colcon_core.shell:create_environment_hook('robile_interfaces', 'cmake_prefix_path')
[4.701s] INFO:colcon.colcon_core.shell:Creating environment hook '/home/ashraful/HBRS/AMR/AMR_PROJECT/amr-team-bot/install/robile_interfaces/share/robile_interfaces/hook/cmake_prefix_path.ps1'
[4.703s] INFO:colcon.colcon_core.shell:Creating environment descriptor '/home/ashraful/HBRS/AMR/AMR_PROJECT/amr-team-bot/install/robile_interfaces/share/robile_interfaces/hook/cmake_prefix_path.dsv'
[4.704s] INFO:colcon.colcon_core.shell:Creating environment hook '/home/ashraful/HBRS/AMR/AMR_PROJECT/amr-team-bot/install/robile_interfaces/share/robile_interfaces/hook/cmake_prefix_path.sh'
[4.705s] Level 1:colcon.colcon_core.environment:checking '/home/ashraful/HBRS/AMR/AMR_PROJECT/amr-team-bot/install/robile_interfaces/lib'
[4.706s] Level 1:colcon.colcon_core.shell:create_environment_hook('robile_interfaces', 'ld_library_path_lib')
[4.707s] INFO:colcon.colcon_core.shell:Creating environment hook '/home/ashraful/HBRS/AMR/AMR_PROJECT/amr-team-bot/install/robile_interfaces/share/robile_interfaces/hook/ld_library_path_lib.ps1'
[4.708s] INFO:colcon.colcon_core.shell:Creating environment descriptor '/home/ashraful/HBRS/AMR/AMR_PROJECT/amr-team-bot/install/robile_interfaces/share/robile_interfaces/hook/ld_library_path_lib.dsv'
[4.708s] DEBUG:colcon.colcon_core.event_handler.log_command:Invoked command in '/home/ashraful/HBRS/AMR/AMR_PROJECT/amr-team-bot/build/robile_interfaces' returned '0': CMAKE_PREFIX_PATH=${CMAKE_PREFIX_PATH}:/home/ashraful/HBRS/AMR/AMR_PROJECT/amr-team-bot/install/wavefront:/home/ashraful/HBRS/AMR/AMR_PROJECT/amr-team-bot/install/robile_reach_goal:/home/ashraful/HBRS/AMR/AMR_PROJECT/amr-team-bot/install/robile_control_simple:/home/ashraful/HBRS/AMR/AMR_PROJECT/amr-team-bot/install/robile_bringup:/home/ashraful/HBRS/AMR/AMR_PROJECT/amr-team-bot/install/potential:/home/ashraful/HBRS/AMR/AMR_PROJECT/amr-team-bot/install/particle_localization:/home/ashraful/HBRS/AMR/AMR_PROJECT/amr-team-bot/install/my_explorer:/home/ashraful/HBRS/AMR/AMR_PROJECT/amr-team-bot/install/mcl_particle_filter:/home/ashraful/HBRS/AMR/AMR_PROJECT/amr-team-bot/install/amr_localization:/opt/ros/humble /usr/bin/cmake --install /home/ashraful/HBRS/AMR/AMR_PROJECT/amr-team-bot/build/robile_interfaces
[4.709s] INFO:colcon.colcon_core.shell:Creating environment hook '/home/ashraful/HBRS/AMR/AMR_PROJECT/amr-team-bot/install/robile_interfaces/share/robile_interfaces/hook/ld_library_path_lib.sh'
[4.711s] Level 1:colcon.colcon_core.environment:checking '/home/ashraful/HBRS/AMR/AMR_PROJECT/amr-team-bot/install/robile_interfaces/bin'
[4.711s] Level 1:colcon.colcon_core.environment:checking '/home/ashraful/HBRS/AMR/AMR_PROJECT/amr-team-bot/install/robile_interfaces/lib/pkgconfig/robile_interfaces.pc'
[4.712s] Level 1:colcon.colcon_core.environment:checking '/home/ashraful/HBRS/AMR/AMR_PROJECT/amr-team-bot/install/robile_interfaces/lib/python3.10/site-packages'
[4.713s] Level 1:colcon.colcon_core.environment:checking '/home/ashraful/HBRS/AMR/AMR_PROJECT/amr-team-bot/install/robile_interfaces/bin'
[4.714s] INFO:colcon.colcon_core.shell:Creating package script '/home/ashraful/HBRS/AMR/AMR_PROJECT/amr-team-bot/install/robile_interfaces/share/robile_interfaces/package.ps1'
[4.716s] INFO:colcon.colcon_core.shell:Creating package descriptor '/home/ashraful/HBRS/AMR/AMR_PROJECT/amr-team-bot/install/robile_interfaces/share/robile_interfaces/package.dsv'
[4.717s] INFO:colcon.colcon_core.shell:Creating package script '/home/ashraful/HBRS/AMR/AMR_PROJECT/amr-team-bot/install/robile_interfaces/share/robile_interfaces/package.sh'
[4.718s] INFO:colcon.colcon_core.shell:Creating package script '/home/ashraful/HBRS/AMR/AMR_PROJECT/amr-team-bot/install/robile_interfaces/share/robile_interfaces/package.bash'
[4.719s] INFO:colcon.colcon_core.shell:Creating package script '/home/ashraful/HBRS/AMR/AMR_PROJECT/amr-team-bot/install/robile_interfaces/share/robile_interfaces/package.zsh'
[4.720s] Level 1:colcon.colcon_core.environment:create_file_with_runtime_dependencies(/home/ashraful/HBRS/AMR/AMR_PROJECT/amr-team-bot/install/robile_interfaces/share/colcon-core/packages/robile_interfaces)
[4.721s] Level 1:colcon.colcon_core.environment:create_environment_scripts_only(robile_interfaces)
[4.722s] Level 1:colcon.colcon_core.environment:checking '/home/ashraful/HBRS/AMR/AMR_PROJECT/amr-team-bot/install/robile_interfaces' for CMake module files
[4.724s] Level 1:colcon.colcon_core.environment:checking '/home/ashraful/HBRS/AMR/AMR_PROJECT/amr-team-bot/install/robile_interfaces' for CMake config files
[4.726s] Level 1:colcon.colcon_core.shell:create_environment_hook('robile_interfaces', 'cmake_prefix_path')
[4.726s] INFO:colcon.colcon_core.shell:Creating environment hook '/home/ashraful/HBRS/AMR/AMR_PROJECT/amr-team-bot/install/robile_interfaces/share/robile_interfaces/hook/cmake_prefix_path.ps1'
[4.727s] INFO:colcon.colcon_core.shell:Creating environment descriptor '/home/ashraful/HBRS/AMR/AMR_PROJECT/amr-team-bot/install/robile_interfaces/share/robile_interfaces/hook/cmake_prefix_path.dsv'
[4.728s] INFO:colcon.colcon_core.shell:Creating environment hook '/home/ashraful/HBRS/AMR/AMR_PROJECT/amr-team-bot/install/robile_interfaces/share/robile_interfaces/hook/cmake_prefix_path.sh'
[4.730s] Level 1:colcon.colcon_core.environment:checking '/home/ashraful/HBRS/AMR/AMR_PROJECT/amr-team-bot/install/robile_interfaces/lib'
[4.730s] Level 1:colcon.colcon_core.shell:create_environment_hook('robile_interfaces', 'ld_library_path_lib')
[4.730s] INFO:colcon.colcon_core.shell:Creating environment hook '/home/ashraful/HBRS/AMR/AMR_PROJECT/amr-team-bot/install/robile_interfaces/share/robile_interfaces/hook/ld_library_path_lib.ps1'
[4.731s] INFO:colcon.colcon_core.shell:Creating environment descriptor '/home/ashraful/HBRS/AMR/AMR_PROJECT/amr-team-bot/install/robile_interfaces/share/robile_interfaces/hook/ld_library_path_lib.dsv'
[4.732s] INFO:colcon.colcon_core.shell:Creating environment hook '/home/ashraful/HBRS/AMR/AMR_PROJECT/amr-team-bot/install/robile_interfaces/share/robile_interfaces/hook/ld_library_path_lib.sh'
[4.733s] Level 1:colcon.colcon_core.environment:checking '/home/ashraful/HBRS/AMR/AMR_PROJECT/amr-team-bot/install/robile_interfaces/bin'
[4.733s] Level 1:colcon.colcon_core.environment:checking '/home/ashraful/HBRS/AMR/AMR_PROJECT/amr-team-bot/install/robile_interfaces/lib/pkgconfig/robile_interfaces.pc'
[4.734s] Level 1:colcon.colcon_core.environment:checking '/home/ashraful/HBRS/AMR/AMR_PROJECT/amr-team-bot/install/robile_interfaces/lib/python3.10/site-packages'
[4.735s] Level 1:colcon.colcon_core.environment:checking '/home/ashraful/HBRS/AMR/AMR_PROJECT/amr-team-bot/install/robile_interfaces/bin'
[4.736s] INFO:colcon.colcon_core.shell:Creating package script '/home/ashraful/HBRS/AMR/AMR_PROJECT/amr-team-bot/install/robile_interfaces/share/robile_interfaces/package.ps1'
[4.738s] INFO:colcon.colcon_core.shell:Creating package descriptor '/home/ashraful/HBRS/AMR/AMR_PROJECT/amr-team-bot/install/robile_interfaces/share/robile_interfaces/package.dsv'
[4.739s] INFO:colcon.colcon_core.shell:Creating package script '/home/ashraful/HBRS/AMR/AMR_PROJECT/amr-team-bot/install/robile_interfaces/share/robile_interfaces/package.sh'
[4.741s] INFO:colcon.colcon_core.shell:Creating package script '/home/ashraful/HBRS/AMR/AMR_PROJECT/amr-team-bot/install/robile_interfaces/share/robile_interfaces/package.bash'
[4.742s] INFO:colcon.colcon_core.shell:Creating package script '/home/ashraful/HBRS/AMR/AMR_PROJECT/amr-team-bot/install/robile_interfaces/share/robile_interfaces/package.zsh'
[4.743s] Level 1:colcon.colcon_core.environment:create_file_with_runtime_dependencies(/home/ashraful/HBRS/AMR/AMR_PROJECT/amr-team-bot/install/robile_interfaces/share/colcon-core/packages/robile_interfaces)
[4.745s] INFO:colcon.colcon_ros.task.ament_python.build:Building ROS package in '/home/ashraful/HBRS/AMR/AMR_PROJECT/amr-team-bot/src/Robile/robile_demos/robile_reach_goal' with build type 'ament_python'
[4.746s] Level 1:colcon.colcon_core.shell:create_environment_hook('robile_reach_goal', 'ament_prefix_path')
[4.747s] INFO:colcon.colcon_core.shell:Creating environment hook '/home/ashraful/HBRS/AMR/AMR_PROJECT/amr-team-bot/install/robile_reach_goal/share/robile_reach_goal/hook/ament_prefix_path.ps1'
[4.748s] INFO:colcon.colcon_core.shell:Creating environment descriptor '/home/ashraful/HBRS/AMR/AMR_PROJECT/amr-team-bot/install/robile_reach_goal/share/robile_reach_goal/hook/ament_prefix_path.dsv'
[4.748s] INFO:colcon.colcon_core.shell:Creating environment hook '/home/ashraful/HBRS/AMR/AMR_PROJECT/amr-team-bot/install/robile_reach_goal/share/robile_reach_goal/hook/ament_prefix_path.sh'
[4.751s] INFO:colcon.colcon_core.shell:Skip shell extension 'powershell' for command environment: Not usable outside of PowerShell
[4.751s] DEBUG:colcon.colcon_core.shell:Skip shell extension 'dsv' for command environment
[5.637s] INFO:colcon.colcon_core.task.python.build:Building Python package in '/home/ashraful/HBRS/AMR/AMR_PROJECT/amr-team-bot/src/Robile/robile_bringup'
[5.637s] INFO:colcon.colcon_core.shell:Skip shell extension 'powershell' for command environment: Not usable outside of PowerShell
[5.637s] DEBUG:colcon.colcon_core.shell:Skip shell extension 'dsv' for command environment
[6.214s] INFO:colcon.colcon_core.task.python.build:Building Python package in '/home/ashraful/HBRS/AMR/AMR_PROJECT/amr-team-bot/src/Robile/robile_demos/robile_control_simple'
[6.214s] INFO:colcon.colcon_core.shell:Skip shell extension 'powershell' for command environment: Not usable outside of PowerShell
[6.214s] DEBUG:colcon.colcon_core.shell:Skip shell extension 'dsv' for command environment
[6.223s] DEBUG:colcon.colcon_core.task.python.build:Available setuptools commands: compile_catalog, easy_install, test, clean, build_clib, bdist_dumb, egg_info, update_catalog, upload_docs, bdist_egg, dist_info, install_headers, build_scripts, bdist_wheel, sdist, symlink_data, bdist_rpm, check, build, install_data, bdist, install_egg_info, build_py, setopt, extract_messages, init_catalog, build_ext, rotate, alias, install_lib, upload, saveopts, develop, install, register, install_scripts
[6.226s] DEBUG:colcon.colcon_core.task.python.build:Available setuptools commands: compile_catalog, easy_install, test, clean, build_clib, bdist_dumb, egg_info, update_catalog, upload_docs, bdist_egg, dist_info, install_headers, build_scripts, bdist_wheel, sdist, symlink_data, bdist_rpm, check, build, install_data, bdist, install_egg_info, build_py, setopt, extract_messages, init_catalog, build_ext, rotate, alias, install_lib, upload, saveopts, develop, install, register, install_scripts
[6.229s] DEBUG:colcon.colcon_core.task.python.build:Available setuptools commands: compile_catalog, easy_install, test, clean, build_clib, bdist_dumb, egg_info, update_catalog, upload_docs, bdist_egg, dist_info, install_headers, build_scripts, bdist_wheel, sdist, symlink_data, bdist_rpm, check, build, install_data, bdist, install_egg_info, build_py, setopt, extract_messages, init_catalog, build_ext, rotate, alias, install_lib, upload, saveopts, develop, install, register, install_scripts
[6.231s] DEBUG:colcon.colcon_core.task.python.build:Available setuptools commands: compile_catalog, easy_install, test, clean, build_clib, bdist_dumb, egg_info, update_catalog, upload_docs, bdist_egg, dist_info, install_headers, build_scripts, bdist_wheel, sdist, symlink_data, bdist_rpm, check, build, install_data, bdist, install_egg_info, build_py, setopt, extract_messages, init_catalog, build_ext, rotate, alias, install_lib, upload, saveopts, develop, install, register, install_scripts
[6.231s] DEBUG:colcon.colcon_core.event_handler.log_command:Invoking command in '/home/ashraful/HBRS/AMR/AMR_PROJECT/amr-team-bot/src/mcl_particle_filter': PYTHONPATH=/home/ashraful/HBRS/AMR/AMR_PROJECT/amr-team-bot/build/mcl_particle_filter/prefix_override:/usr/lib/python3/dist-packages/colcon_core/task/python/colcon_distutils_commands:/home/ashraful/HBRS/AMR/AMR_PROJECT/amr-team-bot/install/mcl_particle_filter/lib/python3.10/site-packages:${PYTHONPATH} /usr/bin/python3 -W ignore:setup.py install is deprecated -W ignore:easy_install command is deprecated setup.py egg_info --egg-base ../../build/mcl_particle_filter build --build-base /home/ashraful/HBRS/AMR/AMR_PROJECT/amr-team-bot/build/mcl_particle_filter/build install --record /home/ashraful/HBRS/AMR/AMR_PROJECT/amr-team-bot/build/mcl_particle_filter/install.log --install-scripts $base/lib/mcl_particle_filter --single-version-externally-managed install_data
[6.235s] DEBUG:colcon.colcon_core.task.python.build:Available setuptools commands: compile_catalog, easy_install, test, clean, build_clib, bdist_dumb, egg_info, update_catalog, upload_docs, bdist_egg, dist_info, install_headers, build_scripts, bdist_wheel, sdist, symlink_data, bdist_rpm, check, build, install_data, bdist, install_egg_info, build_py, setopt, extract_messages, init_catalog, build_ext, rotate, alias, install_lib, upload, saveopts, develop, install, register, install_scripts
[6.240s] DEBUG:colcon.colcon_core.event_handler.log_command:Invoking command in '/home/ashraful/HBRS/AMR/AMR_PROJECT/amr-team-bot/src/potential': PYTHONPATH=/home/ashraful/HBRS/AMR/AMR_PROJECT/amr-team-bot/build/potential/prefix_override:/usr/lib/python3/dist-packages/colcon_core/task/python/colcon_distutils_commands:/home/ashraful/HBRS/AMR/AMR_PROJECT/amr-team-bot/install/potential/lib/python3.10/site-packages:${PYTHONPATH} /usr/bin/python3 -W ignore:setup.py install is deprecated -W ignore:easy_install command is deprecated setup.py egg_info --egg-base ../../build/potential build --build-base /home/ashraful/HBRS/AMR/AMR_PROJECT/amr-team-bot/build/potential/build install --record /home/ashraful/HBRS/AMR/AMR_PROJECT/amr-team-bot/build/potential/install.log --install-scripts $base/lib/potential --single-version-externally-managed install_data
[6.243s] DEBUG:colcon.colcon_core.event_handler.log_command:Invoking command in '/home/ashraful/HBRS/AMR/AMR_PROJECT/amr-team-bot/build/amr_localization': PYTHONPATH=/home/ashraful/HBRS/AMR/AMR_PROJECT/amr-team-bot/build/amr_localization/prefix_override:/usr/lib/python3/dist-packages/colcon_core/task/python/colcon_distutils_commands:/home/ashraful/HBRS/AMR/AMR_PROJECT/amr-team-bot/install/amr_localization/lib/python3.10/site-packages:${PYTHONPATH} /usr/bin/python3 -W ignore:setup.py install is deprecated -W ignore:easy_install command is deprecated setup.py develop --uninstall --editable --build-directory /home/ashraful/HBRS/AMR/AMR_PROJECT/amr-team-bot/build/amr_localization/build
[6.245s] DEBUG:colcon.colcon_core.event_handler.log_command:Invoking command in '/home/ashraful/HBRS/AMR/AMR_PROJECT/amr-team-bot/src/particle_localization': PYTHONPATH=/home/ashraful/HBRS/AMR/AMR_PROJECT/amr-team-bot/build/particle_localization/prefix_override:/usr/lib/python3/dist-packages/colcon_core/task/python/colcon_distutils_commands:/home/ashraful/HBRS/AMR/AMR_PROJECT/amr-team-bot/install/particle_localization/lib/python3.10/site-packages:${PYTHONPATH} /usr/bin/python3 -W ignore:setup.py install is deprecated -W ignore:easy_install command is deprecated setup.py egg_info --egg-base ../../build/particle_localization build --build-base /home/ashraful/HBRS/AMR/AMR_PROJECT/amr-team-bot/build/particle_localization/build install --record /home/ashraful/HBRS/AMR/AMR_PROJECT/amr-team-bot/build/particle_localization/install.log --install-scripts $base/lib/particle_localization --single-version-externally-managed install_data
[6.246s] DEBUG:colcon.colcon_core.event_handler.log_command:Invoking command in '/home/ashraful/HBRS/AMR/AMR_PROJECT/amr-team-bot/src/my_explorer': PYTHONPATH=/home/ashraful/HBRS/AMR/AMR_PROJECT/amr-team-bot/build/my_explorer/prefix_override:/usr/lib/python3/dist-packages/colcon_core/task/python/colcon_distutils_commands:/home/ashraful/HBRS/AMR/AMR_PROJECT/amr-team-bot/install/my_explorer/lib/python3.10/site-packages:${PYTHONPATH} /usr/bin/python3 -W ignore:setup.py install is deprecated -W ignore:easy_install command is deprecated setup.py egg_info --egg-base ../../build/my_explorer build --build-base /home/ashraful/HBRS/AMR/AMR_PROJECT/amr-team-bot/build/my_explorer/build install --record /home/ashraful/HBRS/AMR/AMR_PROJECT/amr-team-bot/build/my_explorer/install.log --install-scripts $base/lib/my_explorer --single-version-externally-managed install_data
[7.214s] INFO:colcon.colcon_core.task.python.build:Building Python package in '/home/ashraful/HBRS/AMR/AMR_PROJECT/amr-team-bot/src/Robile/robile_demos/robile_reach_goal'
[7.215s] INFO:colcon.colcon_core.shell:Skip shell extension 'powershell' for command environment: Not usable outside of PowerShell
[7.215s] DEBUG:colcon.colcon_core.shell:Skip shell extension 'dsv' for command environment
[7.266s] Level 1:colcon.colcon_core.environment:checking '/home/ashraful/HBRS/AMR/AMR_PROJECT/amr-team-bot/install/potential' for CMake module files
[7.268s] Level 1:colcon.colcon_core.environment:checking '/home/ashraful/HBRS/AMR/AMR_PROJECT/amr-team-bot/install/potential' for CMake config files
[7.270s] Level 1:colcon.colcon_core.environment:checking '/home/ashraful/HBRS/AMR/AMR_PROJECT/amr-team-bot/install/potential/lib'
[7.271s] Level 1:colcon.colcon_core.environment:checking '/home/ashraful/HBRS/AMR/AMR_PROJECT/amr-team-bot/install/potential/bin'
[7.271s] Level 1:colcon.colcon_core.environment:checking '/home/ashraful/HBRS/AMR/AMR_PROJECT/amr-team-bot/install/potential/lib/pkgconfig/potential.pc'
[7.271s] Level 1:colcon.colcon_core.environment:checking '/home/ashraful/HBRS/AMR/AMR_PROJECT/amr-team-bot/install/potential/lib/python3.10/site-packages'
[7.273s] DEBUG:colcon.colcon_core.event_handler.log_command:Invoked command in '/home/ashraful/HBRS/AMR/AMR_PROJECT/amr-team-bot/src/potential' returned '0': PYTHONPATH=/home/ashraful/HBRS/AMR/AMR_PROJECT/amr-team-bot/build/potential/prefix_override:/usr/lib/python3/dist-packages/colcon_core/task/python/colcon_distutils_commands:/home/ashraful/HBRS/AMR/AMR_PROJECT/amr-team-bot/install/potential/lib/python3.10/site-packages:${PYTHONPATH} /usr/bin/python3 -W ignore:setup.py install is deprecated -W ignore:easy_install command is deprecated setup.py egg_info --egg-base ../../build/potential build --build-base /home/ashraful/HBRS/AMR/AMR_PROJECT/amr-team-bot/build/potential/build install --record /home/ashraful/HBRS/AMR/AMR_PROJECT/amr-team-bot/build/potential/install.log --install-scripts $base/lib/potential --single-version-externally-managed install_data
[7.275s] Level 1:colcon.colcon_core.shell:create_environment_hook('potential', 'pythonpath')
[7.275s] INFO:colcon.colcon_core.shell:Creating environment hook '/home/ashraful/HBRS/AMR/AMR_PROJECT/amr-team-bot/install/potential/share/potential/hook/pythonpath.ps1'
[7.277s] INFO:colcon.colcon_core.shell:Creating environment descriptor '/home/ashraful/HBRS/AMR/AMR_PROJECT/amr-team-bot/install/potential/share/potential/hook/pythonpath.dsv'
[7.280s] INFO:colcon.colcon_core.shell:Creating environment hook '/home/ashraful/HBRS/AMR/AMR_PROJECT/amr-team-bot/install/potential/share/potential/hook/pythonpath.sh'
[7.283s] Level 1:colcon.colcon_core.environment:checking '/home/ashraful/HBRS/AMR/AMR_PROJECT/amr-team-bot/install/potential/bin'
[7.283s] Level 1:colcon.colcon_core.environment:create_environment_scripts_only(potential)
[7.284s] INFO:colcon.colcon_core.shell:Creating package script '/home/ashraful/HBRS/AMR/AMR_PROJECT/amr-team-bot/install/potential/share/potential/package.ps1'
[7.288s] INFO:colcon.colcon_core.shell:Creating package descriptor '/home/ashraful/HBRS/AMR/AMR_PROJECT/amr-team-bot/install/potential/share/potential/package.dsv'
[7.289s] INFO:colcon.colcon_core.shell:Creating package script '/home/ashraful/HBRS/AMR/AMR_PROJECT/amr-team-bot/install/potential/share/potential/package.sh'
[7.290s] INFO:colcon.colcon_core.shell:Creating package script '/home/ashraful/HBRS/AMR/AMR_PROJECT/amr-team-bot/install/potential/share/potential/package.bash'
[7.295s] INFO:colcon.colcon_core.shell:Creating package script '/home/ashraful/HBRS/AMR/AMR_PROJECT/amr-team-bot/install/potential/share/potential/package.zsh'
[7.296s] Level 1:colcon.colcon_core.environment:create_file_with_runtime_dependencies(/home/ashraful/HBRS/AMR/AMR_PROJECT/amr-team-bot/install/potential/share/colcon-core/packages/potential)
[7.300s] INFO:colcon.colcon_ros.task.ament_python.build:Building ROS package in '/home/ashraful/HBRS/AMR/AMR_PROJECT/amr-team-bot/src/wavefront' with build type 'ament_python'
[7.300s] Level 1:colcon.colcon_core.shell:create_environment_hook('wavefront', 'ament_prefix_path')
[7.301s] INFO:colcon.colcon_core.shell:Creating environment hook '/home/ashraful/HBRS/AMR/AMR_PROJECT/amr-team-bot/install/wavefront/share/wavefront/hook/ament_prefix_path.ps1'
[7.302s] INFO:colcon.colcon_core.shell:Creating environment descriptor '/home/ashraful/HBRS/AMR/AMR_PROJECT/amr-team-bot/install/wavefront/share/wavefront/hook/ament_prefix_path.dsv'
[7.306s] INFO:colcon.colcon_core.shell:Creating environment hook '/home/ashraful/HBRS/AMR/AMR_PROJECT/amr-team-bot/install/wavefront/share/wavefront/hook/ament_prefix_path.sh'
[7.309s] INFO:colcon.colcon_core.shell:Skip shell extension 'powershell' for command environment: Not usable outside of PowerShell
[7.309s] DEBUG:colcon.colcon_core.shell:Skip shell extension 'dsv' for command environment
[7.336s] Level 1:colcon.colcon_core.environment:checking '/home/ashraful/HBRS/AMR/AMR_PROJECT/amr-team-bot/install/mcl_particle_filter' for CMake module files
[7.337s] DEBUG:colcon.colcon_core.event_handler.log_command:Invoked command in '/home/ashraful/HBRS/AMR/AMR_PROJECT/amr-team-bot/src/mcl_particle_filter' returned '0': PYTHONPATH=/home/ashraful/HBRS/AMR/AMR_PROJECT/amr-team-bot/build/mcl_particle_filter/prefix_override:/usr/lib/python3/dist-packages/colcon_core/task/python/colcon_distutils_commands:/home/ashraful/HBRS/AMR/AMR_PROJECT/amr-team-bot/install/mcl_particle_filter/lib/python3.10/site-packages:${PYTHONPATH} /usr/bin/python3 -W ignore:setup.py install is deprecated -W ignore:easy_install command is deprecated setup.py egg_info --egg-base ../../build/mcl_particle_filter build --build-base /home/ashraful/HBRS/AMR/AMR_PROJECT/amr-team-bot/build/mcl_particle_filter/build install --record /home/ashraful/HBRS/AMR/AMR_PROJECT/amr-team-bot/build/mcl_particle_filter/install.log --install-scripts $base/lib/mcl_particle_filter --single-version-externally-managed install_data
[7.338s] Level 1:colcon.colcon_core.environment:checking '/home/ashraful/HBRS/AMR/AMR_PROJECT/amr-team-bot/install/mcl_particle_filter' for CMake config files
[7.340s] Level 1:colcon.colcon_core.environment:checking '/home/ashraful/HBRS/AMR/AMR_PROJECT/amr-team-bot/install/mcl_particle_filter/lib'
[7.342s] Level 1:colcon.colcon_core.environment:checking '/home/ashraful/HBRS/AMR/AMR_PROJECT/amr-team-bot/install/mcl_particle_filter/bin'
[7.344s] Level 1:colcon.colcon_core.environment:checking '/home/ashraful/HBRS/AMR/AMR_PROJECT/amr-team-bot/install/mcl_particle_filter/lib/pkgconfig/mcl_particle_filter.pc'
[7.345s] Level 1:colcon.colcon_core.environment:checking '/home/ashraful/HBRS/AMR/AMR_PROJECT/amr-team-bot/install/mcl_particle_filter/lib/python3.10/site-packages'
[7.345s] Level 1:colcon.colcon_core.shell:create_environment_hook('mcl_particle_filter', 'pythonpath')
[7.346s] INFO:colcon.colcon_core.shell:Creating environment hook '/home/ashraful/HBRS/AMR/AMR_PROJECT/amr-team-bot/install/mcl_particle_filter/share/mcl_particle_filter/hook/pythonpath.ps1'
[7.350s] INFO:colcon.colcon_core.shell:Creating environment descriptor '/home/ashraful/HBRS/AMR/AMR_PROJECT/amr-team-bot/install/mcl_particle_filter/share/mcl_particle_filter/hook/pythonpath.dsv'
[7.351s] INFO:colcon.colcon_core.shell:Creating environment hook '/home/ashraful/HBRS/AMR/AMR_PROJECT/amr-team-bot/install/mcl_particle_filter/share/mcl_particle_filter/hook/pythonpath.sh'
[7.355s] Level 1:colcon.colcon_core.environment:checking '/home/ashraful/HBRS/AMR/AMR_PROJECT/amr-team-bot/install/mcl_particle_filter/bin'
[7.355s] Level 1:colcon.colcon_core.environment:create_environment_scripts_only(mcl_particle_filter)
[7.357s] INFO:colcon.colcon_core.shell:Creating package script '/home/ashraful/HBRS/AMR/AMR_PROJECT/amr-team-bot/install/mcl_particle_filter/share/mcl_particle_filter/package.ps1'
[7.359s] INFO:colcon.colcon_core.shell:Creating package descriptor '/home/ashraful/HBRS/AMR/AMR_PROJECT/amr-team-bot/install/mcl_particle_filter/share/mcl_particle_filter/package.dsv'
[7.360s] INFO:colcon.colcon_core.shell:Creating package script '/home/ashraful/HBRS/AMR/AMR_PROJECT/amr-team-bot/install/mcl_particle_filter/share/mcl_particle_filter/package.sh'
[7.361s] INFO:colcon.colcon_core.shell:Creating package script '/home/ashraful/HBRS/AMR/AMR_PROJECT/amr-team-bot/install/mcl_particle_filter/share/mcl_particle_filter/package.bash'
[7.362s] INFO:colcon.colcon_core.shell:Creating package script '/home/ashraful/HBRS/AMR/AMR_PROJECT/amr-team-bot/install/mcl_particle_filter/share/mcl_particle_filter/package.zsh'
[7.363s] Level 1:colcon.colcon_core.environment:create_file_with_runtime_dependencies(/home/ashraful/HBRS/AMR/AMR_PROJECT/amr-team-bot/install/mcl_particle_filter/share/colcon-core/packages/mcl_particle_filter)
[7.365s] Level 1:colcon.colcon_core.environment:checking '/home/ashraful/HBRS/AMR/AMR_PROJECT/amr-team-bot/install/particle_localization' for CMake module files
[7.367s] Level 1:colcon.colcon_core.environment:checking '/home/ashraful/HBRS/AMR/AMR_PROJECT/amr-team-bot/install/particle_localization' for CMake config files
[7.368s] Level 1:colcon.colcon_core.environment:checking '/home/ashraful/HBRS/AMR/AMR_PROJECT/amr-team-bot/install/particle_localization/lib'
[7.368s] Level 1:colcon.colcon_core.environment:checking '/home/ashraful/HBRS/AMR/AMR_PROJECT/amr-team-bot/install/particle_localization/bin'
[7.369s] Level 1:colcon.colcon_core.environment:checking '/home/ashraful/HBRS/AMR/AMR_PROJECT/amr-team-bot/install/particle_localization/lib/pkgconfig/particle_localization.pc'
[7.369s] Level 1:colcon.colcon_core.environment:checking '/home/ashraful/HBRS/AMR/AMR_PROJECT/amr-team-bot/install/particle_localization/lib/python3.10/site-packages'
[7.369s] Level 1:colcon.colcon_core.shell:create_environment_hook('particle_localization', 'pythonpath')
[7.370s] INFO:colcon.colcon_core.shell:Creating environment hook '/home/ashraful/HBRS/AMR/AMR_PROJECT/amr-team-bot/install/particle_localization/share/particle_localization/hook/pythonpath.ps1'
[7.372s] DEBUG:colcon.colcon_core.event_handler.log_command:Invoked command in '/home/ashraful/HBRS/AMR/AMR_PROJECT/amr-team-bot/src/particle_localization' returned '0': PYTHONPATH=/home/ashraful/HBRS/AMR/AMR_PROJECT/amr-team-bot/build/particle_localization/prefix_override:/usr/lib/python3/dist-packages/colcon_core/task/python/colcon_distutils_commands:/home/ashraful/HBRS/AMR/AMR_PROJECT/amr-team-bot/install/particle_localization/lib/python3.10/site-packages:${PYTHONPATH} /usr/bin/python3 -W ignore:setup.py install is deprecated -W ignore:easy_install command is deprecated setup.py egg_info --egg-base ../../build/particle_localization build --build-base /home/ashraful/HBRS/AMR/AMR_PROJECT/amr-team-bot/build/particle_localization/build install --record /home/ashraful/HBRS/AMR/AMR_PROJECT/amr-team-bot/build/particle_localization/install.log --install-scripts $base/lib/particle_localization --single-version-externally-managed install_data
[7.372s] INFO:colcon.colcon_core.shell:Creating environment descriptor '/home/ashraful/HBRS/AMR/AMR_PROJECT/amr-team-bot/install/particle_localization/share/particle_localization/hook/pythonpath.dsv'
[7.373s] INFO:colcon.colcon_core.shell:Creating environment hook '/home/ashraful/HBRS/AMR/AMR_PROJECT/amr-team-bot/install/particle_localization/share/particle_localization/hook/pythonpath.sh'
[7.375s] Level 1:colcon.colcon_core.environment:checking '/home/ashraful/HBRS/AMR/AMR_PROJECT/amr-team-bot/install/particle_localization/bin'
[7.375s] Level 1:colcon.colcon_core.environment:create_environment_scripts_only(particle_localization)
[7.376s] INFO:colcon.colcon_core.shell:Creating package script '/home/ashraful/HBRS/AMR/AMR_PROJECT/amr-team-bot/install/particle_localization/share/particle_localization/package.ps1'
[7.378s] INFO:colcon.colcon_core.shell:Creating package descriptor '/home/ashraful/HBRS/AMR/AMR_PROJECT/amr-team-bot/install/particle_localization/share/particle_localization/package.dsv'
[7.379s] INFO:colcon.colcon_core.shell:Creating package script '/home/ashraful/HBRS/AMR/AMR_PROJECT/amr-team-bot/install/particle_localization/share/particle_localization/package.sh'
[7.380s] INFO:colcon.colcon_core.shell:Creating package script '/home/ashraful/HBRS/AMR/AMR_PROJECT/amr-team-bot/install/particle_localization/share/particle_localization/package.bash'
[7.381s] INFO:colcon.colcon_core.shell:Creating package script '/home/ashraful/HBRS/AMR/AMR_PROJECT/amr-team-bot/install/particle_localization/share/particle_localization/package.zsh'
[7.381s] Level 1:colcon.colcon_core.environment:create_file_with_runtime_dependencies(/home/ashraful/HBRS/AMR/AMR_PROJECT/amr-team-bot/install/particle_localization/share/colcon-core/packages/particle_localization)
[8.291s] INFO:colcon.colcon_core.task.python.build:Building Python package in '/home/ashraful/HBRS/AMR/AMR_PROJECT/amr-team-bot/src/wavefront'
[8.292s] INFO:colcon.colcon_core.shell:Skip shell extension 'powershell' for command environment: Not usable outside of PowerShell
[8.292s] DEBUG:colcon.colcon_core.shell:Skip shell extension 'dsv' for command environment
[8.305s] INFO:colcon.colcon_ros.task.ament_cmake.build:Building ROS package in '/home/ashraful/HBRS/AMR/AMR_PROJECT/amr-team-bot/src/robile_gazebo' with build type 'ament_cmake'
[8.305s] INFO:colcon.colcon_cmake.task.cmake.build:Building CMake package in '/home/ashraful/HBRS/AMR/AMR_PROJECT/amr-team-bot/src/robile_gazebo'
[8.306s] INFO:colcon.colcon_core.shell:Skip shell extension 'powershell' for command environment: Not usable outside of PowerShell
[8.306s] DEBUG:colcon.colcon_core.shell:Skip shell extension 'dsv' for command environment
[8.320s] INFO:colcon.colcon_cmake.task.cmake.build:Building CMake package in '/home/ashraful/HBRS/AMR/AMR_PROJECT/amr-team-bot/src/robile_navigation'
[8.321s] INFO:colcon.colcon_core.shell:Skip shell extension 'powershell' for command environment: Not usable outside of PowerShell
[8.321s] DEBUG:colcon.colcon_core.shell:Skip shell extension 'dsv' for command environment
[8.333s] Level 1:colcon.colcon_core.environment:checking '/home/ashraful/HBRS/AMR/AMR_PROJECT/amr-team-bot/install/my_explorer' for CMake module files
[8.334s] DEBUG:colcon.colcon_core.event_handler.log_command:Invoked command in '/home/ashraful/HBRS/AMR/AMR_PROJECT/amr-team-bot/src/my_explorer' returned '0': PYTHONPATH=/home/ashraful/HBRS/AMR/AMR_PROJECT/amr-team-bot/build/my_explorer/prefix_override:/usr/lib/python3/dist-packages/colcon_core/task/python/colcon_distutils_commands:/home/ashraful/HBRS/AMR/AMR_PROJECT/amr-team-bot/install/my_explorer/lib/python3.10/site-packages:${PYTHONPATH} /usr/bin/python3 -W ignore:setup.py install is deprecated -W ignore:easy_install command is deprecated setup.py egg_info --egg-base ../../build/my_explorer build --build-base /home/ashraful/HBRS/AMR/AMR_PROJECT/amr-team-bot/build/my_explorer/build install --record /home/ashraful/HBRS/AMR/AMR_PROJECT/amr-team-bot/build/my_explorer/install.log --install-scripts $base/lib/my_explorer --single-version-externally-managed install_data
[8.335s] Level 1:colcon.colcon_core.environment:checking '/home/ashraful/HBRS/AMR/AMR_PROJECT/amr-team-bot/install/my_explorer' for CMake config files
[8.336s] Level 1:colcon.colcon_core.environment:checking '/home/ashraful/HBRS/AMR/AMR_PROJECT/amr-team-bot/install/my_explorer/lib'
[8.336s] Level 1:colcon.colcon_core.environment:checking '/home/ashraful/HBRS/AMR/AMR_PROJECT/amr-team-bot/install/my_explorer/bin'
[8.336s] Level 1:colcon.colcon_core.environment:checking '/home/ashraful/HBRS/AMR/AMR_PROJECT/amr-team-bot/install/my_explorer/lib/pkgconfig/my_explorer.pc'
[8.337s] Level 1:colcon.colcon_core.environment:checking '/home/ashraful/HBRS/AMR/AMR_PROJECT/amr-team-bot/install/my_explorer/lib/python3.10/site-packages'
[8.337s] Level 1:colcon.colcon_core.shell:create_environment_hook('my_explorer', 'pythonpath')
[8.337s] INFO:colcon.colcon_core.shell:Creating environment hook '/home/ashraful/HBRS/AMR/AMR_PROJECT/amr-team-bot/install/my_explorer/share/my_explorer/hook/pythonpath.ps1'
[8.338s] INFO:colcon.colcon_core.shell:Creating environment descriptor '/home/ashraful/HBRS/AMR/AMR_PROJECT/amr-team-bot/install/my_explorer/share/my_explorer/hook/pythonpath.dsv'
[8.339s] INFO:colcon.colcon_core.shell:Creating environment hook '/home/ashraful/HBRS/AMR/AMR_PROJECT/amr-team-bot/install/my_explorer/share/my_explorer/hook/pythonpath.sh'
[8.340s] Level 1:colcon.colcon_core.environment:checking '/home/ashraful/HBRS/AMR/AMR_PROJECT/amr-team-bot/install/my_explorer/bin'
[8.340s] Level 1:colcon.colcon_core.environment:create_environment_scripts_only(my_explorer)
[8.341s] INFO:colcon.colcon_core.shell:Creating package script '/home/ashraful/HBRS/AMR/AMR_PROJECT/amr-team-bot/install/my_explorer/share/my_explorer/package.ps1'
[8.342s] INFO:colcon.colcon_core.shell:Creating package descriptor '/home/ashraful/HBRS/AMR/AMR_PROJECT/amr-team-bot/install/my_explorer/share/my_explorer/package.dsv'
[8.343s] INFO:colcon.colcon_core.shell:Creating package script '/home/ashraful/HBRS/AMR/AMR_PROJECT/amr-team-bot/install/my_explorer/share/my_explorer/package.sh'
[8.344s] INFO:colcon.colcon_core.shell:Creating package script '/home/ashraful/HBRS/AMR/AMR_PROJECT/amr-team-bot/install/my_explorer/share/my_explorer/package.bash'
[8.345s] INFO:colcon.colcon_core.shell:Creating package script '/home/ashraful/HBRS/AMR/AMR_PROJECT/amr-team-bot/install/my_explorer/share/my_explorer/package.zsh'
[8.346s] Level 1:colcon.colcon_core.environment:create_file_with_runtime_dependencies(/home/ashraful/HBRS/AMR/AMR_PROJECT/amr-team-bot/install/my_explorer/share/colcon-core/packages/my_explorer)
[8.348s] DEBUG:colcon.colcon_core.task.python.build:Available setuptools commands: compile_catalog, easy_install, test, clean, build_clib, bdist_dumb, egg_info, update_catalog, upload_docs, bdist_egg, dist_info, install_headers, build_scripts, bdist_wheel, sdist, symlink_data, bdist_rpm, check, build, install_data, bdist, install_egg_info, build_py, setopt, extract_messages, init_catalog, build_ext, rotate, alias, install_lib, upload, saveopts, develop, install, register, install_scripts
[8.352s] DEBUG:colcon.colcon_core.task.python.build:Available setuptools commands: compile_catalog, easy_install, test, clean, build_clib, bdist_dumb, egg_info, update_catalog, upload_docs, bdist_egg, dist_info, install_headers, build_scripts, bdist_wheel, sdist, symlink_data, bdist_rpm, check, build, install_data, bdist, install_egg_info, build_py, setopt, extract_messages, init_catalog, build_ext, rotate, alias, install_lib, upload, saveopts, develop, install, register, install_scripts
[8.356s] DEBUG:colcon.colcon_core.event_handler.log_command:Invoking command in '/home/ashraful/HBRS/AMR/AMR_PROJECT/amr-team-bot/src/Robile/robile_bringup': PYTHONPATH=/home/ashraful/HBRS/AMR/AMR_PROJECT/amr-team-bot/build/robile_bringup/prefix_override:/usr/lib/python3/dist-packages/colcon_core/task/python/colcon_distutils_commands:/home/ashraful/HBRS/AMR/AMR_PROJECT/amr-team-bot/install/robile_bringup/lib/python3.10/site-packages:${PYTHONPATH} /usr/bin/python3 -W ignore:setup.py install is deprecated -W ignore:easy_install command is deprecated setup.py egg_info --egg-base ../../../build/robile_bringup build --build-base /home/ashraful/HBRS/AMR/AMR_PROJECT/amr-team-bot/build/robile_bringup/build install --record /home/ashraful/HBRS/AMR/AMR_PROJECT/amr-team-bot/build/robile_bringup/install.log --install-scripts $base/lib/robile_bringup --single-version-externally-managed install_data
[8.366s] DEBUG:colcon.colcon_core.event_handler.log_command:Invoking command in '/home/ashraful/HBRS/AMR/AMR_PROJECT/amr-team-bot/src/Robile/robile_demos/robile_reach_goal': PYTHONPATH=/home/ashraful/HBRS/AMR/AMR_PROJECT/amr-team-bot/build/robile_reach_goal/prefix_override:/usr/lib/python3/dist-packages/colcon_core/task/python/colcon_distutils_commands:/home/ashraful/HBRS/AMR/AMR_PROJECT/amr-team-bot/install/robile_reach_goal/lib/python3.10/site-packages:${PYTHONPATH} /usr/bin/python3 -W ignore:setup.py install is deprecated -W ignore:easy_install command is deprecated setup.py egg_info --egg-base ../../../../build/robile_reach_goal build --build-base /home/ashraful/HBRS/AMR/AMR_PROJECT/amr-team-bot/build/robile_reach_goal/build install --record /home/ashraful/HBRS/AMR/AMR_PROJECT/amr-team-bot/build/robile_reach_goal/install.log --install-scripts $base/lib/robile_reach_goal --single-version-externally-managed install_data
[8.367s] DEBUG:colcon.colcon_core.event_handler.log_command:Invoked command in '/home/ashraful/HBRS/AMR/AMR_PROJECT/amr-team-bot/build/amr_localization' returned '0': PYTHONPATH=/home/ashraful/HBRS/AMR/AMR_PROJECT/amr-team-bot/build/amr_localization/prefix_override:/usr/lib/python3/dist-packages/colcon_core/task/python/colcon_distutils_commands:/home/ashraful/HBRS/AMR/AMR_PROJECT/amr-team-bot/install/amr_localization/lib/python3.10/site-packages:${PYTHONPATH} /usr/bin/python3 -W ignore:setup.py install is deprecated -W ignore:easy_install command is deprecated setup.py develop --uninstall --editable --build-directory /home/ashraful/HBRS/AMR/AMR_PROJECT/amr-team-bot/build/amr_localization/build
[8.368s] DEBUG:colcon.colcon_core.event_handler.log_command:Invoking command in '/home/ashraful/HBRS/AMR/AMR_PROJECT/amr-team-bot/src/amr_localization': PYTHONPATH=/home/ashraful/HBRS/AMR/AMR_PROJECT/amr-team-bot/build/amr_localization/prefix_override:/usr/lib/python3/dist-packages/colcon_core/task/python/colcon_distutils_commands:/home/ashraful/HBRS/AMR/AMR_PROJECT/amr-team-bot/install/amr_localization/lib/python3.10/site-packages:${PYTHONPATH} /usr/bin/python3 -W ignore:setup.py install is deprecated -W ignore:easy_install command is deprecated setup.py egg_info --egg-base ../../build/amr_localization build --build-base /home/ashraful/HBRS/AMR/AMR_PROJECT/amr-team-bot/build/amr_localization/build install --record /home/ashraful/HBRS/AMR/AMR_PROJECT/amr-team-bot/build/amr_localization/install.log --install-scripts $base/lib/amr_localization --single-version-externally-managed install_data --force
[8.384s] DEBUG:colcon.colcon_core.event_handler.log_command:Invoking command in '/home/ashraful/HBRS/AMR/AMR_PROJECT/amr-team-bot/build/robile_gazebo': CMAKE_PREFIX_PATH=/home/ashraful/HBRS/AMR/AMR_PROJECT/amr-team-bot/install/robile_description:/home/ashraful/HBRS/AMR/AMR_PROJECT/amr-team-bot/install/robile_navigation:/home/ashraful/HBRS/AMR/AMR_PROJECT/amr-team-bot/install/robile_interfaces:/home/ashraful/HBRS/AMR/AMR_PROJECT/amr-team-bot/install/robile_gazebo:/home/ashraful/HBRS/AMR/AMR_PROJECT/amr-team-bot/install/aws_robomaker_small_house_world:/home/ashraful/HBRS/AMR/AMR_PROJECT/amr-team-bot/install/wavefront:/home/ashraful/HBRS/AMR/AMR_PROJECT/amr-team-bot/install/robile_reach_goal:/home/ashraful/HBRS/AMR/AMR_PROJECT/amr-team-bot/install/robile_control_simple:/home/ashraful/HBRS/AMR/AMR_PROJECT/amr-team-bot/install/robile_bringup:/home/ashraful/HBRS/AMR/AMR_PROJECT/amr-team-bot/install/potential:/home/ashraful/HBRS/AMR/AMR_PROJECT/amr-team-bot/install/particle_localization:/home/ashraful/HBRS/AMR/AMR_PROJECT/amr-team-bot/install/my_explorer:/home/ashraful/HBRS/AMR/AMR_PROJECT/amr-team-bot/install/mcl_particle_filter:/home/ashraful/HBRS/AMR/AMR_PROJECT/amr-team-bot/install/amr_localization:/opt/ros/humble /usr/bin/cmake --build /home/ashraful/HBRS/AMR/AMR_PROJECT/amr-team-bot/build/robile_gazebo -- -j8 -l8
[8.393s] DEBUG:colcon.colcon_core.event_handler.log_command:Invoking command in '/home/ashraful/HBRS/AMR/AMR_PROJECT/amr-team-bot/build/robile_navigation': CMAKE_PREFIX_PATH=/home/ashraful/HBRS/AMR/AMR_PROJECT/amr-team-bot/install/robile_interfaces:/home/ashraful/HBRS/AMR/AMR_PROJECT/amr-team-bot/install/robile_navigation:/home/ashraful/HBRS/AMR/AMR_PROJECT/amr-team-bot/install/robile_gazebo:/home/ashraful/HBRS/AMR/AMR_PROJECT/amr-team-bot/install/robile_description:/home/ashraful/HBRS/AMR/AMR_PROJECT/amr-team-bot/install/aws_robomaker_small_house_world /usr/bin/cmake /home/ashraful/HBRS/AMR/AMR_PROJECT/amr-team-bot/src/robile_navigation -DCMAKE_INSTALL_PREFIX=/home/ashraful/HBRS/AMR/AMR_PROJECT/amr-team-bot/install/robile_navigation
[8.426s] DEBUG:colcon.colcon_core.task.python.build:Available setuptools commands: compile_catalog, easy_install, test, clean, build_clib, bdist_dumb, egg_info, update_catalog, upload_docs, bdist_egg, dist_info, install_headers, build_scripts, bdist_wheel, sdist, symlink_data, bdist_rpm, check, build, install_data, bdist, install_egg_info, build_py, setopt, extract_messages, init_catalog, build_ext, rotate, alias, install_lib, upload, saveopts, develop, install, register, install_scripts
[8.434s] DEBUG:colcon.colcon_core.event_handler.log_command:Invoking command in '/home/ashraful/HBRS/AMR/AMR_PROJECT/amr-team-bot/src/Robile/robile_demos/robile_control_simple': PYTHONPATH=/home/ashraful/HBRS/AMR/AMR_PROJECT/amr-team-bot/build/robile_control_simple/prefix_override:/usr/lib/python3/dist-packages/colcon_core/task/python/colcon_distutils_commands:/home/ashraful/HBRS/AMR/AMR_PROJECT/amr-team-bot/install/robile_control_simple/lib/python3.10/site-packages:${PYTHONPATH} /usr/bin/python3 -W ignore:setup.py install is deprecated -W ignore:easy_install command is deprecated setup.py egg_info --egg-base ../../../../build/robile_control_simple build --build-base /home/ashraful/HBRS/AMR/AMR_PROJECT/amr-team-bot/build/robile_control_simple/build install --record /home/ashraful/HBRS/AMR/AMR_PROJECT/amr-team-bot/build/robile_control_simple/install.log --install-scripts $base/lib/robile_control_simple --single-version-externally-managed install_data
[8.514s] DEBUG:colcon.colcon_core.event_handler.log_command:Invoked command in '/home/ashraful/HBRS/AMR/AMR_PROJECT/amr-team-bot/build/robile_gazebo' returned '0': CMAKE_PREFIX_PATH=/home/ashraful/HBRS/AMR/AMR_PROJECT/amr-team-bot/install/robile_description:/home/ashraful/HBRS/AMR/AMR_PROJECT/amr-team-bot/install/robile_navigation:/home/ashraful/HBRS/AMR/AMR_PROJECT/amr-team-bot/install/robile_interfaces:/home/ashraful/HBRS/AMR/AMR_PROJECT/amr-team-bot/install/robile_gazebo:/home/ashraful/HBRS/AMR/AMR_PROJECT/amr-team-bot/install/aws_robomaker_small_house_world:/home/ashraful/HBRS/AMR/AMR_PROJECT/amr-team-bot/install/wavefront:/home/ashraful/HBRS/AMR/AMR_PROJECT/amr-team-bot/install/robile_reach_goal:/home/ashraful/HBRS/AMR/AMR_PROJECT/amr-team-bot/install/robile_control_simple:/home/ashraful/HBRS/AMR/AMR_PROJECT/amr-team-bot/install/robile_bringup:/home/ashraful/HBRS/AMR/AMR_PROJECT/amr-team-bot/install/potential:/home/ashraful/HBRS/AMR/AMR_PROJECT/amr-team-bot/install/particle_localization:/home/ashraful/HBRS/AMR/AMR_PROJECT/amr-team-bot/install/my_explorer:/home/ashraful/HBRS/AMR/AMR_PROJECT/amr-team-bot/install/mcl_particle_filter:/home/ashraful/HBRS/AMR/AMR_PROJECT/amr-team-bot/install/amr_localization:/opt/ros/humble /usr/bin/cmake --build /home/ashraful/HBRS/AMR/AMR_PROJECT/amr-team-bot/build/robile_gazebo -- -j8 -l8
[8.524s] DEBUG:colcon.colcon_core.event_handler.log_command:Invoking command in '/home/ashraful/HBRS/AMR/AMR_PROJECT/amr-team-bot/build/robile_gazebo': CMAKE_PREFIX_PATH=/home/ashraful/HBRS/AMR/AMR_PROJECT/amr-team-bot/install/robile_description:/home/ashraful/HBRS/AMR/AMR_PROJECT/amr-team-bot/install/robile_navigation:/home/ashraful/HBRS/AMR/AMR_PROJECT/amr-team-bot/install/robile_interfaces:/home/ashraful/HBRS/AMR/AMR_PROJECT/amr-team-bot/install/robile_gazebo:/home/ashraful/HBRS/AMR/AMR_PROJECT/amr-team-bot/install/aws_robomaker_small_house_world:/home/ashraful/HBRS/AMR/AMR_PROJECT/amr-team-bot/install/wavefront:/home/ashraful/HBRS/AMR/AMR_PROJECT/amr-team-bot/install/robile_reach_goal:/home/ashraful/HBRS/AMR/AMR_PROJECT/amr-team-bot/install/robile_control_simple:/home/ashraful/HBRS/AMR/AMR_PROJECT/amr-team-bot/install/robile_bringup:/home/ashraful/HBRS/AMR/AMR_PROJECT/amr-team-bot/install/potential:/home/ashraful/HBRS/AMR/AMR_PROJECT/amr-team-bot/install/particle_localization:/home/ashraful/HBRS/AMR/AMR_PROJECT/amr-team-bot/install/my_explorer:/home/ashraful/HBRS/AMR/AMR_PROJECT/amr-team-bot/install/mcl_particle_filter:/home/ashraful/HBRS/AMR/AMR_PROJECT/amr-team-bot/install/amr_localization:/opt/ros/humble /usr/bin/cmake --install /home/ashraful/HBRS/AMR/AMR_PROJECT/amr-team-bot/build/robile_gazebo
[9.196s] Level 1:colcon.colcon_core.environment:create_environment_scripts_only(robile_gazebo)
[9.197s] Level 1:colcon.colcon_core.environment:checking '/home/ashraful/HBRS/AMR/AMR_PROJECT/amr-team-bot/install/robile_gazebo' for CMake module files
[9.199s] Level 1:colcon.colcon_core.environment:checking '/home/ashraful/HBRS/AMR/AMR_PROJECT/amr-team-bot/install/robile_gazebo' for CMake config files
[9.200s] DEBUG:colcon.colcon_core.event_handler.log_command:Invoked command in '/home/ashraful/HBRS/AMR/AMR_PROJECT/amr-team-bot/build/robile_gazebo' returned '0': CMAKE_PREFIX_PATH=/home/ashraful/HBRS/AMR/AMR_PROJECT/amr-team-bot/install/robile_description:/home/ashraful/HBRS/AMR/AMR_PROJECT/amr-team-bot/install/robile_navigation:/home/ashraful/HBRS/AMR/AMR_PROJECT/amr-team-bot/install/robile_interfaces:/home/ashraful/HBRS/AMR/AMR_PROJECT/amr-team-bot/install/robile_gazebo:/home/ashraful/HBRS/AMR/AMR_PROJECT/amr-team-bot/install/aws_robomaker_small_house_world:/home/ashraful/HBRS/AMR/AMR_PROJECT/amr-team-bot/install/wavefront:/home/ashraful/HBRS/AMR/AMR_PROJECT/amr-team-bot/install/robile_reach_goal:/home/ashraful/HBRS/AMR/AMR_PROJECT/amr-team-bot/install/robile_control_simple:/home/ashraful/HBRS/AMR/AMR_PROJECT/amr-team-bot/install/robile_bringup:/home/ashraful/HBRS/AMR/AMR_PROJECT/amr-team-bot/install/potential:/home/ashraful/HBRS/AMR/AMR_PROJECT/amr-team-bot/install/particle_localization:/home/ashraful/HBRS/AMR/AMR_PROJECT/amr-team-bot/install/my_explorer:/home/ashraful/HBRS/AMR/AMR_PROJECT/amr-team-bot/install/mcl_particle_filter:/home/ashraful/HBRS/AMR/AMR_PROJECT/amr-team-bot/install/amr_localization:/opt/ros/humble /usr/bin/cmake --install /home/ashraful/HBRS/AMR/AMR_PROJECT/amr-team-bot/build/robile_gazebo
[9.218s] Level 1:colcon.colcon_core.shell:create_environment_hook('robile_gazebo', 'cmake_prefix_path')
[9.219s] INFO:colcon.colcon_core.shell:Creating environment hook '/home/ashraful/HBRS/AMR/AMR_PROJECT/amr-team-bot/install/robile_gazebo/share/robile_gazebo/hook/cmake_prefix_path.ps1'
[9.221s] INFO:colcon.colcon_core.shell:Creating environment descriptor '/home/ashraful/HBRS/AMR/AMR_PROJECT/amr-team-bot/install/robile_gazebo/share/robile_gazebo/hook/cmake_prefix_path.dsv'
[9.222s] INFO:colcon.colcon_core.shell:Creating environment hook '/home/ashraful/HBRS/AMR/AMR_PROJECT/amr-team-bot/install/robile_gazebo/share/robile_gazebo/hook/cmake_prefix_path.sh'
[9.223s] Level 1:colcon.colcon_core.environment:checking '/home/ashraful/HBRS/AMR/AMR_PROJECT/amr-team-bot/install/robile_gazebo/bin'
[9.223s] Level 1:colcon.colcon_core.environment:checking '/home/ashraful/HBRS/AMR/AMR_PROJECT/amr-team-bot/install/robile_gazebo/lib/pkgconfig/robile_gazebo.pc'
[9.224s] Level 1:colcon.colcon_core.environment:checking '/home/ashraful/HBRS/AMR/AMR_PROJECT/amr-team-bot/install/robile_gazebo/lib/python3.10/site-packages'
[9.225s] Level 1:colcon.colcon_core.environment:checking '/home/ashraful/HBRS/AMR/AMR_PROJECT/amr-team-bot/install/robile_gazebo/bin'
[9.226s] INFO:colcon.colcon_core.shell:Creating package script '/home/ashraful/HBRS/AMR/AMR_PROJECT/amr-team-bot/install/robile_gazebo/share/robile_gazebo/package.ps1'
[9.227s] INFO:colcon.colcon_core.shell:Creating package descriptor '/home/ashraful/HBRS/AMR/AMR_PROJECT/amr-team-bot/install/robile_gazebo/share/robile_gazebo/package.dsv'
[9.229s] INFO:colcon.colcon_core.shell:Creating package script '/home/ashraful/HBRS/AMR/AMR_PROJECT/amr-team-bot/install/robile_gazebo/share/robile_gazebo/package.sh'
[9.230s] INFO:colcon.colcon_core.shell:Creating package script '/home/ashraful/HBRS/AMR/AMR_PROJECT/amr-team-bot/install/robile_gazebo/share/robile_gazebo/package.bash'
[9.231s] INFO:colcon.colcon_core.shell:Creating package script '/home/ashraful/HBRS/AMR/AMR_PROJECT/amr-team-bot/install/robile_gazebo/share/robile_gazebo/package.zsh'
[9.233s] Level 1:colcon.colcon_core.environment:create_file_with_runtime_dependencies(/home/ashraful/HBRS/AMR/AMR_PROJECT/amr-team-bot/install/robile_gazebo/share/colcon-core/packages/robile_gazebo)
[9.235s] Level 1:colcon.colcon_core.environment:create_environment_scripts_only(robile_gazebo)
[9.236s] Level 1:colcon.colcon_core.environment:checking '/home/ashraful/HBRS/AMR/AMR_PROJECT/amr-team-bot/install/robile_gazebo' for CMake module files
[9.237s] Level 1:colcon.colcon_core.environment:checking '/home/ashraful/HBRS/AMR/AMR_PROJECT/amr-team-bot/install/robile_gazebo' for CMake config files
[9.258s] Level 1:colcon.colcon_core.shell:create_environment_hook('robile_gazebo', 'cmake_prefix_path')
[9.259s] INFO:colcon.colcon_core.shell:Creating environment hook '/home/ashraful/HBRS/AMR/AMR_PROJECT/amr-team-bot/install/robile_gazebo/share/robile_gazebo/hook/cmake_prefix_path.ps1'
[9.263s] INFO:colcon.colcon_core.shell:Creating environment descriptor '/home/ashraful/HBRS/AMR/AMR_PROJECT/amr-team-bot/install/robile_gazebo/share/robile_gazebo/hook/cmake_prefix_path.dsv'
[9.264s] INFO:colcon.colcon_core.shell:Creating environment hook '/home/ashraful/HBRS/AMR/AMR_PROJECT/amr-team-bot/install/robile_gazebo/share/robile_gazebo/hook/cmake_prefix_path.sh'
[9.266s] Level 1:colcon.colcon_core.environment:checking '/home/ashraful/HBRS/AMR/AMR_PROJECT/amr-team-bot/install/robile_gazebo/bin'
[9.267s] Level 1:colcon.colcon_core.environment:checking '/home/ashraful/HBRS/AMR/AMR_PROJECT/amr-team-bot/install/robile_gazebo/lib/pkgconfig/robile_gazebo.pc'
[9.268s] Level 1:colcon.colcon_core.environment:checking '/home/ashraful/HBRS/AMR/AMR_PROJECT/amr-team-bot/install/robile_gazebo/lib/python3.10/site-packages'
[9.271s] Level 1:colcon.colcon_core.environment:checking '/home/ashraful/HBRS/AMR/AMR_PROJECT/amr-team-bot/install/robile_gazebo/bin'
[9.273s] INFO:colcon.colcon_core.shell:Creating package script '/home/ashraful/HBRS/AMR/AMR_PROJECT/amr-team-bot/install/robile_gazebo/share/robile_gazebo/package.ps1'
[9.275s] INFO:colcon.colcon_core.shell:Creating package descriptor '/home/ashraful/HBRS/AMR/AMR_PROJECT/amr-team-bot/install/robile_gazebo/share/robile_gazebo/package.dsv'
[9.277s] INFO:colcon.colcon_core.shell:Creating package script '/home/ashraful/HBRS/AMR/AMR_PROJECT/amr-team-bot/install/robile_gazebo/share/robile_gazebo/package.sh'
[9.278s] INFO:colcon.colcon_core.shell:Creating package script '/home/ashraful/HBRS/AMR/AMR_PROJECT/amr-team-bot/install/robile_gazebo/share/robile_gazebo/package.bash'
[9.280s] INFO:colcon.colcon_core.shell:Creating package script '/home/ashraful/HBRS/AMR/AMR_PROJECT/amr-team-bot/install/robile_gazebo/share/robile_gazebo/package.zsh'
[9.282s] Level 1:colcon.colcon_core.environment:create_file_with_runtime_dependencies(/home/ashraful/HBRS/AMR/AMR_PROJECT/amr-team-bot/install/robile_gazebo/share/colcon-core/packages/robile_gazebo)
[9.403s] Level 1:colcon.colcon_core.environment:checking '/home/ashraful/HBRS/AMR/AMR_PROJECT/amr-team-bot/install/robile_bringup' for CMake module files
[9.404s] Level 1:colcon.colcon_core.environment:checking '/home/ashraful/HBRS/AMR/AMR_PROJECT/amr-team-bot/install/robile_bringup' for CMake config files
[9.406s] DEBUG:colcon.colcon_core.event_handler.log_command:Invoked command in '/home/ashraful/HBRS/AMR/AMR_PROJECT/amr-team-bot/src/Robile/robile_bringup' returned '0': PYTHONPATH=/home/ashraful/HBRS/AMR/AMR_PROJECT/amr-team-bot/build/robile_bringup/prefix_override:/usr/lib/python3/dist-packages/colcon_core/task/python/colcon_distutils_commands:/home/ashraful/HBRS/AMR/AMR_PROJECT/amr-team-bot/install/robile_bringup/lib/python3.10/site-packages:${PYTHONPATH} /usr/bin/python3 -W ignore:setup.py install is deprecated -W ignore:easy_install command is deprecated setup.py egg_info --egg-base ../../../build/robile_bringup build --build-base /home/ashraful/HBRS/AMR/AMR_PROJECT/amr-team-bot/build/robile_bringup/build install --record /home/ashraful/HBRS/AMR/AMR_PROJECT/amr-team-bot/build/robile_bringup/install.log --install-scripts $base/lib/robile_bringup --single-version-externally-managed install_data
[9.406s] Level 1:colcon.colcon_core.environment:checking '/home/ashraful/HBRS/AMR/AMR_PROJECT/amr-team-bot/install/robile_bringup/lib'
[9.406s] Level 1:colcon.colcon_core.environment:checking '/home/ashraful/HBRS/AMR/AMR_PROJECT/amr-team-bot/install/robile_bringup/bin'
[9.406s] Level 1:colcon.colcon_core.environment:checking '/home/ashraful/HBRS/AMR/AMR_PROJECT/amr-team-bot/install/robile_bringup/lib/pkgconfig/robile_bringup.pc'
[9.407s] Level 1:colcon.colcon_core.environment:checking '/home/ashraful/HBRS/AMR/AMR_PROJECT/amr-team-bot/install/robile_bringup/lib/python3.10/site-packages'
[9.407s] Level 1:colcon.colcon_core.shell:create_environment_hook('robile_bringup', 'pythonpath')
[9.408s] INFO:colcon.colcon_core.shell:Creating environment hook '/home/ashraful/HBRS/AMR/AMR_PROJECT/amr-team-bot/install/robile_bringup/share/robile_bringup/hook/pythonpath.ps1'
[9.409s] INFO:colcon.colcon_core.shell:Creating environment descriptor '/home/ashraful/HBRS/AMR/AMR_PROJECT/amr-team-bot/install/robile_bringup/share/robile_bringup/hook/pythonpath.dsv'
[9.410s] INFO:colcon.colcon_core.shell:Creating environment hook '/home/ashraful/HBRS/AMR/AMR_PROJECT/amr-team-bot/install/robile_bringup/share/robile_bringup/hook/pythonpath.sh'
[9.412s] Level 1:colcon.colcon_core.environment:checking '/home/ashraful/HBRS/AMR/AMR_PROJECT/amr-team-bot/install/robile_bringup/bin'
[9.412s] Level 1:colcon.colcon_core.environment:create_environment_scripts_only(robile_bringup)
[9.413s] INFO:colcon.colcon_core.shell:Creating package script '/home/ashraful/HBRS/AMR/AMR_PROJECT/amr-team-bot/install/robile_bringup/share/robile_bringup/package.ps1'
[9.414s] INFO:colcon.colcon_core.shell:Creating package descriptor '/home/ashraful/HBRS/AMR/AMR_PROJECT/amr-team-bot/install/robile_bringup/share/robile_bringup/package.dsv'
[9.415s] INFO:colcon.colcon_core.shell:Creating package script '/home/ashraful/HBRS/AMR/AMR_PROJECT/amr-team-bot/install/robile_bringup/share/robile_bringup/package.sh'
[9.416s] INFO:colcon.colcon_core.shell:Creating package script '/home/ashraful/HBRS/AMR/AMR_PROJECT/amr-team-bot/install/robile_bringup/share/robile_bringup/package.bash'
[9.417s] INFO:colcon.colcon_core.shell:Creating package script '/home/ashraful/HBRS/AMR/AMR_PROJECT/amr-team-bot/install/robile_bringup/share/robile_bringup/package.zsh'
[9.418s] Level 1:colcon.colcon_core.environment:create_file_with_runtime_dependencies(/home/ashraful/HBRS/AMR/AMR_PROJECT/amr-team-bot/install/robile_bringup/share/colcon-core/packages/robile_bringup)
[9.437s] Level 1:colcon.colcon_core.environment:checking '/home/ashraful/HBRS/AMR/AMR_PROJECT/amr-team-bot/install/robile_reach_goal' for CMake module files
[9.439s] DEBUG:colcon.colcon_core.event_handler.log_command:Invoked command in '/home/ashraful/HBRS/AMR/AMR_PROJECT/amr-team-bot/src/Robile/robile_demos/robile_reach_goal' returned '0': PYTHONPATH=/home/ashraful/HBRS/AMR/AMR_PROJECT/amr-team-bot/build/robile_reach_goal/prefix_override:/usr/lib/python3/dist-packages/colcon_core/task/python/colcon_distutils_commands:/home/ashraful/HBRS/AMR/AMR_PROJECT/amr-team-bot/install/robile_reach_goal/lib/python3.10/site-packages:${PYTHONPATH} /usr/bin/python3 -W ignore:setup.py install is deprecated -W ignore:easy_install command is deprecated setup.py egg_info --egg-base ../../../../build/robile_reach_goal build --build-base /home/ashraful/HBRS/AMR/AMR_PROJECT/amr-team-bot/build/robile_reach_goal/build install --record /home/ashraful/HBRS/AMR/AMR_PROJECT/amr-team-bot/build/robile_reach_goal/install.log --install-scripts $base/lib/robile_reach_goal --single-version-externally-managed install_data
[9.440s] Level 1:colcon.colcon_core.environment:checking '/home/ashraful/HBRS/AMR/AMR_PROJECT/amr-team-bot/install/robile_reach_goal' for CMake config files
[9.441s] Level 1:colcon.colcon_core.environment:checking '/home/ashraful/HBRS/AMR/AMR_PROJECT/amr-team-bot/install/robile_reach_goal/lib'
[9.441s] Level 1:colcon.colcon_core.environment:checking '/home/ashraful/HBRS/AMR/AMR_PROJECT/amr-team-bot/install/robile_reach_goal/bin'
[9.441s] Level 1:colcon.colcon_core.environment:checking '/home/ashraful/HBRS/AMR/AMR_PROJECT/amr-team-bot/install/robile_reach_goal/lib/pkgconfig/robile_reach_goal.pc'
[9.441s] Level 1:colcon.colcon_core.environment:checking '/home/ashraful/HBRS/AMR/AMR_PROJECT/amr-team-bot/install/robile_reach_goal/lib/python3.10/site-packages'
[9.442s] Level 1:colcon.colcon_core.shell:create_environment_hook('robile_reach_goal', 'pythonpath')
[9.442s] INFO:colcon.colcon_core.shell:Creating environment hook '/home/ashraful/HBRS/AMR/AMR_PROJECT/amr-team-bot/install/robile_reach_goal/share/robile_reach_goal/hook/pythonpath.ps1'
[9.443s] INFO:colcon.colcon_core.shell:Creating environment descriptor '/home/ashraful/HBRS/AMR/AMR_PROJECT/amr-team-bot/install/robile_reach_goal/share/robile_reach_goal/hook/pythonpath.dsv'
[9.444s] INFO:colcon.colcon_core.shell:Creating environment hook '/home/ashraful/HBRS/AMR/AMR_PROJECT/amr-team-bot/install/robile_reach_goal/share/robile_reach_goal/hook/pythonpath.sh'
[9.446s] Level 1:colcon.colcon_core.environment:checking '/home/ashraful/HBRS/AMR/AMR_PROJECT/amr-team-bot/install/robile_reach_goal/bin'
[9.446s] Level 1:colcon.colcon_core.environment:create_environment_scripts_only(robile_reach_goal)
[9.447s] INFO:colcon.colcon_core.shell:Creating package script '/home/ashraful/HBRS/AMR/AMR_PROJECT/amr-team-bot/install/robile_reach_goal/share/robile_reach_goal/package.ps1'
[9.449s] INFO:colcon.colcon_core.shell:Creating package descriptor '/home/ashraful/HBRS/AMR/AMR_PROJECT/amr-team-bot/install/robile_reach_goal/share/robile_reach_goal/package.dsv'
[9.450s] INFO:colcon.colcon_core.shell:Creating package script '/home/ashraful/HBRS/AMR/AMR_PROJECT/amr-team-bot/install/robile_reach_goal/share/robile_reach_goal/package.sh'
[9.451s] INFO:colcon.colcon_core.shell:Creating package script '/home/ashraful/HBRS/AMR/AMR_PROJECT/amr-team-bot/install/robile_reach_goal/share/robile_reach_goal/package.bash'
[9.452s] INFO:colcon.colcon_core.shell:Creating package script '/home/ashraful/HBRS/AMR/AMR_PROJECT/amr-team-bot/install/robile_reach_goal/share/robile_reach_goal/package.zsh'
[9.453s] Level 1:colcon.colcon_core.environment:create_file_with_runtime_dependencies(/home/ashraful/HBRS/AMR/AMR_PROJECT/amr-team-bot/install/robile_reach_goal/share/colcon-core/packages/robile_reach_goal)
[9.483s] Level 1:colcon.colcon_core.environment:checking '/home/ashraful/HBRS/AMR/AMR_PROJECT/amr-team-bot/install/robile_control_simple' for CMake module files
[9.485s] DEBUG:colcon.colcon_core.event_handler.log_command:Invoked command in '/home/ashraful/HBRS/AMR/AMR_PROJECT/amr-team-bot/src/Robile/robile_demos/robile_control_simple' returned '0': PYTHONPATH=/home/ashraful/HBRS/AMR/AMR_PROJECT/amr-team-bot/build/robile_control_simple/prefix_override:/usr/lib/python3/dist-packages/colcon_core/task/python/colcon_distutils_commands:/home/ashraful/HBRS/AMR/AMR_PROJECT/amr-team-bot/install/robile_control_simple/lib/python3.10/site-packages:${PYTHONPATH} /usr/bin/python3 -W ignore:setup.py install is deprecated -W ignore:easy_install command is deprecated setup.py egg_info --egg-base ../../../../build/robile_control_simple build --build-base /home/ashraful/HBRS/AMR/AMR_PROJECT/amr-team-bot/build/robile_control_simple/build install --record /home/ashraful/HBRS/AMR/AMR_PROJECT/amr-team-bot/build/robile_control_simple/install.log --install-scripts $base/lib/robile_control_simple --single-version-externally-managed install_data
[9.486s] Level 1:colcon.colcon_core.environment:checking '/home/ashraful/HBRS/AMR/AMR_PROJECT/amr-team-bot/install/robile_control_simple' for CMake config files
[9.488s] Level 1:colcon.colcon_core.environment:checking '/home/ashraful/HBRS/AMR/AMR_PROJECT/amr-team-bot/install/robile_control_simple/lib'
[9.488s] Level 1:colcon.colcon_core.environment:checking '/home/ashraful/HBRS/AMR/AMR_PROJECT/amr-team-bot/install/robile_control_simple/bin'
[9.488s] Level 1:colcon.colcon_core.environment:checking '/home/ashraful/HBRS/AMR/AMR_PROJECT/amr-team-bot/install/robile_control_simple/lib/pkgconfig/robile_control_simple.pc'
[9.489s] Level 1:colcon.colcon_core.environment:checking '/home/ashraful/HBRS/AMR/AMR_PROJECT/amr-team-bot/install/robile_control_simple/lib/python3.10/site-packages'
[9.489s] Level 1:colcon.colcon_core.shell:create_environment_hook('robile_control_simple', 'pythonpath')
[9.490s] INFO:colcon.colcon_core.shell:Creating environment hook '/home/ashraful/HBRS/AMR/AMR_PROJECT/amr-team-bot/install/robile_control_simple/share/robile_control_simple/hook/pythonpath.ps1'
[9.492s] INFO:colcon.colcon_core.shell:Creating environment descriptor '/home/ashraful/HBRS/AMR/AMR_PROJECT/amr-team-bot/install/robile_control_simple/share/robile_control_simple/hook/pythonpath.dsv'
[9.493s] INFO:colcon.colcon_core.shell:Creating environment hook '/home/ashraful/HBRS/AMR/AMR_PROJECT/amr-team-bot/install/robile_control_simple/share/robile_control_simple/hook/pythonpath.sh'
[9.495s] Level 1:colcon.colcon_core.environment:checking '/home/ashraful/HBRS/AMR/AMR_PROJECT/amr-team-bot/install/robile_control_simple/bin'
[9.495s] Level 1:colcon.colcon_core.environment:create_environment_scripts_only(robile_control_simple)
[9.496s] INFO:colcon.colcon_core.shell:Creating package script '/home/ashraful/HBRS/AMR/AMR_PROJECT/amr-team-bot/install/robile_control_simple/share/robile_control_simple/package.ps1'
[9.499s] INFO:colcon.colcon_core.shell:Creating package descriptor '/home/ashraful/HBRS/AMR/AMR_PROJECT/amr-team-bot/install/robile_control_simple/share/robile_control_simple/package.dsv'
[9.500s] INFO:colcon.colcon_core.shell:Creating package script '/home/ashraful/HBRS/AMR/AMR_PROJECT/amr-team-bot/install/robile_control_simple/share/robile_control_simple/package.sh'
[9.502s] INFO:colcon.colcon_core.shell:Creating package script '/home/ashraful/HBRS/AMR/AMR_PROJECT/amr-team-bot/install/robile_control_simple/share/robile_control_simple/package.bash'
[9.503s] INFO:colcon.colcon_core.shell:Creating package script '/home/ashraful/HBRS/AMR/AMR_PROJECT/amr-team-bot/install/robile_control_simple/share/robile_control_simple/package.zsh'
[9.504s] Level 1:colcon.colcon_core.environment:create_file_with_runtime_dependencies(/home/ashraful/HBRS/AMR/AMR_PROJECT/amr-team-bot/install/robile_control_simple/share/colcon-core/packages/robile_control_simple)
[9.507s] Level 1:colcon.colcon_core.environment:checking '/home/ashraful/HBRS/AMR/AMR_PROJECT/amr-team-bot/install/amr_localization' for CMake module files
[9.508s] DEBUG:colcon.colcon_core.event_handler.log_command:Invoked command in '/home/ashraful/HBRS/AMR/AMR_PROJECT/amr-team-bot/src/amr_localization' returned '0': PYTHONPATH=/home/ashraful/HBRS/AMR/AMR_PROJECT/amr-team-bot/build/amr_localization/prefix_override:/usr/lib/python3/dist-packages/colcon_core/task/python/colcon_distutils_commands:/home/ashraful/HBRS/AMR/AMR_PROJECT/amr-team-bot/install/amr_localization/lib/python3.10/site-packages:${PYTHONPATH} /usr/bin/python3 -W ignore:setup.py install is deprecated -W ignore:easy_install command is deprecated setup.py egg_info --egg-base ../../build/amr_localization build --build-base /home/ashraful/HBRS/AMR/AMR_PROJECT/amr-team-bot/build/amr_localization/build install --record /home/ashraful/HBRS/AMR/AMR_PROJECT/amr-team-bot/build/amr_localization/install.log --install-scripts $base/lib/amr_localization --single-version-externally-managed install_data --force
[9.509s] Level 1:colcon.colcon_core.environment:checking '/home/ashraful/HBRS/AMR/AMR_PROJECT/amr-team-bot/install/amr_localization' for CMake config files
[9.510s] Level 1:colcon.colcon_core.environment:checking '/home/ashraful/HBRS/AMR/AMR_PROJECT/amr-team-bot/install/amr_localization/lib'
[9.510s] Level 1:colcon.colcon_core.environment:checking '/home/ashraful/HBRS/AMR/AMR_PROJECT/amr-team-bot/install/amr_localization/bin'
[9.510s] Level 1:colcon.colcon_core.environment:checking '/home/ashraful/HBRS/AMR/AMR_PROJECT/amr-team-bot/install/amr_localization/lib/pkgconfig/amr_localization.pc'
[9.511s] Level 1:colcon.colcon_core.environment:checking '/home/ashraful/HBRS/AMR/AMR_PROJECT/amr-team-bot/install/amr_localization/lib/python3.10/site-packages'
[9.511s] Level 1:colcon.colcon_core.shell:create_environment_hook('amr_localization', 'pythonpath')
[9.512s] INFO:colcon.colcon_core.shell:Creating environment hook '/home/ashraful/HBRS/AMR/AMR_PROJECT/amr-team-bot/install/amr_localization/share/amr_localization/hook/pythonpath.ps1'
[9.513s] INFO:colcon.colcon_core.shell:Creating environment descriptor '/home/ashraful/HBRS/AMR/AMR_PROJECT/amr-team-bot/install/amr_localization/share/amr_localization/hook/pythonpath.dsv'
[9.513s] INFO:colcon.colcon_core.shell:Creating environment hook '/home/ashraful/HBRS/AMR/AMR_PROJECT/amr-team-bot/install/amr_localization/share/amr_localization/hook/pythonpath.sh'
[9.515s] Level 1:colcon.colcon_core.environment:checking '/home/ashraful/HBRS/AMR/AMR_PROJECT/amr-team-bot/install/amr_localization/bin'
[9.515s] Level 1:colcon.colcon_core.environment:create_environment_scripts_only(amr_localization)
[9.515s] INFO:colcon.colcon_core.shell:Creating package script '/home/ashraful/HBRS/AMR/AMR_PROJECT/amr-team-bot/install/amr_localization/share/amr_localization/package.ps1'
[9.517s] INFO:colcon.colcon_core.shell:Creating package descriptor '/home/ashraful/HBRS/AMR/AMR_PROJECT/amr-team-bot/install/amr_localization/share/amr_localization/package.dsv'
[9.518s] INFO:colcon.colcon_core.shell:Creating package script '/home/ashraful/HBRS/AMR/AMR_PROJECT/amr-team-bot/install/amr_localization/share/amr_localization/package.sh'
[9.519s] INFO:colcon.colcon_core.shell:Creating package script '/home/ashraful/HBRS/AMR/AMR_PROJECT/amr-team-bot/install/amr_localization/share/amr_localization/package.bash'
[9.519s] INFO:colcon.colcon_core.shell:Creating package script '/home/ashraful/HBRS/AMR/AMR_PROJECT/amr-team-bot/install/amr_localization/share/amr_localization/package.zsh'
[9.520s] Level 1:colcon.colcon_core.environment:create_file_with_runtime_dependencies(/home/ashraful/HBRS/AMR/AMR_PROJECT/amr-team-bot/install/amr_localization/share/colcon-core/packages/amr_localization)
[9.650s] DEBUG:colcon.colcon_core.task.python.build:Available setuptools commands: compile_catalog, easy_install, test, clean, build_clib, bdist_dumb, egg_info, update_catalog, upload_docs, bdist_egg, dist_info, install_headers, build_scripts, bdist_wheel, sdist, symlink_data, bdist_rpm, check, build, install_data, bdist, install_egg_info, build_py, setopt, extract_messages, init_catalog, build_ext, rotate, alias, install_lib, upload, saveopts, develop, install, register, install_scripts
[9.653s] DEBUG:colcon.colcon_core.event_handler.log_command:Invoking command in '/home/ashraful/HBRS/AMR/AMR_PROJECT/amr-team-bot/build/wavefront': PYTHONPATH=/home/ashraful/HBRS/AMR/AMR_PROJECT/amr-team-bot/build/wavefront/prefix_override:/usr/lib/python3/dist-packages/colcon_core/task/python/colcon_distutils_commands:/home/ashraful/HBRS/AMR/AMR_PROJECT/amr-team-bot/install/wavefront/lib/python3.10/site-packages:${PYTHONPATH} /usr/bin/python3 -W ignore:setup.py install is deprecated -W ignore:easy_install command is deprecated setup.py develop --uninstall --editable --build-directory /home/ashraful/HBRS/AMR/AMR_PROJECT/amr-team-bot/build/wavefront/build
[9.991s] DEBUG:colcon.colcon_core.event_handler.log_command:Invoked command in '/home/ashraful/HBRS/AMR/AMR_PROJECT/amr-team-bot/build/robile_navigation' returned '1': CMAKE_PREFIX_PATH=/home/ashraful/HBRS/AMR/AMR_PROJECT/amr-team-bot/install/robile_interfaces:/home/ashraful/HBRS/AMR/AMR_PROJECT/amr-team-bot/install/robile_navigation:/home/ashraful/HBRS/AMR/AMR_PROJECT/amr-team-bot/install/robile_gazebo:/home/ashraful/HBRS/AMR/AMR_PROJECT/amr-team-bot/install/robile_description:/home/ashraful/HBRS/AMR/AMR_PROJECT/amr-team-bot/install/aws_robomaker_small_house_world /usr/bin/cmake /home/ashraful/HBRS/AMR/AMR_PROJECT/amr-team-bot/src/robile_navigation -DCMAKE_INSTALL_PREFIX=/home/ashraful/HBRS/AMR/AMR_PROJECT/amr-team-bot/install/robile_navigation
[10.733s] DEBUG:colcon.colcon_parallel_executor.executor.parallel:closing loop
[10.734s] DEBUG:colcon.colcon_parallel_executor.executor.parallel:loop closed
[10.734s] DEBUG:colcon.colcon_parallel_executor.executor.parallel:run_until_complete finished with '1'
[10.734s] DEBUG:colcon.colcon_core.event_reactor:joining thread
[10.745s] INFO:colcon.colcon_core.plugin_system:Skipping extension 'colcon_notification.desktop_notification.terminal_notifier': Not used on non-Darwin systems
[10.745s] INFO:colcon.colcon_core.plugin_system:Skipping extension 'colcon_notification.desktop_notification.win32': Not used on non-Windows systems
[10.745s] INFO:colcon.colcon_notification.desktop_notification:Sending desktop notification using 'notify2'
[10.768s] DEBUG:colcon.colcon_core.event_reactor:joined thread
[10.769s] INFO:colcon.colcon_core.shell:Creating prefix script '/home/ashraful/HBRS/AMR/AMR_PROJECT/amr-team-bot/install/local_setup.ps1'
[10.771s] INFO:colcon.colcon_core.shell:Creating prefix util module '/home/ashraful/HBRS/AMR/AMR_PROJECT/amr-team-bot/install/_local_setup_util_ps1.py'
[10.775s] INFO:colcon.colcon_core.shell:Creating prefix chain script '/home/ashraful/HBRS/AMR/AMR_PROJECT/amr-team-bot/install/setup.ps1'
[10.778s] INFO:colcon.colcon_core.shell:Creating prefix script '/home/ashraful/HBRS/AMR/AMR_PROJECT/amr-team-bot/install/local_setup.sh'
[10.780s] INFO:colcon.colcon_core.shell:Creating prefix util module '/home/ashraful/HBRS/AMR/AMR_PROJECT/amr-team-bot/install/_local_setup_util_sh.py'
[10.781s] INFO:colcon.colcon_core.shell:Creating prefix chain script '/home/ashraful/HBRS/AMR/AMR_PROJECT/amr-team-bot/install/setup.sh'
[10.784s] INFO:colcon.colcon_core.shell:Creating prefix script '/home/ashraful/HBRS/AMR/AMR_PROJECT/amr-team-bot/install/local_setup.bash'
[10.785s] INFO:colcon.colcon_core.shell:Creating prefix chain script '/home/ashraful/HBRS/AMR/AMR_PROJECT/amr-team-bot/install/setup.bash'
[10.788s] INFO:colcon.colcon_core.shell:Creating prefix script '/home/ashraful/HBRS/AMR/AMR_PROJECT/amr-team-bot/install/local_setup.zsh'
[10.789s] INFO:colcon.colcon_core.shell:Creating prefix chain script '/home/ashraful/HBRS/AMR/AMR_PROJECT/amr-team-bot/install/setup.zsh'
