[0.744s] Invoking command in '/home/ashraful/HBRS/AMR/AMR_PROJECT/amr-team-bot/build/aws_robomaker_small_house_world': CMAKE_PREFIX_PATH=${CMAKE_PREFIX_PATH}:/home/ashraful/HBRS/AMR/AMR_PROJECT/amr-team-bot/install/wavefront:/home/ashraful/HBRS/AMR/AMR_PROJECT/amr-team-bot/install/robile_reach_goal:/home/ashraful/HBRS/AMR/AMR_PROJECT/amr-team-bot/install/robile_control_simple:/home/ashraful/HBRS/AMR/AMR_PROJECT/amr-team-bot/install/robile_bringup:/home/ashraful/HBRS/AMR/AMR_PROJECT/amr-team-bot/install/potential:/home/ashraful/HBRS/AMR/AMR_PROJECT/amr-team-bot/install/particle_localization:/home/ashraful/HBRS/AMR/AMR_PROJECT/amr-team-bot/install/my_explorer:/home/ashraful/HBRS/AMR/AMR_PROJECT/amr-team-bot/install/mcl_particle_filter:/home/ashraful/HBRS/AMR/AMR_PROJECT/amr-team-bot/install/amr_localization:/opt/ros/humble /usr/bin/cmake --build /home/ashraful/HBRS/AMR/AMR_PROJECT/amr-team-bot/build/aws_robomaker_small_house_world -- -j8 -l8
[3.194s] Invoked command in '/home/ashraful/HBRS/AMR/AMR_PROJECT/amr-team-bot/build/aws_robomaker_small_house_world' returned '0': CMAKE_PREFIX_PATH=${CMAKE_PREFIX_PATH}:/home/ashraful/HBRS/AMR/AMR_PROJECT/amr-team-bot/install/wavefront:/home/ashraful/HBRS/AMR/AMR_PROJECT/amr-team-bot/install/robile_reach_goal:/home/ashraful/HBRS/AMR/AMR_PROJECT/amr-team-bot/install/robile_control_simple:/home/ashraful/HBRS/AMR/AMR_PROJECT/amr-team-bot/install/robile_bringup:/home/ashraful/HBRS/AMR/AMR_PROJECT/amr-team-bot/install/potential:/home/ashraful/HBRS/AMR/AMR_PROJECT/amr-team-bot/install/particle_localization:/home/ashraful/HBRS/AMR/AMR_PROJECT/amr-team-bot/install/my_explorer:/home/ashraful/HBRS/AMR/AMR_PROJECT/amr-team-bot/install/mcl_particle_filter:/home/ashraful/HBRS/AMR/AMR_PROJECT/amr-team-bot/install/amr_localization:/opt/ros/humble /usr/bin/cmake --build /home/ashraful/HBRS/AMR/AMR_PROJECT/amr-team-bot/build/aws_robomaker_small_house_world -- -j8 -l8
[3.196s] Invoking command in '/home/ashraful/HBRS/AMR/AMR_PROJECT/amr-team-bot/build/aws_robomaker_small_house_world': CMAKE_PREFIX_PATH=${CMAKE_PREFIX_PATH}:/home/ashraful/HBRS/AMR/AMR_PROJECT/amr-team-bot/install/wavefront:/home/ashraful/HBRS/AMR/AMR_PROJECT/amr-team-bot/install/robile_reach_goal:/home/ashraful/HBRS/AMR/AMR_PROJECT/amr-team-bot/install/robile_control_simple:/home/ashraful/HBRS/AMR/AMR_PROJECT/amr-team-bot/install/robile_bringup:/home/ashraful/HBRS/AMR/AMR_PROJECT/amr-team-bot/install/potential:/home/ashraful/HBRS/AMR/AMR_PROJECT/amr-team-bot/install/particle_localization:/home/ashraful/HBRS/AMR/AMR_PROJECT/amr-team-bot/install/my_explorer:/home/ashraful/HBRS/AMR/AMR_PROJECT/amr-team-bot/install/mcl_particle_filter:/home/ashraful/HBRS/AMR/AMR_PROJECT/amr-team-bot/install/amr_localization:/opt/ros/humble /usr/bin/cmake --install /home/ashraful/HBRS/AMR/AMR_PROJECT/amr-team-bot/build/aws_robomaker_small_house_world
[3.261s] -- Install configuration: ""
[3.261s] -- Up-to-date: /home/ashraful/HBRS/AMR/AMR_PROJECT/amr-team-bot/install/aws_robomaker_small_house_world/share/aws_robomaker_small_house_world/launch
[3.261s] -- Up-to-date: /home/ashraful/HBRS/AMR/AMR_PROJECT/amr-team-bot/install/aws_robomaker_small_house_world/share/aws_robomaker_small_house_world/launch/small_house.launch.py
[3.262s] -- Up-to-date: /home/ashraful/HBRS/AMR/AMR_PROJECT/amr-team-bot/install/aws_robomaker_small_house_world/share/aws_robomaker_small_house_world/models
[3.262s] -- Up-to-date: /home/ashraful/HBRS/AMR/AMR_PROJECT/amr-team-bot/install/aws_robomaker_small_house_world/share/aws_robomaker_small_house_world/models/aws_robomaker_residential_Vase_01
[3.262s] -- Up-to-date: /home/ashraful/HBRS/AMR/AMR_PROJECT/amr-team-bot/install/aws_robomaker_small_house_world/share/aws_robomaker_small_house_world/models/aws_robomaker_residential_Vase_01/model.sdf
[3.262s] -- Up-to-date: /home/ashraful/HBRS/AMR/AMR_PROJECT/amr-team-bot/install/aws_robomaker_small_house_world/share/aws_robomaker_small_house_world/models/aws_robomaker_residential_Vase_01/meshes
[3.262s] -- Up-to-date: /home/ashraful/HBRS/AMR/AMR_PROJECT/amr-team-bot/install/aws_robomaker_small_house_world/share/aws_robomaker_small_house_world/models/aws_robomaker_residential_Vase_01/meshes/aws_Vase_01_collision.DAE
[3.262s] -- Up-to-date: /home/ashraful/HBRS/AMR/AMR_PROJECT/amr-team-bot/install/aws_robomaker_small_house_world/share/aws_robomaker_small_house_world/models/aws_robomaker_residential_Vase_01/meshes/aws_Vase_01_visual.DAE
[3.263s] -- Up-to-date: /home/ashraful/HBRS/AMR/AMR_PROJECT/amr-team-bot/install/aws_robomaker_small_house_world/share/aws_robomaker_small_house_world/models/aws_robomaker_residential_Vase_01/materials
[3.266s] -- Up-to-date: /home/ashraful/HBRS/AMR/AMR_PROJECT/amr-team-bot/install/aws_robomaker_small_house_world/share/aws_robomaker_small_house_world/models/aws_robomaker_residential_Vase_01/materials/textures
[3.267s] -- Up-to-date: /home/ashraful/HBRS/AMR/AMR_PROJECT/amr-team-bot/install/aws_robomaker_small_house_world/share/aws_robomaker_small_house_world/models/aws_robomaker_residential_Vase_01/materials/textures/aws_Vase_01.png
[3.268s] -- Up-to-date: /home/ashraful/HBRS/AMR/AMR_PROJECT/amr-team-bot/install/aws_robomaker_small_house_world/share/aws_robomaker_small_house_world/models/aws_robomaker_residential_Vase_01/model.config
[3.269s] -- Up-to-date: /home/ashraful/HBRS/AMR/AMR_PROJECT/amr-team-bot/install/aws_robomaker_small_house_world/share/aws_robomaker_small_house_world/models/aws_robomaker_residential_KitchenUtensils_01
[3.270s] -- Up-to-date: /home/ashraful/HBRS/AMR/AMR_PROJECT/amr-team-bot/install/aws_robomaker_small_house_world/share/aws_robomaker_small_house_world/models/aws_robomaker_residential_KitchenUtensils_01/model.sdf
[3.270s] -- Up-to-date: /home/ashraful/HBRS/AMR/AMR_PROJECT/amr-team-bot/install/aws_robomaker_small_house_world/share/aws_robomaker_small_house_world/models/aws_robomaker_residential_KitchenUtensils_01/meshes
[3.271s] -- Up-to-date: /home/ashraful/HBRS/AMR/AMR_PROJECT/amr-team-bot/install/aws_robomaker_small_house_world/share/aws_robomaker_small_house_world/models/aws_robomaker_residential_KitchenUtensils_01/meshes/aws_KitchenUtensils_01_collision.DAE
[3.272s] -- Up-to-date: /home/ashraful/HBRS/AMR/AMR_PROJECT/amr-team-bot/install/aws_robomaker_small_house_world/share/aws_robomaker_small_house_world/models/aws_robomaker_residential_KitchenUtensils_01/meshes/aws_KitchenUtensils_01_visual.DAE
[3.272s] -- Up-to-date: /home/ashraful/HBRS/AMR/AMR_PROJECT/amr-team-bot/install/aws_robomaker_small_house_world/share/aws_robomaker_small_house_world/models/aws_robomaker_residential_KitchenUtensils_01/materials
[3.272s] -- Up-to-date: /home/ashraful/HBRS/AMR/AMR_PROJECT/amr-team-bot/install/aws_robomaker_small_house_world/share/aws_robomaker_small_house_world/models/aws_robomaker_residential_KitchenUtensils_01/materials/textures
[3.272s] -- Up-to-date: /home/ashraful/HBRS/AMR/AMR_PROJECT/amr-team-bot/install/aws_robomaker_small_house_world/share/aws_robomaker_small_house_world/models/aws_robomaker_residential_KitchenUtensils_01/materials/textures/aws_KitchenUtensils_01.png
[3.282s] -- Up-to-date: /home/ashraful/HBRS/AMR/AMR_PROJECT/amr-team-bot/install/aws_robomaker_small_house_world/share/aws_robomaker_small_house_world/models/aws_robomaker_residential_KitchenUtensils_01/model.config
[3.282s] -- Up-to-date: /home/ashraful/HBRS/AMR/AMR_PROJECT/amr-team-bot/install/aws_robomaker_small_house_world/share/aws_robomaker_small_house_world/models/aws_robomaker_residential_Trash_01
[3.282s] -- Up-to-date: /home/ashraful/HBRS/AMR/AMR_PROJECT/amr-team-bot/install/aws_robomaker_small_house_world/share/aws_robomaker_small_house_world/models/aws_robomaker_residential_Trash_01/model.sdf
[3.282s] -- Up-to-date: /home/ashraful/HBRS/AMR/AMR_PROJECT/amr-team-bot/install/aws_robomaker_small_house_world/share/aws_robomaker_small_house_world/models/aws_robomaker_residential_Trash_01/meshes
[3.283s] -- Up-to-date: /home/ashraful/HBRS/AMR/AMR_PROJECT/amr-team-bot/install/aws_robomaker_small_house_world/share/aws_robomaker_small_house_world/models/aws_robomaker_residential_Trash_01/meshes/aws_Trash_01_collision.DAE
[3.283s] -- Up-to-date: /home/ashraful/HBRS/AMR/AMR_PROJECT/amr-team-bot/install/aws_robomaker_small_house_world/share/aws_robomaker_small_house_world/models/aws_robomaker_residential_Trash_01/meshes/aws_Trash_01_visual.DAE
[3.283s] -- Up-to-date: /home/ashraful/HBRS/AMR/AMR_PROJECT/amr-team-bot/install/aws_robomaker_small_house_world/share/aws_robomaker_small_house_world/models/aws_robomaker_residential_Trash_01/materials
[3.283s] -- Up-to-date: /home/ashraful/HBRS/AMR/AMR_PROJECT/amr-team-bot/install/aws_robomaker_small_house_world/share/aws_robomaker_small_house_world/models/aws_robomaker_residential_Trash_01/materials/textures
[3.283s] -- Up-to-date: /home/ashraful/HBRS/AMR/AMR_PROJECT/amr-team-bot/install/aws_robomaker_small_house_world/share/aws_robomaker_small_house_world/models/aws_robomaker_residential_Trash_01/materials/textures/aws_Trash_01.png
[3.283s] -- Up-to-date: /home/ashraful/HBRS/AMR/AMR_PROJECT/amr-team-bot/install/aws_robomaker_small_house_world/share/aws_robomaker_small_house_world/models/aws_robomaker_residential_Trash_01/model.config
[3.284s] -- Up-to-date: /home/ashraful/HBRS/AMR/AMR_PROJECT/amr-team-bot/install/aws_robomaker_small_house_world/share/aws_robomaker_small_house_world/models/aws_robomaker_residential_Handle_01
[3.289s] -- Up-to-date: /home/ashraful/HBRS/AMR/AMR_PROJECT/amr-team-bot/install/aws_robomaker_small_house_world/share/aws_robomaker_small_house_world/models/aws_robomaker_residential_Handle_01/model.sdf
[3.292s] -- Up-to-date: /home/ashraful/HBRS/AMR/AMR_PROJECT/amr-team-bot/install/aws_robomaker_small_house_world/share/aws_robomaker_small_house_world/models/aws_robomaker_residential_Handle_01/meshes
[3.292s] -- Up-to-date: /home/ashraful/HBRS/AMR/AMR_PROJECT/amr-team-bot/install/aws_robomaker_small_house_world/share/aws_robomaker_small_house_world/models/aws_robomaker_residential_Handle_01/meshes/aws_Handle_01_collision.DAE
[3.292s] -- Up-to-date: /home/ashraful/HBRS/AMR/AMR_PROJECT/amr-team-bot/install/aws_robomaker_small_house_world/share/aws_robomaker_small_house_world/models/aws_robomaker_residential_Handle_01/meshes/aws_Handle_01_visual.DAE
[3.292s] -- Up-to-date: /home/ashraful/HBRS/AMR/AMR_PROJECT/amr-team-bot/install/aws_robomaker_small_house_world/share/aws_robomaker_small_house_world/models/aws_robomaker_residential_Handle_01/meshes/aws_ handle_01_collision.DAE
[3.292s] -- Up-to-date: /home/ashraful/HBRS/AMR/AMR_PROJECT/amr-team-bot/install/aws_robomaker_small_house_world/share/aws_robomaker_small_house_world/models/aws_robomaker_residential_Handle_01/materials
[3.293s] -- Up-to-date: /home/ashraful/HBRS/AMR/AMR_PROJECT/amr-team-bot/install/aws_robomaker_small_house_world/share/aws_robomaker_small_house_world/models/aws_robomaker_residential_Handle_01/materials/textures
[3.293s] -- Up-to-date: /home/ashraful/HBRS/AMR/AMR_PROJECT/amr-team-bot/install/aws_robomaker_small_house_world/share/aws_robomaker_small_house_world/models/aws_robomaker_residential_Handle_01/materials/textures/aws_Handle_01.png
[3.293s] -- Up-to-date: /home/ashraful/HBRS/AMR/AMR_PROJECT/amr-team-bot/install/aws_robomaker_small_house_world/share/aws_robomaker_small_house_world/models/aws_robomaker_residential_Handle_01/model.config
[3.293s] -- Up-to-date: /home/ashraful/HBRS/AMR/AMR_PROJECT/amr-team-bot/install/aws_robomaker_small_house_world/share/aws_robomaker_small_house_world/models/aws_robomaker_residential_Sofa_01
[3.293s] -- Up-to-date: /home/ashraful/HBRS/AMR/AMR_PROJECT/amr-team-bot/install/aws_robomaker_small_house_world/share/aws_robomaker_small_house_world/models/aws_robomaker_residential_Sofa_01/model.sdf
[3.293s] -- Up-to-date: /home/ashraful/HBRS/AMR/AMR_PROJECT/amr-team-bot/install/aws_robomaker_small_house_world/share/aws_robomaker_small_house_world/models/aws_robomaker_residential_Sofa_01/meshes
[3.294s] -- Up-to-date: /home/ashraful/HBRS/AMR/AMR_PROJECT/amr-team-bot/install/aws_robomaker_small_house_world/share/aws_robomaker_small_house_world/models/aws_robomaker_residential_Sofa_01/meshes/aws_Sofa_01_visual.DAE
[3.296s] -- Up-to-date: /home/ashraful/HBRS/AMR/AMR_PROJECT/amr-team-bot/install/aws_robomaker_small_house_world/share/aws_robomaker_small_house_world/models/aws_robomaker_residential_Sofa_01/meshes/aws_Sofa_01_collision.DAE
[3.298s] -- Up-to-date: /home/ashraful/HBRS/AMR/AMR_PROJECT/amr-team-bot/install/aws_robomaker_small_house_world/share/aws_robomaker_small_house_world/models/aws_robomaker_residential_Sofa_01/meshes/aws_Sofa_01.DAE
[3.298s] -- Up-to-date: /home/ashraful/HBRS/AMR/AMR_PROJECT/amr-team-bot/install/aws_robomaker_small_house_world/share/aws_robomaker_small_house_world/models/aws_robomaker_residential_Sofa_01/materials
[3.299s] -- Up-to-date: /home/ashraful/HBRS/AMR/AMR_PROJECT/amr-team-bot/install/aws_robomaker_small_house_world/share/aws_robomaker_small_house_world/models/aws_robomaker_residential_Sofa_01/materials/textures
[3.299s] -- Up-to-date: /home/ashraful/HBRS/AMR/AMR_PROJECT/amr-team-bot/install/aws_robomaker_small_house_world/share/aws_robomaker_small_house_world/models/aws_robomaker_residential_Sofa_01/materials/textures/aws_Sofa_01.png
[3.299s] -- Up-to-date: /home/ashraful/HBRS/AMR/AMR_PROJECT/amr-team-bot/install/aws_robomaker_small_house_world/share/aws_robomaker_small_house_world/models/aws_robomaker_residential_Sofa_01/model.config
[3.299s] -- Up-to-date: /home/ashraful/HBRS/AMR/AMR_PROJECT/amr-team-bot/install/aws_robomaker_small_house_world/share/aws_robomaker_small_house_world/models/aws_robomaker_residential_DeskPortraitA_02
[3.299s] -- Up-to-date: /home/ashraful/HBRS/AMR/AMR_PROJECT/amr-team-bot/install/aws_robomaker_small_house_world/share/aws_robomaker_small_house_world/models/aws_robomaker_residential_DeskPortraitA_02/model.sdf
[3.300s] -- Up-to-date: /home/ashraful/HBRS/AMR/AMR_PROJECT/amr-team-bot/install/aws_robomaker_small_house_world/share/aws_robomaker_small_house_world/models/aws_robomaker_residential_DeskPortraitA_02/meshes
[3.300s] -- Up-to-date: /home/ashraful/HBRS/AMR/AMR_PROJECT/amr-team-bot/install/aws_robomaker_small_house_world/share/aws_robomaker_small_house_world/models/aws_robomaker_residential_DeskPortraitA_02/meshes/aws_DeskPortraitA_01_visual.DAE
[3.302s] -- Up-to-date: /home/ashraful/HBRS/AMR/AMR_PROJECT/amr-team-bot/install/aws_robomaker_small_house_world/share/aws_robomaker_small_house_world/models/aws_robomaker_residential_DeskPortraitA_02/meshes/aws_DeskPortraitA_01_collision.DAE
[3.302s] -- Up-to-date: /home/ashraful/HBRS/AMR/AMR_PROJECT/amr-team-bot/install/aws_robomaker_small_house_world/share/aws_robomaker_small_house_world/models/aws_robomaker_residential_DeskPortraitA_02/materials
[3.302s] -- Up-to-date: /home/ashraful/HBRS/AMR/AMR_PROJECT/amr-team-bot/install/aws_robomaker_small_house_world/share/aws_robomaker_small_house_world/models/aws_robomaker_residential_DeskPortraitA_02/materials/textures
[3.303s] -- Up-to-date: /home/ashraful/HBRS/AMR/AMR_PROJECT/amr-team-bot/install/aws_robomaker_small_house_world/share/aws_robomaker_small_house_world/models/aws_robomaker_residential_DeskPortraitA_02/materials/textures/aws_DeskPortraitA_01.png
[3.303s] -- Up-to-date: /home/ashraful/HBRS/AMR/AMR_PROJECT/amr-team-bot/install/aws_robomaker_small_house_world/share/aws_robomaker_small_house_world/models/aws_robomaker_residential_DeskPortraitA_02/materials/textures/aws_DeskPortraitA_02.png
[3.303s] -- Up-to-date: /home/ashraful/HBRS/AMR/AMR_PROJECT/amr-team-bot/install/aws_robomaker_small_house_world/share/aws_robomaker_small_house_world/models/aws_robomaker_residential_DeskPortraitA_02/model.config
[3.303s] -- Up-to-date: /home/ashraful/HBRS/AMR/AMR_PROJECT/amr-team-bot/install/aws_robomaker_small_house_world/share/aws_robomaker_small_house_world/models/aws_robomaker_residential_DeskPortraitD_03
[3.303s] -- Up-to-date: /home/ashraful/HBRS/AMR/AMR_PROJECT/amr-team-bot/install/aws_robomaker_small_house_world/share/aws_robomaker_small_house_world/models/aws_robomaker_residential_DeskPortraitD_03/model.sdf
[3.304s] -- Up-to-date: /home/ashraful/HBRS/AMR/AMR_PROJECT/amr-team-bot/install/aws_robomaker_small_house_world/share/aws_robomaker_small_house_world/models/aws_robomaker_residential_DeskPortraitD_03/meshes
[3.304s] -- Up-to-date: /home/ashraful/HBRS/AMR/AMR_PROJECT/amr-team-bot/install/aws_robomaker_small_house_world/share/aws_robomaker_small_house_world/models/aws_robomaker_residential_DeskPortraitD_03/meshes/aws_DeskPortraitD_01_visual.DAE
[3.304s] -- Up-to-date: /home/ashraful/HBRS/AMR/AMR_PROJECT/amr-team-bot/install/aws_robomaker_small_house_world/share/aws_robomaker_small_house_world/models/aws_robomaker_residential_DeskPortraitD_03/meshes/aws_DeskPortraitD_01_collision.DAE
[3.304s] -- Up-to-date: /home/ashraful/HBRS/AMR/AMR_PROJECT/amr-team-bot/install/aws_robomaker_small_house_world/share/aws_robomaker_small_house_world/models/aws_robomaker_residential_DeskPortraitD_03/materials
[3.304s] -- Up-to-date: /home/ashraful/HBRS/AMR/AMR_PROJECT/amr-team-bot/install/aws_robomaker_small_house_world/share/aws_robomaker_small_house_world/models/aws_robomaker_residential_DeskPortraitD_03/materials/textures
[3.305s] -- Up-to-date: /home/ashraful/HBRS/AMR/AMR_PROJECT/amr-team-bot/install/aws_robomaker_small_house_world/share/aws_robomaker_small_house_world/models/aws_robomaker_residential_DeskPortraitD_03/materials/textures/aws_DeskPortraitD_02.png
[3.305s] -- Up-to-date: /home/ashraful/HBRS/AMR/AMR_PROJECT/amr-team-bot/install/aws_robomaker_small_house_world/share/aws_robomaker_small_house_world/models/aws_robomaker_residential_DeskPortraitD_03/materials/textures/aws_DeskPortraitD_01.png
[3.308s] -- Up-to-date: /home/ashraful/HBRS/AMR/AMR_PROJECT/amr-team-bot/install/aws_robomaker_small_house_world/share/aws_robomaker_small_house_world/models/aws_robomaker_residential_DeskPortraitD_03/model.config
[3.310s] -- Up-to-date: /home/ashraful/HBRS/AMR/AMR_PROJECT/amr-team-bot/install/aws_robomaker_small_house_world/share/aws_robomaker_small_house_world/models/aws_robomaker_residential_PortraitB_01
[3.310s] -- Up-to-date: /home/ashraful/HBRS/AMR/AMR_PROJECT/amr-team-bot/install/aws_robomaker_small_house_world/share/aws_robomaker_small_house_world/models/aws_robomaker_residential_PortraitB_01/model.sdf
[3.310s] -- Up-to-date: /home/ashraful/HBRS/AMR/AMR_PROJECT/amr-team-bot/install/aws_robomaker_small_house_world/share/aws_robomaker_small_house_world/models/aws_robomaker_residential_PortraitB_01/meshes
[3.311s] -- Up-to-date: /home/ashraful/HBRS/AMR/AMR_PROJECT/amr-team-bot/install/aws_robomaker_small_house_world/share/aws_robomaker_small_house_world/models/aws_robomaker_residential_PortraitB_01/meshes/aws_PortraitB_01_collision.DAE
[3.311s] -- Up-to-date: /home/ashraful/HBRS/AMR/AMR_PROJECT/amr-team-bot/install/aws_robomaker_small_house_world/share/aws_robomaker_small_house_world/models/aws_robomaker_residential_PortraitB_01/meshes/aws_PortraitB_01_visual.DAE
[3.311s] -- Up-to-date: /home/ashraful/HBRS/AMR/AMR_PROJECT/amr-team-bot/install/aws_robomaker_small_house_world/share/aws_robomaker_small_house_world/models/aws_robomaker_residential_PortraitB_01/materials
[3.311s] -- Up-to-date: /home/ashraful/HBRS/AMR/AMR_PROJECT/amr-team-bot/install/aws_robomaker_small_house_world/share/aws_robomaker_small_house_world/models/aws_robomaker_residential_PortraitB_01/materials/textures
[3.311s] -- Up-to-date: /home/ashraful/HBRS/AMR/AMR_PROJECT/amr-team-bot/install/aws_robomaker_small_house_world/share/aws_robomaker_small_house_world/models/aws_robomaker_residential_PortraitB_01/materials/textures/aws_PortraitB_01.png
[3.311s] -- Up-to-date: /home/ashraful/HBRS/AMR/AMR_PROJECT/amr-team-bot/install/aws_robomaker_small_house_world/share/aws_robomaker_small_house_world/models/aws_robomaker_residential_PortraitB_01/materials/textures/aws_PortraitB_02.png
[3.312s] -- Up-to-date: /home/ashraful/HBRS/AMR/AMR_PROJECT/amr-team-bot/install/aws_robomaker_small_house_world/share/aws_robomaker_small_house_world/models/aws_robomaker_residential_PortraitB_01/model.config
[3.312s] -- Up-to-date: /home/ashraful/HBRS/AMR/AMR_PROJECT/amr-team-bot/install/aws_robomaker_small_house_world/share/aws_robomaker_small_house_world/models/aws_robomaker_residential_LightC_01
[3.312s] -- Up-to-date: /home/ashraful/HBRS/AMR/AMR_PROJECT/amr-team-bot/install/aws_robomaker_small_house_world/share/aws_robomaker_small_house_world/models/aws_robomaker_residential_LightC_01/model.sdf
[3.312s] -- Up-to-date: /home/ashraful/HBRS/AMR/AMR_PROJECT/amr-team-bot/install/aws_robomaker_small_house_world/share/aws_robomaker_small_house_world/models/aws_robomaker_residential_LightC_01/meshes
[3.312s] -- Up-to-date: /home/ashraful/HBRS/AMR/AMR_PROJECT/amr-team-bot/install/aws_robomaker_small_house_world/share/aws_robomaker_small_house_world/models/aws_robomaker_residential_LightC_01/meshes/aws_LightC_01_collision.DAE
[3.312s] -- Up-to-date: /home/ashraful/HBRS/AMR/AMR_PROJECT/amr-team-bot/install/aws_robomaker_small_house_world/share/aws_robomaker_small_house_world/models/aws_robomaker_residential_LightC_01/meshes/aws_LightC_01_visual.DAE
[3.313s] -- Up-to-date: /home/ashraful/HBRS/AMR/AMR_PROJECT/amr-team-bot/install/aws_robomaker_small_house_world/share/aws_robomaker_small_house_world/models/aws_robomaker_residential_LightC_01/materials
[3.313s] -- Up-to-date: /home/ashraful/HBRS/AMR/AMR_PROJECT/amr-team-bot/install/aws_robomaker_small_house_world/share/aws_robomaker_small_house_world/models/aws_robomaker_residential_LightC_01/materials/textures
[3.315s] -- Up-to-date: /home/ashraful/HBRS/AMR/AMR_PROJECT/amr-team-bot/install/aws_robomaker_small_house_world/share/aws_robomaker_small_house_world/models/aws_robomaker_residential_LightC_01/materials/textures/aws_LightC_01.png
[3.315s] -- Up-to-date: /home/ashraful/HBRS/AMR/AMR_PROJECT/amr-team-bot/install/aws_robomaker_small_house_world/share/aws_robomaker_small_house_world/models/aws_robomaker_residential_LightC_01/model.config
[3.315s] -- Up-to-date: /home/ashraful/HBRS/AMR/AMR_PROJECT/amr-team-bot/install/aws_robomaker_small_house_world/share/aws_robomaker_small_house_world/models/aws_robomaker_residential_Wardrobe_01
[3.315s] -- Up-to-date: /home/ashraful/HBRS/AMR/AMR_PROJECT/amr-team-bot/install/aws_robomaker_small_house_world/share/aws_robomaker_small_house_world/models/aws_robomaker_residential_Wardrobe_01/model.sdf
[3.315s] -- Up-to-date: /home/ashraful/HBRS/AMR/AMR_PROJECT/amr-team-bot/install/aws_robomaker_small_house_world/share/aws_robomaker_small_house_world/models/aws_robomaker_residential_Wardrobe_01/meshes
[3.316s] -- Up-to-date: /home/ashraful/HBRS/AMR/AMR_PROJECT/amr-team-bot/install/aws_robomaker_small_house_world/share/aws_robomaker_small_house_world/models/aws_robomaker_residential_Wardrobe_01/meshes/aws_Wardrobe_01_visual.DAE
[3.318s] -- Up-to-date: /home/ashraful/HBRS/AMR/AMR_PROJECT/amr-team-bot/install/aws_robomaker_small_house_world/share/aws_robomaker_small_house_world/models/aws_robomaker_residential_Wardrobe_01/meshes/aws_Wardrobe_01_collision.DAE
[3.319s] -- Up-to-date: /home/ashraful/HBRS/AMR/AMR_PROJECT/amr-team-bot/install/aws_robomaker_small_house_world/share/aws_robomaker_small_house_world/models/aws_robomaker_residential_Wardrobe_01/materials
[3.319s] -- Up-to-date: /home/ashraful/HBRS/AMR/AMR_PROJECT/amr-team-bot/install/aws_robomaker_small_house_world/share/aws_robomaker_small_house_world/models/aws_robomaker_residential_Wardrobe_01/materials/textures
[3.319s] -- Up-to-date: /home/ashraful/HBRS/AMR/AMR_PROJECT/amr-team-bot/install/aws_robomaker_small_house_world/share/aws_robomaker_small_house_world/models/aws_robomaker_residential_Wardrobe_01/materials/textures/aws_Wardrobe_01.png
[3.319s] -- Up-to-date: /home/ashraful/HBRS/AMR/AMR_PROJECT/amr-team-bot/install/aws_robomaker_small_house_world/share/aws_robomaker_small_house_world/models/aws_robomaker_residential_Wardrobe_01/model.config
[3.319s] -- Up-to-date: /home/ashraful/HBRS/AMR/AMR_PROJECT/amr-team-bot/install/aws_robomaker_small_house_world/share/aws_robomaker_small_house_world/models/aws_robomaker_residential_CoffeeTable_01
[3.320s] -- Up-to-date: /home/ashraful/HBRS/AMR/AMR_PROJECT/amr-team-bot/install/aws_robomaker_small_house_world/share/aws_robomaker_small_house_world/models/aws_robomaker_residential_CoffeeTable_01/model.sdf
[3.320s] -- Up-to-date: /home/ashraful/HBRS/AMR/AMR_PROJECT/amr-team-bot/install/aws_robomaker_small_house_world/share/aws_robomaker_small_house_world/models/aws_robomaker_residential_CoffeeTable_01/meshes
[3.320s] -- Up-to-date: /home/ashraful/HBRS/AMR/AMR_PROJECT/amr-team-bot/install/aws_robomaker_small_house_world/share/aws_robomaker_small_house_world/models/aws_robomaker_residential_CoffeeTable_01/meshes/aws_CoffeeTable_01_visual.DAE
[3.320s] -- Up-to-date: /home/ashraful/HBRS/AMR/AMR_PROJECT/amr-team-bot/install/aws_robomaker_small_house_world/share/aws_robomaker_small_house_world/models/aws_robomaker_residential_CoffeeTable_01/meshes/aws_CoffeeTable_01_collision.DAE
[3.320s] -- Up-to-date: /home/ashraful/HBRS/AMR/AMR_PROJECT/amr-team-bot/install/aws_robomaker_small_house_world/share/aws_robomaker_small_house_world/models/aws_robomaker_residential_CoffeeTable_01/materials
[3.321s] -- Up-to-date: /home/ashraful/HBRS/AMR/AMR_PROJECT/amr-team-bot/install/aws_robomaker_small_house_world/share/aws_robomaker_small_house_world/models/aws_robomaker_residential_CoffeeTable_01/materials/textures
[3.321s] -- Up-to-date: /home/ashraful/HBRS/AMR/AMR_PROJECT/amr-team-bot/install/aws_robomaker_small_house_world/share/aws_robomaker_small_house_world/models/aws_robomaker_residential_CoffeeTable_01/materials/textures/aws_CoffeeTable_01.png
[3.321s] -- Up-to-date: /home/ashraful/HBRS/AMR/AMR_PROJECT/amr-team-bot/install/aws_robomaker_small_house_world/share/aws_robomaker_small_house_world/models/aws_robomaker_residential_CoffeeTable_01/model.config
[3.321s] -- Up-to-date: /home/ashraful/HBRS/AMR/AMR_PROJECT/amr-team-bot/install/aws_robomaker_small_house_world/share/aws_robomaker_small_house_world/models/aws_robomaker_residential_Door_01
[3.321s] -- Up-to-date: /home/ashraful/HBRS/AMR/AMR_PROJECT/amr-team-bot/install/aws_robomaker_small_house_world/share/aws_robomaker_small_house_world/models/aws_robomaker_residential_Door_01/model.sdf
[3.321s] -- Up-to-date: /home/ashraful/HBRS/AMR/AMR_PROJECT/amr-team-bot/install/aws_robomaker_small_house_world/share/aws_robomaker_small_house_world/models/aws_robomaker_residential_Door_01/meshes
[3.322s] -- Up-to-date: /home/ashraful/HBRS/AMR/AMR_PROJECT/amr-team-bot/install/aws_robomaker_small_house_world/share/aws_robomaker_small_house_world/models/aws_robomaker_residential_Door_01/meshes/aws_Door_01_collision.DAE
[3.325s] -- Up-to-date: /home/ashraful/HBRS/AMR/AMR_PROJECT/amr-team-bot/install/aws_robomaker_small_house_world/share/aws_robomaker_small_house_world/models/aws_robomaker_residential_Door_01/meshes/aws_Door_01_visual.DAE
[3.325s] -- Up-to-date: /home/ashraful/HBRS/AMR/AMR_PROJECT/amr-team-bot/install/aws_robomaker_small_house_world/share/aws_robomaker_small_house_world/models/aws_robomaker_residential_Door_01/materials
[3.325s] -- Up-to-date: /home/ashraful/HBRS/AMR/AMR_PROJECT/amr-team-bot/install/aws_robomaker_small_house_world/share/aws_robomaker_small_house_world/models/aws_robomaker_residential_Door_01/materials/textures
[3.326s] -- Up-to-date: /home/ashraful/HBRS/AMR/AMR_PROJECT/amr-team-bot/install/aws_robomaker_small_house_world/share/aws_robomaker_small_house_world/models/aws_robomaker_residential_Door_01/materials/textures/aws_Door_01.png
[3.326s] -- Up-to-date: /home/ashraful/HBRS/AMR/AMR_PROJECT/amr-team-bot/install/aws_robomaker_small_house_world/share/aws_robomaker_small_house_world/models/aws_robomaker_residential_Door_01/model.config
[3.326s] -- Up-to-date: /home/ashraful/HBRS/AMR/AMR_PROJECT/amr-team-bot/install/aws_robomaker_small_house_world/share/aws_robomaker_small_house_world/models/aws_robomaker_residential_SofaB_01
[3.326s] -- Up-to-date: /home/ashraful/HBRS/AMR/AMR_PROJECT/amr-team-bot/install/aws_robomaker_small_house_world/share/aws_robomaker_small_house_world/models/aws_robomaker_residential_SofaB_01/model.sdf
[3.327s] -- Up-to-date: /home/ashraful/HBRS/AMR/AMR_PROJECT/amr-team-bot/install/aws_robomaker_small_house_world/share/aws_robomaker_small_house_world/models/aws_robomaker_residential_SofaB_01/meshes
[3.327s] -- Up-to-date: /home/ashraful/HBRS/AMR/AMR_PROJECT/amr-team-bot/install/aws_robomaker_small_house_world/share/aws_robomaker_small_house_world/models/aws_robomaker_residential_SofaB_01/meshes/aws_SofaB_01_visual.DAE
[3.330s] -- Up-to-date: /home/ashraful/HBRS/AMR/AMR_PROJECT/amr-team-bot/install/aws_robomaker_small_house_world/share/aws_robomaker_small_house_world/models/aws_robomaker_residential_SofaB_01/meshes/aws_SofaB_01_collision.DAE
[3.330s] -- Up-to-date: /home/ashraful/HBRS/AMR/AMR_PROJECT/amr-team-bot/install/aws_robomaker_small_house_world/share/aws_robomaker_small_house_world/models/aws_robomaker_residential_SofaB_01/materials
[3.330s] -- Up-to-date: /home/ashraful/HBRS/AMR/AMR_PROJECT/amr-team-bot/install/aws_robomaker_small_house_world/share/aws_robomaker_small_house_world/models/aws_robomaker_residential_SofaB_01/materials/textures
[3.331s] -- Up-to-date: /home/ashraful/HBRS/AMR/AMR_PROJECT/amr-team-bot/install/aws_robomaker_small_house_world/share/aws_robomaker_small_house_world/models/aws_robomaker_residential_SofaB_01/materials/textures/aws_SofaB_01.png
[3.331s] -- Up-to-date: /home/ashraful/HBRS/AMR/AMR_PROJECT/amr-team-bot/install/aws_robomaker_small_house_world/share/aws_robomaker_small_house_world/models/aws_robomaker_residential_SofaB_01/model.config
[3.331s] -- Up-to-date: /home/ashraful/HBRS/AMR/AMR_PROJECT/amr-team-bot/install/aws_robomaker_small_house_world/share/aws_robomaker_small_house_world/models/aws_robomaker_residential_PortraitA_01
[3.331s] -- Up-to-date: /home/ashraful/HBRS/AMR/AMR_PROJECT/amr-team-bot/install/aws_robomaker_small_house_world/share/aws_robomaker_small_house_world/models/aws_robomaker_residential_PortraitA_01/model.sdf
[3.331s] -- Up-to-date: /home/ashraful/HBRS/AMR/AMR_PROJECT/amr-team-bot/install/aws_robomaker_small_house_world/share/aws_robomaker_small_house_world/models/aws_robomaker_residential_PortraitA_01/meshes
[3.331s] -- Up-to-date: /home/ashraful/HBRS/AMR/AMR_PROJECT/amr-team-bot/install/aws_robomaker_small_house_world/share/aws_robomaker_small_house_world/models/aws_robomaker_residential_PortraitA_01/meshes/aws_PortraitA_01_collision.DAE
[3.332s] -- Up-to-date: /home/ashraful/HBRS/AMR/AMR_PROJECT/amr-team-bot/install/aws_robomaker_small_house_world/share/aws_robomaker_small_house_world/models/aws_robomaker_residential_PortraitA_01/meshes/aws_PortraitA_01_visual.DAE
[3.332s] -- Up-to-date: /home/ashraful/HBRS/AMR/AMR_PROJECT/amr-team-bot/install/aws_robomaker_small_house_world/share/aws_robomaker_small_house_world/models/aws_robomaker_residential_PortraitA_01/materials
[3.333s] -- Up-to-date: /home/ashraful/HBRS/AMR/AMR_PROJECT/amr-team-bot/install/aws_robomaker_small_house_world/share/aws_robomaker_small_house_world/models/aws_robomaker_residential_PortraitA_01/materials/textures
[3.333s] -- Up-to-date: /home/ashraful/HBRS/AMR/AMR_PROJECT/amr-team-bot/install/aws_robomaker_small_house_world/share/aws_robomaker_small_house_world/models/aws_robomaker_residential_PortraitA_01/materials/textures/aws_PortraitA_01.png
[3.333s] -- Up-to-date: /home/ashraful/HBRS/AMR/AMR_PROJECT/amr-team-bot/install/aws_robomaker_small_house_world/share/aws_robomaker_small_house_world/models/aws_robomaker_residential_PortraitA_01/materials/textures/aws_PortraitA_02.png
[3.333s] -- Up-to-date: /home/ashraful/HBRS/AMR/AMR_PROJECT/amr-team-bot/install/aws_robomaker_small_house_world/share/aws_robomaker_small_house_world/models/aws_robomaker_residential_PortraitA_01/model.config
[3.333s] -- Up-to-date: /home/ashraful/HBRS/AMR/AMR_PROJECT/amr-team-bot/install/aws_robomaker_small_house_world/share/aws_robomaker_small_house_world/models/aws_robomaker_residential_DeskPortraitD_04
[3.334s] -- Up-to-date: /home/ashraful/HBRS/AMR/AMR_PROJECT/amr-team-bot/install/aws_robomaker_small_house_world/share/aws_robomaker_small_house_world/models/aws_robomaker_residential_DeskPortraitD_04/model.sdf
[3.340s] -- Up-to-date: /home/ashraful/HBRS/AMR/AMR_PROJECT/amr-team-bot/install/aws_robomaker_small_house_world/share/aws_robomaker_small_house_world/models/aws_robomaker_residential_DeskPortraitD_04/meshes
[3.340s] -- Up-to-date: /home/ashraful/HBRS/AMR/AMR_PROJECT/amr-team-bot/install/aws_robomaker_small_house_world/share/aws_robomaker_small_house_world/models/aws_robomaker_residential_DeskPortraitD_04/meshes/aws_DeskPortraitD_01_visual.DAE
[3.341s] -- Up-to-date: /home/ashraful/HBRS/AMR/AMR_PROJECT/amr-team-bot/install/aws_robomaker_small_house_world/share/aws_robomaker_small_house_world/models/aws_robomaker_residential_DeskPortraitD_04/meshes/aws_DeskPortraitD_01_collision.DAE
[3.341s] -- Up-to-date: /home/ashraful/HBRS/AMR/AMR_PROJECT/amr-team-bot/install/aws_robomaker_small_house_world/share/aws_robomaker_small_house_world/models/aws_robomaker_residential_DeskPortraitD_04/materials
[3.341s] -- Up-to-date: /home/ashraful/HBRS/AMR/AMR_PROJECT/amr-team-bot/install/aws_robomaker_small_house_world/share/aws_robomaker_small_house_world/models/aws_robomaker_residential_DeskPortraitD_04/materials/textures
[3.341s] -- Up-to-date: /home/ashraful/HBRS/AMR/AMR_PROJECT/amr-team-bot/install/aws_robomaker_small_house_world/share/aws_robomaker_small_house_world/models/aws_robomaker_residential_DeskPortraitD_04/materials/textures/aws_DeskPortraitD_02.png
[3.341s] -- Up-to-date: /home/ashraful/HBRS/AMR/AMR_PROJECT/amr-team-bot/install/aws_robomaker_small_house_world/share/aws_robomaker_small_house_world/models/aws_robomaker_residential_DeskPortraitD_04/materials/textures/aws_DeskPortraitD_01.png
[3.341s] -- Up-to-date: /home/ashraful/HBRS/AMR/AMR_PROJECT/amr-team-bot/install/aws_robomaker_small_house_world/share/aws_robomaker_small_house_world/models/aws_robomaker_residential_DeskPortraitD_04/model.config
[3.342s] -- Up-to-date: /home/ashraful/HBRS/AMR/AMR_PROJECT/amr-team-bot/install/aws_robomaker_small_house_world/share/aws_robomaker_small_house_world/models/aws_robomaker_residential_Tableware_01
[3.350s] -- Up-to-date: /home/ashraful/HBRS/AMR/AMR_PROJECT/amr-team-bot/install/aws_robomaker_small_house_world/share/aws_robomaker_small_house_world/models/aws_robomaker_residential_Tableware_01/model.sdf
[3.350s] -- Up-to-date: /home/ashraful/HBRS/AMR/AMR_PROJECT/amr-team-bot/install/aws_robomaker_small_house_world/share/aws_robomaker_small_house_world/models/aws_robomaker_residential_Tableware_01/meshes
[3.350s] -- Up-to-date: /home/ashraful/HBRS/AMR/AMR_PROJECT/amr-team-bot/install/aws_robomaker_small_house_world/share/aws_robomaker_small_house_world/models/aws_robomaker_residential_Tableware_01/meshes/aws_Tableware_01_visual.DAE
[3.350s] -- Up-to-date: /home/ashraful/HBRS/AMR/AMR_PROJECT/amr-team-bot/install/aws_robomaker_small_house_world/share/aws_robomaker_small_house_world/models/aws_robomaker_residential_Tableware_01/meshes/aws_Tableware_01_collision.DAE
[3.351s] -- Up-to-date: /home/ashraful/HBRS/AMR/AMR_PROJECT/amr-team-bot/install/aws_robomaker_small_house_world/share/aws_robomaker_small_house_world/models/aws_robomaker_residential_Tableware_01/materials
[3.351s] -- Up-to-date: /home/ashraful/HBRS/AMR/AMR_PROJECT/amr-team-bot/install/aws_robomaker_small_house_world/share/aws_robomaker_small_house_world/models/aws_robomaker_residential_Tableware_01/materials/textures
[3.351s] -- Up-to-date: /home/ashraful/HBRS/AMR/AMR_PROJECT/amr-team-bot/install/aws_robomaker_small_house_world/share/aws_robomaker_small_house_world/models/aws_robomaker_residential_Tableware_01/materials/textures/aws_Tableware_01.png
[3.351s] -- Up-to-date: /home/ashraful/HBRS/AMR/AMR_PROJECT/amr-team-bot/install/aws_robomaker_small_house_world/share/aws_robomaker_small_house_world/models/aws_robomaker_residential_Tableware_01/model.config
[3.351s] -- Up-to-date: /home/ashraful/HBRS/AMR/AMR_PROJECT/amr-team-bot/install/aws_robomaker_small_house_world/share/aws_robomaker_small_house_world/models/aws_robomaker_residential_Dumbbell_01
[3.351s] -- Up-to-date: /home/ashraful/HBRS/AMR/AMR_PROJECT/amr-team-bot/install/aws_robomaker_small_house_world/share/aws_robomaker_small_house_world/models/aws_robomaker_residential_Dumbbell_01/model.sdf
[3.352s] -- Up-to-date: /home/ashraful/HBRS/AMR/AMR_PROJECT/amr-team-bot/install/aws_robomaker_small_house_world/share/aws_robomaker_small_house_world/models/aws_robomaker_residential_Dumbbell_01/meshes
[3.357s] -- Up-to-date: /home/ashraful/HBRS/AMR/AMR_PROJECT/amr-team-bot/install/aws_robomaker_small_house_world/share/aws_robomaker_small_house_world/models/aws_robomaker_residential_Dumbbell_01/meshes/aws_Dumbbell_01_collision.DAE
[3.359s] -- Up-to-date: /home/ashraful/HBRS/AMR/AMR_PROJECT/amr-team-bot/install/aws_robomaker_small_house_world/share/aws_robomaker_small_house_world/models/aws_robomaker_residential_Dumbbell_01/meshes/aws_Dumbbell_01_visual.DAE
[3.359s] -- Up-to-date: /home/ashraful/HBRS/AMR/AMR_PROJECT/amr-team-bot/install/aws_robomaker_small_house_world/share/aws_robomaker_small_house_world/models/aws_robomaker_residential_Dumbbell_01/materials
[3.360s] -- Up-to-date: /home/ashraful/HBRS/AMR/AMR_PROJECT/amr-team-bot/install/aws_robomaker_small_house_world/share/aws_robomaker_small_house_world/models/aws_robomaker_residential_Dumbbell_01/materials/textures
[3.360s] -- Up-to-date: /home/ashraful/HBRS/AMR/AMR_PROJECT/amr-team-bot/install/aws_robomaker_small_house_world/share/aws_robomaker_small_house_world/models/aws_robomaker_residential_Dumbbell_01/materials/textures/aws_Dumbbell_01.png
[3.360s] -- Up-to-date: /home/ashraful/HBRS/AMR/AMR_PROJECT/amr-team-bot/install/aws_robomaker_small_house_world/share/aws_robomaker_small_house_world/models/aws_robomaker_residential_Dumbbell_01/model.config
[3.361s] -- Up-to-date: /home/ashraful/HBRS/AMR/AMR_PROJECT/amr-team-bot/install/aws_robomaker_small_house_world/share/aws_robomaker_small_house_world/models/aws_robomaker_residential_FloorB_01
[3.368s] -- Up-to-date: /home/ashraful/HBRS/AMR/AMR_PROJECT/amr-team-bot/install/aws_robomaker_small_house_world/share/aws_robomaker_small_house_world/models/aws_robomaker_residential_FloorB_01/model.sdf
[3.368s] -- Up-to-date: /home/ashraful/HBRS/AMR/AMR_PROJECT/amr-team-bot/install/aws_robomaker_small_house_world/share/aws_robomaker_small_house_world/models/aws_robomaker_residential_FloorB_01/meshes
[3.369s] -- Up-to-date: /home/ashraful/HBRS/AMR/AMR_PROJECT/amr-team-bot/install/aws_robomaker_small_house_world/share/aws_robomaker_small_house_world/models/aws_robomaker_residential_FloorB_01/meshes/aws_FloorB_01_visual.DAE
[3.369s] -- Up-to-date: /home/ashraful/HBRS/AMR/AMR_PROJECT/amr-team-bot/install/aws_robomaker_small_house_world/share/aws_robomaker_small_house_world/models/aws_robomaker_residential_FloorB_01/meshes/aws_FloorB_01_collision.DAE
[3.369s] -- Up-to-date: /home/ashraful/HBRS/AMR/AMR_PROJECT/amr-team-bot/install/aws_robomaker_small_house_world/share/aws_robomaker_small_house_world/models/aws_robomaker_residential_FloorB_01/materials
[3.369s] -- Up-to-date: /home/ashraful/HBRS/AMR/AMR_PROJECT/amr-team-bot/install/aws_robomaker_small_house_world/share/aws_robomaker_small_house_world/models/aws_robomaker_residential_FloorB_01/materials/textures
[3.370s] -- Up-to-date: /home/ashraful/HBRS/AMR/AMR_PROJECT/amr-team-bot/install/aws_robomaker_small_house_world/share/aws_robomaker_small_house_world/models/aws_robomaker_residential_FloorB_01/materials/textures/aws_FloorB_01.png
[3.370s] -- Up-to-date: /home/ashraful/HBRS/AMR/AMR_PROJECT/amr-team-bot/install/aws_robomaker_small_house_world/share/aws_robomaker_small_house_world/models/aws_robomaker_residential_FloorB_01/model.config
[3.370s] -- Up-to-date: /home/ashraful/HBRS/AMR/AMR_PROJECT/amr-team-bot/install/aws_robomaker_small_house_world/share/aws_robomaker_small_house_world/models/aws_robomaker_residential_RoomWindow_01
[3.370s] -- Up-to-date: /home/ashraful/HBRS/AMR/AMR_PROJECT/amr-team-bot/install/aws_robomaker_small_house_world/share/aws_robomaker_small_house_world/models/aws_robomaker_residential_RoomWindow_01/model.sdf
[3.370s] -- Up-to-date: /home/ashraful/HBRS/AMR/AMR_PROJECT/amr-team-bot/install/aws_robomaker_small_house_world/share/aws_robomaker_small_house_world/models/aws_robomaker_residential_RoomWindow_01/meshes
[3.370s] -- Up-to-date: /home/ashraful/HBRS/AMR/AMR_PROJECT/amr-team-bot/install/aws_robomaker_small_house_world/share/aws_robomaker_small_house_world/models/aws_robomaker_residential_RoomWindow_01/meshes/aws_RoomWindow_01_visual.DAE
[3.371s] -- Up-to-date: /home/ashraful/HBRS/AMR/AMR_PROJECT/amr-team-bot/install/aws_robomaker_small_house_world/share/aws_robomaker_small_house_world/models/aws_robomaker_residential_RoomWindow_01/meshes/aws_RoomWindow_01_collision.DAE
[3.371s] -- Up-to-date: /home/ashraful/HBRS/AMR/AMR_PROJECT/amr-team-bot/install/aws_robomaker_small_house_world/share/aws_robomaker_small_house_world/models/aws_robomaker_residential_RoomWindow_01/materials
[3.380s] -- Up-to-date: /home/ashraful/HBRS/AMR/AMR_PROJECT/amr-team-bot/install/aws_robomaker_small_house_world/share/aws_robomaker_small_house_world/models/aws_robomaker_residential_RoomWindow_01/materials/textures
[3.381s] -- Up-to-date: /home/ashraful/HBRS/AMR/AMR_PROJECT/amr-team-bot/install/aws_robomaker_small_house_world/share/aws_robomaker_small_house_world/models/aws_robomaker_residential_RoomWindow_01/materials/textures/aws_RoomWindow_01.png
[3.381s] -- Up-to-date: /home/ashraful/HBRS/AMR/AMR_PROJECT/amr-team-bot/install/aws_robomaker_small_house_world/share/aws_robomaker_small_house_world/models/aws_robomaker_residential_RoomWindow_01/model.config
[3.381s] -- Up-to-date: /home/ashraful/HBRS/AMR/AMR_PROJECT/amr-team-bot/install/aws_robomaker_small_house_world/share/aws_robomaker_small_house_world/models/aws_robomaker_residential_PortraitB_03
[3.381s] -- Up-to-date: /home/ashraful/HBRS/AMR/AMR_PROJECT/amr-team-bot/install/aws_robomaker_small_house_world/share/aws_robomaker_small_house_world/models/aws_robomaker_residential_PortraitB_03/model.sdf
[3.381s] -- Up-to-date: /home/ashraful/HBRS/AMR/AMR_PROJECT/amr-team-bot/install/aws_robomaker_small_house_world/share/aws_robomaker_small_house_world/models/aws_robomaker_residential_PortraitB_03/meshes
[3.382s] -- Up-to-date: /home/ashraful/HBRS/AMR/AMR_PROJECT/amr-team-bot/install/aws_robomaker_small_house_world/share/aws_robomaker_small_house_world/models/aws_robomaker_residential_PortraitB_03/meshes/aws_PortraitB_01_collision.DAE
[3.382s] -- Up-to-date: /home/ashraful/HBRS/AMR/AMR_PROJECT/amr-team-bot/install/aws_robomaker_small_house_world/share/aws_robomaker_small_house_world/models/aws_robomaker_residential_PortraitB_03/meshes/aws_PortraitB_01_visual.DAE
[3.382s] -- Up-to-date: /home/ashraful/HBRS/AMR/AMR_PROJECT/amr-team-bot/install/aws_robomaker_small_house_world/share/aws_robomaker_small_house_world/models/aws_robomaker_residential_PortraitB_03/materials
[3.382s] -- Up-to-date: /home/ashraful/HBRS/AMR/AMR_PROJECT/amr-team-bot/install/aws_robomaker_small_house_world/share/aws_robomaker_small_house_world/models/aws_robomaker_residential_PortraitB_03/materials/textures
[3.382s] -- Up-to-date: /home/ashraful/HBRS/AMR/AMR_PROJECT/amr-team-bot/install/aws_robomaker_small_house_world/share/aws_robomaker_small_house_world/models/aws_robomaker_residential_PortraitB_03/materials/textures/aws_PortraitB_01.png
[3.383s] -- Up-to-date: /home/ashraful/HBRS/AMR/AMR_PROJECT/amr-team-bot/install/aws_robomaker_small_house_world/share/aws_robomaker_small_house_world/models/aws_robomaker_residential_PortraitB_03/materials/textures/aws_PortraitB_02.png
[3.383s] -- Up-to-date: /home/ashraful/HBRS/AMR/AMR_PROJECT/amr-team-bot/install/aws_robomaker_small_house_world/share/aws_robomaker_small_house_world/models/aws_robomaker_residential_PortraitB_03/model.config
[3.383s] -- Up-to-date: /home/ashraful/HBRS/AMR/AMR_PROJECT/amr-team-bot/install/aws_robomaker_small_house_world/share/aws_robomaker_small_house_world/models/aws_robomaker_residential_AirconditionerB_01
[3.383s] -- Up-to-date: /home/ashraful/HBRS/AMR/AMR_PROJECT/amr-team-bot/install/aws_robomaker_small_house_world/share/aws_robomaker_small_house_world/models/aws_robomaker_residential_AirconditionerB_01/model.sdf
[3.383s] -- Up-to-date: /home/ashraful/HBRS/AMR/AMR_PROJECT/amr-team-bot/install/aws_robomaker_small_house_world/share/aws_robomaker_small_house_world/models/aws_robomaker_residential_AirconditionerB_01/meshes
[3.383s] -- Up-to-date: /home/ashraful/HBRS/AMR/AMR_PROJECT/amr-team-bot/install/aws_robomaker_small_house_world/share/aws_robomaker_small_house_world/models/aws_robomaker_residential_AirconditionerB_01/meshes/aws_AirconditionerB_01_collision.DAE
[3.384s] -- Up-to-date: /home/ashraful/HBRS/AMR/AMR_PROJECT/amr-team-bot/install/aws_robomaker_small_house_world/share/aws_robomaker_small_house_world/models/aws_robomaker_residential_AirconditionerB_01/meshes/aws_AirconditionerB_01_visual.DAE
[3.391s] -- Up-to-date: /home/ashraful/HBRS/AMR/AMR_PROJECT/amr-team-bot/install/aws_robomaker_small_house_world/share/aws_robomaker_small_house_world/models/aws_robomaker_residential_AirconditionerB_01/materials
[3.393s] -- Up-to-date: /home/ashraful/HBRS/AMR/AMR_PROJECT/amr-team-bot/install/aws_robomaker_small_house_world/share/aws_robomaker_small_house_world/models/aws_robomaker_residential_AirconditionerB_01/materials/textures
[3.393s] -- Up-to-date: /home/ashraful/HBRS/AMR/AMR_PROJECT/amr-team-bot/install/aws_robomaker_small_house_world/share/aws_robomaker_small_house_world/models/aws_robomaker_residential_AirconditionerB_01/materials/textures/aws_AirconditionerB_01.png
[3.393s] -- Up-to-date: /home/ashraful/HBRS/AMR/AMR_PROJECT/amr-team-bot/install/aws_robomaker_small_house_world/share/aws_robomaker_small_house_world/models/aws_robomaker_residential_AirconditionerB_01/model.config
[3.393s] -- Up-to-date: /home/ashraful/HBRS/AMR/AMR_PROJECT/amr-team-bot/install/aws_robomaker_small_house_world/share/aws_robomaker_small_house_world/models/aws_robomaker_residential_DeskPortraitA_01
[3.393s] -- Up-to-date: /home/ashraful/HBRS/AMR/AMR_PROJECT/amr-team-bot/install/aws_robomaker_small_house_world/share/aws_robomaker_small_house_world/models/aws_robomaker_residential_DeskPortraitA_01/model.sdf
[3.394s] -- Up-to-date: /home/ashraful/HBRS/AMR/AMR_PROJECT/amr-team-bot/install/aws_robomaker_small_house_world/share/aws_robomaker_small_house_world/models/aws_robomaker_residential_DeskPortraitA_01/meshes
[3.394s] -- Up-to-date: /home/ashraful/HBRS/AMR/AMR_PROJECT/amr-team-bot/install/aws_robomaker_small_house_world/share/aws_robomaker_small_house_world/models/aws_robomaker_residential_DeskPortraitA_01/meshes/aws_DeskPortraitA_01_visual.DAE
[3.394s] -- Up-to-date: /home/ashraful/HBRS/AMR/AMR_PROJECT/amr-team-bot/install/aws_robomaker_small_house_world/share/aws_robomaker_small_house_world/models/aws_robomaker_residential_DeskPortraitA_01/meshes/aws_DeskPortraitA_01_collision.DAE
[3.394s] -- Up-to-date: /home/ashraful/HBRS/AMR/AMR_PROJECT/amr-team-bot/install/aws_robomaker_small_house_world/share/aws_robomaker_small_house_world/models/aws_robomaker_residential_DeskPortraitA_01/materials
[3.394s] -- Up-to-date: /home/ashraful/HBRS/AMR/AMR_PROJECT/amr-team-bot/install/aws_robomaker_small_house_world/share/aws_robomaker_small_house_world/models/aws_robomaker_residential_DeskPortraitA_01/materials/textures
[3.394s] -- Up-to-date: /home/ashraful/HBRS/AMR/AMR_PROJECT/amr-team-bot/install/aws_robomaker_small_house_world/share/aws_robomaker_small_house_world/models/aws_robomaker_residential_DeskPortraitA_01/materials/textures/aws_DeskPortraitA_01.png
[3.395s] -- Up-to-date: /home/ashraful/HBRS/AMR/AMR_PROJECT/amr-team-bot/install/aws_robomaker_small_house_world/share/aws_robomaker_small_house_world/models/aws_robomaker_residential_DeskPortraitA_01/materials/textures/aws_DeskPortraitA_02.png
[3.399s] -- Up-to-date: /home/ashraful/HBRS/AMR/AMR_PROJECT/amr-team-bot/install/aws_robomaker_small_house_world/share/aws_robomaker_small_house_world/models/aws_robomaker_residential_DeskPortraitA_01/model.config
[3.399s] -- Up-to-date: /home/ashraful/HBRS/AMR/AMR_PROJECT/amr-team-bot/install/aws_robomaker_small_house_world/share/aws_robomaker_small_house_world/models/aws_robomaker_residential_TVCabinet_01
[3.400s] -- Up-to-date: /home/ashraful/HBRS/AMR/AMR_PROJECT/amr-team-bot/install/aws_robomaker_small_house_world/share/aws_robomaker_small_house_world/models/aws_robomaker_residential_TVCabinet_01/model.sdf
[3.400s] -- Up-to-date: /home/ashraful/HBRS/AMR/AMR_PROJECT/amr-team-bot/install/aws_robomaker_small_house_world/share/aws_robomaker_small_house_world/models/aws_robomaker_residential_TVCabinet_01/meshes
[3.400s] -- Up-to-date: /home/ashraful/HBRS/AMR/AMR_PROJECT/amr-team-bot/install/aws_robomaker_small_house_world/share/aws_robomaker_small_house_world/models/aws_robomaker_residential_TVCabinet_01/meshes/aws_TVCabinet_01_collision.DAE
[3.401s] -- Up-to-date: /home/ashraful/HBRS/AMR/AMR_PROJECT/amr-team-bot/install/aws_robomaker_small_house_world/share/aws_robomaker_small_house_world/models/aws_robomaker_residential_TVCabinet_01/meshes/aws_TVCabinet_01_visual.DAE
[3.401s] -- Up-to-date: /home/ashraful/HBRS/AMR/AMR_PROJECT/amr-team-bot/install/aws_robomaker_small_house_world/share/aws_robomaker_small_house_world/models/aws_robomaker_residential_TVCabinet_01/materials
[3.401s] -- Up-to-date: /home/ashraful/HBRS/AMR/AMR_PROJECT/amr-team-bot/install/aws_robomaker_small_house_world/share/aws_robomaker_small_house_world/models/aws_robomaker_residential_TVCabinet_01/materials/textures
[3.401s] -- Up-to-date: /home/ashraful/HBRS/AMR/AMR_PROJECT/amr-team-bot/install/aws_robomaker_small_house_world/share/aws_robomaker_small_house_world/models/aws_robomaker_residential_TVCabinet_01/materials/textures/aws_TVCabinet_01.png
[3.401s] -- Up-to-date: /home/ashraful/HBRS/AMR/AMR_PROJECT/amr-team-bot/install/aws_robomaker_small_house_world/share/aws_robomaker_small_house_world/models/aws_robomaker_residential_TVCabinet_01/model.config
[3.401s] -- Up-to-date: /home/ashraful/HBRS/AMR/AMR_PROJECT/amr-team-bot/install/aws_robomaker_small_house_world/share/aws_robomaker_small_house_world/models/aws_robomaker_residential_ShoeRack_01
[3.402s] -- Up-to-date: /home/ashraful/HBRS/AMR/AMR_PROJECT/amr-team-bot/install/aws_robomaker_small_house_world/share/aws_robomaker_small_house_world/models/aws_robomaker_residential_ShoeRack_01/model.sdf
[3.405s] -- Up-to-date: /home/ashraful/HBRS/AMR/AMR_PROJECT/amr-team-bot/install/aws_robomaker_small_house_world/share/aws_robomaker_small_house_world/models/aws_robomaker_residential_ShoeRack_01/meshes
[3.405s] -- Up-to-date: /home/ashraful/HBRS/AMR/AMR_PROJECT/amr-team-bot/install/aws_robomaker_small_house_world/share/aws_robomaker_small_house_world/models/aws_robomaker_residential_ShoeRack_01/meshes/aws_ShoeRack_01_visual.DAE
[3.405s] -- Up-to-date: /home/ashraful/HBRS/AMR/AMR_PROJECT/amr-team-bot/install/aws_robomaker_small_house_world/share/aws_robomaker_small_house_world/models/aws_robomaker_residential_ShoeRack_01/meshes/aws_ShoeRack_01_collision.DAE
[3.405s] -- Up-to-date: /home/ashraful/HBRS/AMR/AMR_PROJECT/amr-team-bot/install/aws_robomaker_small_house_world/share/aws_robomaker_small_house_world/models/aws_robomaker_residential_ShoeRack_01/materials
[3.405s] -- Up-to-date: /home/ashraful/HBRS/AMR/AMR_PROJECT/amr-team-bot/install/aws_robomaker_small_house_world/share/aws_robomaker_small_house_world/models/aws_robomaker_residential_ShoeRack_01/materials/textures
[3.406s] -- Up-to-date: /home/ashraful/HBRS/AMR/AMR_PROJECT/amr-team-bot/install/aws_robomaker_small_house_world/share/aws_robomaker_small_house_world/models/aws_robomaker_residential_ShoeRack_01/materials/textures/aws_ShoeRack_01.png
[3.406s] -- Up-to-date: /home/ashraful/HBRS/AMR/AMR_PROJECT/amr-team-bot/install/aws_robomaker_small_house_world/share/aws_robomaker_small_house_world/models/aws_robomaker_residential_ShoeRack_01/model.config
[3.406s] -- Up-to-date: /home/ashraful/HBRS/AMR/AMR_PROJECT/amr-team-bot/install/aws_robomaker_small_house_world/share/aws_robomaker_small_house_world/models/aws_robomaker_residential_CookingBench_01
[3.406s] -- Up-to-date: /home/ashraful/HBRS/AMR/AMR_PROJECT/amr-team-bot/install/aws_robomaker_small_house_world/share/aws_robomaker_small_house_world/models/aws_robomaker_residential_CookingBench_01/model.sdf
[3.406s] -- Up-to-date: /home/ashraful/HBRS/AMR/AMR_PROJECT/amr-team-bot/install/aws_robomaker_small_house_world/share/aws_robomaker_small_house_world/models/aws_robomaker_residential_CookingBench_01/meshes
[3.407s] -- Up-to-date: /home/ashraful/HBRS/AMR/AMR_PROJECT/amr-team-bot/install/aws_robomaker_small_house_world/share/aws_robomaker_small_house_world/models/aws_robomaker_residential_CookingBench_01/meshes/aws_CookingBench_01_collision.DAE
[3.407s] -- Up-to-date: /home/ashraful/HBRS/AMR/AMR_PROJECT/amr-team-bot/install/aws_robomaker_small_house_world/share/aws_robomaker_small_house_world/models/aws_robomaker_residential_CookingBench_01/meshes/aws_CookingBench_01.DAE
[3.407s] -- Up-to-date: /home/ashraful/HBRS/AMR/AMR_PROJECT/amr-team-bot/install/aws_robomaker_small_house_world/share/aws_robomaker_small_house_world/models/aws_robomaker_residential_CookingBench_01/meshes/aws_CookingBench_01_visual.DAE
[3.407s] -- Up-to-date: /home/ashraful/HBRS/AMR/AMR_PROJECT/amr-team-bot/install/aws_robomaker_small_house_world/share/aws_robomaker_small_house_world/models/aws_robomaker_residential_CookingBench_01/materials
[3.407s] -- Up-to-date: /home/ashraful/HBRS/AMR/AMR_PROJECT/amr-team-bot/install/aws_robomaker_small_house_world/share/aws_robomaker_small_house_world/models/aws_robomaker_residential_CookingBench_01/materials/textures
[3.408s] -- Up-to-date: /home/ashraful/HBRS/AMR/AMR_PROJECT/amr-team-bot/install/aws_robomaker_small_house_world/share/aws_robomaker_small_house_world/models/aws_robomaker_residential_CookingBench_01/materials/textures/aws_CookingBench_01.png
[3.408s] -- Up-to-date: /home/ashraful/HBRS/AMR/AMR_PROJECT/amr-team-bot/install/aws_robomaker_small_house_world/share/aws_robomaker_small_house_world/models/aws_robomaker_residential_CookingBench_01/model.config
[3.415s] -- Up-to-date: /home/ashraful/HBRS/AMR/AMR_PROJECT/amr-team-bot/install/aws_robomaker_small_house_world/share/aws_robomaker_small_house_world/models/aws_robomaker_residential_TV_01
[3.416s] -- Up-to-date: /home/ashraful/HBRS/AMR/AMR_PROJECT/amr-team-bot/install/aws_robomaker_small_house_world/share/aws_robomaker_small_house_world/models/aws_robomaker_residential_TV_01/model.sdf
[3.416s] -- Up-to-date: /home/ashraful/HBRS/AMR/AMR_PROJECT/amr-team-bot/install/aws_robomaker_small_house_world/share/aws_robomaker_small_house_world/models/aws_robomaker_residential_TV_01/meshes
[3.417s] -- Up-to-date: /home/ashraful/HBRS/AMR/AMR_PROJECT/amr-team-bot/install/aws_robomaker_small_house_world/share/aws_robomaker_small_house_world/models/aws_robomaker_residential_TV_01/meshes/aws_TV_01_visual.DAE
[3.417s] -- Up-to-date: /home/ashraful/HBRS/AMR/AMR_PROJECT/amr-team-bot/install/aws_robomaker_small_house_world/share/aws_robomaker_small_house_world/models/aws_robomaker_residential_TV_01/meshes/aws_TV_01_collision.DAE
[3.418s] -- Up-to-date: /home/ashraful/HBRS/AMR/AMR_PROJECT/amr-team-bot/install/aws_robomaker_small_house_world/share/aws_robomaker_small_house_world/models/aws_robomaker_residential_TV_01/materials
[3.418s] -- Up-to-date: /home/ashraful/HBRS/AMR/AMR_PROJECT/amr-team-bot/install/aws_robomaker_small_house_world/share/aws_robomaker_small_house_world/models/aws_robomaker_residential_TV_01/materials/textures
[3.418s] -- Up-to-date: /home/ashraful/HBRS/AMR/AMR_PROJECT/amr-team-bot/install/aws_robomaker_small_house_world/share/aws_robomaker_small_house_world/models/aws_robomaker_residential_TV_01/materials/textures/aws_TV_01.png
[3.419s] -- Up-to-date: /home/ashraful/HBRS/AMR/AMR_PROJECT/amr-team-bot/install/aws_robomaker_small_house_world/share/aws_robomaker_small_house_world/models/aws_robomaker_residential_TV_01/model.config
[3.419s] -- Up-to-date: /home/ashraful/HBRS/AMR/AMR_PROJECT/amr-team-bot/install/aws_robomaker_small_house_world/share/aws_robomaker_small_house_world/models/aws_robomaker_residential_DeskPortraitC_01
[3.426s] -- Up-to-date: /home/ashraful/HBRS/AMR/AMR_PROJECT/amr-team-bot/install/aws_robomaker_small_house_world/share/aws_robomaker_small_house_world/models/aws_robomaker_residential_DeskPortraitC_01/model.sdf
[3.426s] -- Up-to-date: /home/ashraful/HBRS/AMR/AMR_PROJECT/amr-team-bot/install/aws_robomaker_small_house_world/share/aws_robomaker_small_house_world/models/aws_robomaker_residential_DeskPortraitC_01/meshes
[3.427s] -- Up-to-date: /home/ashraful/HBRS/AMR/AMR_PROJECT/amr-team-bot/install/aws_robomaker_small_house_world/share/aws_robomaker_small_house_world/models/aws_robomaker_residential_DeskPortraitC_01/meshes/aws_DeskPortraitC_01_visual.DAE
[3.427s] -- Up-to-date: /home/ashraful/HBRS/AMR/AMR_PROJECT/amr-team-bot/install/aws_robomaker_small_house_world/share/aws_robomaker_small_house_world/models/aws_robomaker_residential_DeskPortraitC_01/meshes/aws_DeskPortraitC_01_collision.DAE
[3.427s] -- Up-to-date: /home/ashraful/HBRS/AMR/AMR_PROJECT/amr-team-bot/install/aws_robomaker_small_house_world/share/aws_robomaker_small_house_world/models/aws_robomaker_residential_DeskPortraitC_01/materials
[3.427s] -- Up-to-date: /home/ashraful/HBRS/AMR/AMR_PROJECT/amr-team-bot/install/aws_robomaker_small_house_world/share/aws_robomaker_small_house_world/models/aws_robomaker_residential_DeskPortraitC_01/materials/textures
[3.428s] -- Up-to-date: /home/ashraful/HBRS/AMR/AMR_PROJECT/amr-team-bot/install/aws_robomaker_small_house_world/share/aws_robomaker_small_house_world/models/aws_robomaker_residential_DeskPortraitC_01/materials/textures/aws_DeskPortraitC_02.png
[3.428s] -- Up-to-date: /home/ashraful/HBRS/AMR/AMR_PROJECT/amr-team-bot/install/aws_robomaker_small_house_world/share/aws_robomaker_small_house_world/models/aws_robomaker_residential_DeskPortraitC_01/materials/textures/aws_DeskPortraitC_01.png
[3.428s] -- Up-to-date: /home/ashraful/HBRS/AMR/AMR_PROJECT/amr-team-bot/install/aws_robomaker_small_house_world/share/aws_robomaker_small_house_world/models/aws_robomaker_residential_DeskPortraitC_01/model.config
[3.428s] -- Up-to-date: /home/ashraful/HBRS/AMR/AMR_PROJECT/amr-team-bot/install/aws_robomaker_small_house_world/share/aws_robomaker_small_house_world/models/aws_robomaker_residential_Tablet_01
[3.429s] -- Up-to-date: /home/ashraful/HBRS/AMR/AMR_PROJECT/amr-team-bot/install/aws_robomaker_small_house_world/share/aws_robomaker_small_house_world/models/aws_robomaker_residential_Tablet_01/model.sdf
[3.429s] -- Up-to-date: /home/ashraful/HBRS/AMR/AMR_PROJECT/amr-team-bot/install/aws_robomaker_small_house_world/share/aws_robomaker_small_house_world/models/aws_robomaker_residential_Tablet_01/meshes
[3.443s] -- Up-to-date: /home/ashraful/HBRS/AMR/AMR_PROJECT/amr-team-bot/install/aws_robomaker_small_house_world/share/aws_robomaker_small_house_world/models/aws_robomaker_residential_Tablet_01/meshes/aws_Tablet_01_visual.DAE
[3.444s] -- Up-to-date: /home/ashraful/HBRS/AMR/AMR_PROJECT/amr-team-bot/install/aws_robomaker_small_house_world/share/aws_robomaker_small_house_world/models/aws_robomaker_residential_Tablet_01/meshes/aws_Tablet_01_collision.DAE
[3.444s] -- Up-to-date: /home/ashraful/HBRS/AMR/AMR_PROJECT/amr-team-bot/install/aws_robomaker_small_house_world/share/aws_robomaker_small_house_world/models/aws_robomaker_residential_Tablet_01/materials
[3.444s] -- Up-to-date: /home/ashraful/HBRS/AMR/AMR_PROJECT/amr-team-bot/install/aws_robomaker_small_house_world/share/aws_robomaker_small_house_world/models/aws_robomaker_residential_Tablet_01/materials/textures
[3.444s] -- Up-to-date: /home/ashraful/HBRS/AMR/AMR_PROJECT/amr-team-bot/install/aws_robomaker_small_house_world/share/aws_robomaker_small_house_world/models/aws_robomaker_residential_Tablet_01/materials/textures/aws_Tablet_01_nologo.png
[3.444s] -- Up-to-date: /home/ashraful/HBRS/AMR/AMR_PROJECT/amr-team-bot/install/aws_robomaker_small_house_world/share/aws_robomaker_small_house_world/models/aws_robomaker_residential_Tablet_01/model.config
[3.445s] -- Up-to-date: /home/ashraful/HBRS/AMR/AMR_PROJECT/amr-team-bot/install/aws_robomaker_small_house_world/share/aws_robomaker_small_house_world/models/aws_robomaker_residential_TV_02
[3.445s] -- Up-to-date: /home/ashraful/HBRS/AMR/AMR_PROJECT/amr-team-bot/install/aws_robomaker_small_house_world/share/aws_robomaker_small_house_world/models/aws_robomaker_residential_TV_02/model.sdf
[3.445s] -- Up-to-date: /home/ashraful/HBRS/AMR/AMR_PROJECT/amr-team-bot/install/aws_robomaker_small_house_world/share/aws_robomaker_small_house_world/models/aws_robomaker_residential_TV_02/meshes
[3.446s] -- Up-to-date: /home/ashraful/HBRS/AMR/AMR_PROJECT/amr-team-bot/install/aws_robomaker_small_house_world/share/aws_robomaker_small_house_world/models/aws_robomaker_residential_TV_02/meshes/aws_TV_01_visual.DAE
[3.446s] -- Up-to-date: /home/ashraful/HBRS/AMR/AMR_PROJECT/amr-team-bot/install/aws_robomaker_small_house_world/share/aws_robomaker_small_house_world/models/aws_robomaker_residential_TV_02/meshes/aws_TV_01_collision.DAE
[3.446s] -- Up-to-date: /home/ashraful/HBRS/AMR/AMR_PROJECT/amr-team-bot/install/aws_robomaker_small_house_world/share/aws_robomaker_small_house_world/models/aws_robomaker_residential_TV_02/materials
[3.446s] -- Up-to-date: /home/ashraful/HBRS/AMR/AMR_PROJECT/amr-team-bot/install/aws_robomaker_small_house_world/share/aws_robomaker_small_house_world/models/aws_robomaker_residential_TV_02/materials/textures
[3.446s] -- Up-to-date: /home/ashraful/HBRS/AMR/AMR_PROJECT/amr-team-bot/install/aws_robomaker_small_house_world/share/aws_robomaker_small_house_world/models/aws_robomaker_residential_TV_02/materials/textures/aws_TV_01.png
[3.447s] -- Up-to-date: /home/ashraful/HBRS/AMR/AMR_PROJECT/amr-team-bot/install/aws_robomaker_small_house_world/share/aws_robomaker_small_house_world/models/aws_robomaker_residential_TV_02/model.config
[3.454s] -- Up-to-date: /home/ashraful/HBRS/AMR/AMR_PROJECT/amr-team-bot/install/aws_robomaker_small_house_world/share/aws_robomaker_small_house_world/models/aws_robomaker_residential_RoomCeiling_01
[3.454s] -- Up-to-date: /home/ashraful/HBRS/AMR/AMR_PROJECT/amr-team-bot/install/aws_robomaker_small_house_world/share/aws_robomaker_small_house_world/models/aws_robomaker_residential_RoomCeiling_01/model.sdf
[3.454s] -- Up-to-date: /home/ashraful/HBRS/AMR/AMR_PROJECT/amr-team-bot/install/aws_robomaker_small_house_world/share/aws_robomaker_small_house_world/models/aws_robomaker_residential_RoomCeiling_01/meshes
[3.454s] -- Up-to-date: /home/ashraful/HBRS/AMR/AMR_PROJECT/amr-team-bot/install/aws_robomaker_small_house_world/share/aws_robomaker_small_house_world/models/aws_robomaker_residential_RoomCeiling_01/meshes/aws_RoomCeiling_01_collision.DAE
[3.455s] -- Up-to-date: /home/ashraful/HBRS/AMR/AMR_PROJECT/amr-team-bot/install/aws_robomaker_small_house_world/share/aws_robomaker_small_house_world/models/aws_robomaker_residential_RoomCeiling_01/meshes/aws_RoomCeiling_01_visual.DAE
[3.455s] -- Up-to-date: /home/ashraful/HBRS/AMR/AMR_PROJECT/amr-team-bot/install/aws_robomaker_small_house_world/share/aws_robomaker_small_house_world/models/aws_robomaker_residential_RoomCeiling_01/materials
[3.455s] -- Up-to-date: /home/ashraful/HBRS/AMR/AMR_PROJECT/amr-team-bot/install/aws_robomaker_small_house_world/share/aws_robomaker_small_house_world/models/aws_robomaker_residential_RoomCeiling_01/materials/textures
[3.455s] -- Up-to-date: /home/ashraful/HBRS/AMR/AMR_PROJECT/amr-team-bot/install/aws_robomaker_small_house_world/share/aws_robomaker_small_house_world/models/aws_robomaker_residential_RoomCeiling_01/materials/textures/aws_RoomCeiling_01.png
[3.456s] -- Up-to-date: /home/ashraful/HBRS/AMR/AMR_PROJECT/amr-team-bot/install/aws_robomaker_small_house_world/share/aws_robomaker_small_house_world/models/aws_robomaker_residential_RoomCeiling_01/model.config
[3.456s] -- Up-to-date: /home/ashraful/HBRS/AMR/AMR_PROJECT/amr-team-bot/install/aws_robomaker_small_house_world/share/aws_robomaker_small_house_world/models/aws_robomaker_residential_DeskPortraitB_01
[3.456s] -- Up-to-date: /home/ashraful/HBRS/AMR/AMR_PROJECT/amr-team-bot/install/aws_robomaker_small_house_world/share/aws_robomaker_small_house_world/models/aws_robomaker_residential_DeskPortraitB_01/model.sdf
[3.456s] -- Up-to-date: /home/ashraful/HBRS/AMR/AMR_PROJECT/amr-team-bot/install/aws_robomaker_small_house_world/share/aws_robomaker_small_house_world/models/aws_robomaker_residential_DeskPortraitB_01/meshes
[3.456s] -- Up-to-date: /home/ashraful/HBRS/AMR/AMR_PROJECT/amr-team-bot/install/aws_robomaker_small_house_world/share/aws_robomaker_small_house_world/models/aws_robomaker_residential_DeskPortraitB_01/meshes/aws_DeskPortraitB_01_visual.DAE
[3.457s] -- Up-to-date: /home/ashraful/HBRS/AMR/AMR_PROJECT/amr-team-bot/install/aws_robomaker_small_house_world/share/aws_robomaker_small_house_world/models/aws_robomaker_residential_DeskPortraitB_01/meshes/aws_DeskPortraitB_01_collision.DAE
[3.462s] -- Up-to-date: /home/ashraful/HBRS/AMR/AMR_PROJECT/amr-team-bot/install/aws_robomaker_small_house_world/share/aws_robomaker_small_house_world/models/aws_robomaker_residential_DeskPortraitB_01/materials
[3.463s] -- Up-to-date: /home/ashraful/HBRS/AMR/AMR_PROJECT/amr-team-bot/install/aws_robomaker_small_house_world/share/aws_robomaker_small_house_world/models/aws_robomaker_residential_DeskPortraitB_01/materials/textures
[3.463s] -- Up-to-date: /home/ashraful/HBRS/AMR/AMR_PROJECT/amr-team-bot/install/aws_robomaker_small_house_world/share/aws_robomaker_small_house_world/models/aws_robomaker_residential_DeskPortraitB_01/materials/textures/aws_DeskPortraitB_01.png
[3.463s] -- Up-to-date: /home/ashraful/HBRS/AMR/AMR_PROJECT/amr-team-bot/install/aws_robomaker_small_house_world/share/aws_robomaker_small_house_world/models/aws_robomaker_residential_DeskPortraitB_01/materials/textures/aws_DeskPortraitB_02.png
[3.463s] -- Up-to-date: /home/ashraful/HBRS/AMR/AMR_PROJECT/amr-team-bot/install/aws_robomaker_small_house_world/share/aws_robomaker_small_house_world/models/aws_robomaker_residential_DeskPortraitB_01/model.config
[3.464s] -- Up-to-date: /home/ashraful/HBRS/AMR/AMR_PROJECT/amr-team-bot/install/aws_robomaker_small_house_world/share/aws_robomaker_small_house_world/models/aws_robomaker_residential_SeasoningBox_01
[3.464s] -- Up-to-date: /home/ashraful/HBRS/AMR/AMR_PROJECT/amr-team-bot/install/aws_robomaker_small_house_world/share/aws_robomaker_small_house_world/models/aws_robomaker_residential_SeasoningBox_01/model.sdf
[3.464s] -- Up-to-date: /home/ashraful/HBRS/AMR/AMR_PROJECT/amr-team-bot/install/aws_robomaker_small_house_world/share/aws_robomaker_small_house_world/models/aws_robomaker_residential_SeasoningBox_01/meshes
[3.464s] -- Up-to-date: /home/ashraful/HBRS/AMR/AMR_PROJECT/amr-team-bot/install/aws_robomaker_small_house_world/share/aws_robomaker_small_house_world/models/aws_robomaker_residential_SeasoningBox_01/meshes/aws_SeasoningBox_01_collision.DAE
[3.464s] -- Up-to-date: /home/ashraful/HBRS/AMR/AMR_PROJECT/amr-team-bot/install/aws_robomaker_small_house_world/share/aws_robomaker_small_house_world/models/aws_robomaker_residential_SeasoningBox_01/meshes/aws_SeasoningBox_01_visual.DAE
[3.464s] -- Up-to-date: /home/ashraful/HBRS/AMR/AMR_PROJECT/amr-team-bot/install/aws_robomaker_small_house_world/share/aws_robomaker_small_house_world/models/aws_robomaker_residential_SeasoningBox_01/materials
[3.465s] -- Up-to-date: /home/ashraful/HBRS/AMR/AMR_PROJECT/amr-team-bot/install/aws_robomaker_small_house_world/share/aws_robomaker_small_house_world/models/aws_robomaker_residential_SeasoningBox_01/materials/textures
[3.465s] -- Up-to-date: /home/ashraful/HBRS/AMR/AMR_PROJECT/amr-team-bot/install/aws_robomaker_small_house_world/share/aws_robomaker_small_house_world/models/aws_robomaker_residential_SeasoningBox_01/materials/textures/aws_SeasoningBox_01.png
[3.465s] -- Up-to-date: /home/ashraful/HBRS/AMR/AMR_PROJECT/amr-team-bot/install/aws_robomaker_small_house_world/share/aws_robomaker_small_house_world/models/aws_robomaker_residential_SeasoningBox_01/model.config
[3.465s] -- Up-to-date: /home/ashraful/HBRS/AMR/AMR_PROJECT/amr-team-bot/install/aws_robomaker_small_house_world/share/aws_robomaker_small_house_world/models/aws_robomaker_residential_Pillow_01
[3.465s] -- Up-to-date: /home/ashraful/HBRS/AMR/AMR_PROJECT/amr-team-bot/install/aws_robomaker_small_house_world/share/aws_robomaker_small_house_world/models/aws_robomaker_residential_Pillow_01/model.sdf
[3.465s] -- Up-to-date: /home/ashraful/HBRS/AMR/AMR_PROJECT/amr-team-bot/install/aws_robomaker_small_house_world/share/aws_robomaker_small_house_world/models/aws_robomaker_residential_Pillow_01/meshes
[3.466s] -- Up-to-date: /home/ashraful/HBRS/AMR/AMR_PROJECT/amr-team-bot/install/aws_robomaker_small_house_world/share/aws_robomaker_small_house_world/models/aws_robomaker_residential_Pillow_01/meshes/aws_Pillow_01_visual.DAE
[3.466s] -- Up-to-date: /home/ashraful/HBRS/AMR/AMR_PROJECT/amr-team-bot/install/aws_robomaker_small_house_world/share/aws_robomaker_small_house_world/models/aws_robomaker_residential_Pillow_01/meshes/aws_Pillow_01_collision.DAE
[3.472s] -- Up-to-date: /home/ashraful/HBRS/AMR/AMR_PROJECT/amr-team-bot/install/aws_robomaker_small_house_world/share/aws_robomaker_small_house_world/models/aws_robomaker_residential_Pillow_01/materials
[3.473s] -- Up-to-date: /home/ashraful/HBRS/AMR/AMR_PROJECT/amr-team-bot/install/aws_robomaker_small_house_world/share/aws_robomaker_small_house_world/models/aws_robomaker_residential_Pillow_01/materials/textures
[3.474s] -- Up-to-date: /home/ashraful/HBRS/AMR/AMR_PROJECT/amr-team-bot/install/aws_robomaker_small_house_world/share/aws_robomaker_small_house_world/models/aws_robomaker_residential_Pillow_01/materials/textures/aws_Pillow_01.png
[3.474s] -- Up-to-date: /home/ashraful/HBRS/AMR/AMR_PROJECT/amr-team-bot/install/aws_robomaker_small_house_world/share/aws_robomaker_small_house_world/models/aws_robomaker_residential_Pillow_01/model.config
[3.474s] -- Up-to-date: /home/ashraful/HBRS/AMR/AMR_PROJECT/amr-team-bot/install/aws_robomaker_small_house_world/share/aws_robomaker_small_house_world/models/aws_robomaker_residential_HouseWallB_01
[3.475s] -- Up-to-date: /home/ashraful/HBRS/AMR/AMR_PROJECT/amr-team-bot/install/aws_robomaker_small_house_world/share/aws_robomaker_small_house_world/models/aws_robomaker_residential_HouseWallB_01/model.sdf
[3.475s] -- Up-to-date: /home/ashraful/HBRS/AMR/AMR_PROJECT/amr-team-bot/install/aws_robomaker_small_house_world/share/aws_robomaker_small_house_world/models/aws_robomaker_residential_HouseWallB_01/meshes
[3.475s] -- Up-to-date: /home/ashraful/HBRS/AMR/AMR_PROJECT/amr-team-bot/install/aws_robomaker_small_house_world/share/aws_robomaker_small_house_world/models/aws_robomaker_residential_HouseWallB_01/meshes/aws_HouseWallB_01_collision.DAE
[3.475s] -- Up-to-date: /home/ashraful/HBRS/AMR/AMR_PROJECT/amr-team-bot/install/aws_robomaker_small_house_world/share/aws_robomaker_small_house_world/models/aws_robomaker_residential_HouseWallB_01/meshes/aws_HouseWallB_01_visual.DAE
[3.475s] -- Up-to-date: /home/ashraful/HBRS/AMR/AMR_PROJECT/amr-team-bot/install/aws_robomaker_small_house_world/share/aws_robomaker_small_house_world/models/aws_robomaker_residential_HouseWallB_01/materials
[3.475s] -- Up-to-date: /home/ashraful/HBRS/AMR/AMR_PROJECT/amr-team-bot/install/aws_robomaker_small_house_world/share/aws_robomaker_small_house_world/models/aws_robomaker_residential_HouseWallB_01/materials/textures
[3.476s] -- Up-to-date: /home/ashraful/HBRS/AMR/AMR_PROJECT/amr-team-bot/install/aws_robomaker_small_house_world/share/aws_robomaker_small_house_world/models/aws_robomaker_residential_HouseWallB_01/materials/textures/aws_HouseWallB_01.png
[3.476s] -- Up-to-date: /home/ashraful/HBRS/AMR/AMR_PROJECT/amr-team-bot/install/aws_robomaker_small_house_world/share/aws_robomaker_small_house_world/models/aws_robomaker_residential_HouseWallB_01/model.config
[3.476s] -- Up-to-date: /home/ashraful/HBRS/AMR/AMR_PROJECT/amr-team-bot/install/aws_robomaker_small_house_world/share/aws_robomaker_small_house_world/models/aws_robomaker_residential_DeskPortraitD_01
[3.476s] -- Up-to-date: /home/ashraful/HBRS/AMR/AMR_PROJECT/amr-team-bot/install/aws_robomaker_small_house_world/share/aws_robomaker_small_house_world/models/aws_robomaker_residential_DeskPortraitD_01/model.sdf
[3.476s] -- Up-to-date: /home/ashraful/HBRS/AMR/AMR_PROJECT/amr-team-bot/install/aws_robomaker_small_house_world/share/aws_robomaker_small_house_world/models/aws_robomaker_residential_DeskPortraitD_01/meshes
[3.477s] -- Up-to-date: /home/ashraful/HBRS/AMR/AMR_PROJECT/amr-team-bot/install/aws_robomaker_small_house_world/share/aws_robomaker_small_house_world/models/aws_robomaker_residential_DeskPortraitD_01/meshes/aws_DeskPortraitD_01_visual.DAE
[3.477s] -- Up-to-date: /home/ashraful/HBRS/AMR/AMR_PROJECT/amr-team-bot/install/aws_robomaker_small_house_world/share/aws_robomaker_small_house_world/models/aws_robomaker_residential_DeskPortraitD_01/meshes/aws_DeskPortraitD_01_collision.DAE
[3.481s] -- Up-to-date: /home/ashraful/HBRS/AMR/AMR_PROJECT/amr-team-bot/install/aws_robomaker_small_house_world/share/aws_robomaker_small_house_world/models/aws_robomaker_residential_DeskPortraitD_01/materials
[3.481s] -- Up-to-date: /home/ashraful/HBRS/AMR/AMR_PROJECT/amr-team-bot/install/aws_robomaker_small_house_world/share/aws_robomaker_small_house_world/models/aws_robomaker_residential_DeskPortraitD_01/materials/textures
[3.481s] -- Up-to-date: /home/ashraful/HBRS/AMR/AMR_PROJECT/amr-team-bot/install/aws_robomaker_small_house_world/share/aws_robomaker_small_house_world/models/aws_robomaker_residential_DeskPortraitD_01/materials/textures/aws_DeskPortraitD_02.png
[3.481s] -- Up-to-date: /home/ashraful/HBRS/AMR/AMR_PROJECT/amr-team-bot/install/aws_robomaker_small_house_world/share/aws_robomaker_small_house_world/models/aws_robomaker_residential_DeskPortraitD_01/materials/textures/aws_DeskPortraitD_01.png
[3.481s] -- Up-to-date: /home/ashraful/HBRS/AMR/AMR_PROJECT/amr-team-bot/install/aws_robomaker_small_house_world/share/aws_robomaker_small_house_world/models/aws_robomaker_residential_DeskPortraitD_01/model.config
[3.482s] -- Up-to-date: /home/ashraful/HBRS/AMR/AMR_PROJECT/amr-team-bot/install/aws_robomaker_small_house_world/share/aws_robomaker_small_house_world/models/aws_robomaker_residential_PortraitD_02
[3.482s] -- Up-to-date: /home/ashraful/HBRS/AMR/AMR_PROJECT/amr-team-bot/install/aws_robomaker_small_house_world/share/aws_robomaker_small_house_world/models/aws_robomaker_residential_PortraitD_02/model.sdf
[3.482s] -- Up-to-date: /home/ashraful/HBRS/AMR/AMR_PROJECT/amr-team-bot/install/aws_robomaker_small_house_world/share/aws_robomaker_small_house_world/models/aws_robomaker_residential_PortraitD_02/meshes
[3.482s] -- Up-to-date: /home/ashraful/HBRS/AMR/AMR_PROJECT/amr-team-bot/install/aws_robomaker_small_house_world/share/aws_robomaker_small_house_world/models/aws_robomaker_residential_PortraitD_02/meshes/aws_PortraitD_01_visual.DAE
[3.482s] -- Up-to-date: /home/ashraful/HBRS/AMR/AMR_PROJECT/amr-team-bot/install/aws_robomaker_small_house_world/share/aws_robomaker_small_house_world/models/aws_robomaker_residential_PortraitD_02/meshes/aws_PortraitD_01_collision.DAE
[3.483s] -- Up-to-date: /home/ashraful/HBRS/AMR/AMR_PROJECT/amr-team-bot/install/aws_robomaker_small_house_world/share/aws_robomaker_small_house_world/models/aws_robomaker_residential_PortraitD_02/materials
[3.483s] -- Up-to-date: /home/ashraful/HBRS/AMR/AMR_PROJECT/amr-team-bot/install/aws_robomaker_small_house_world/share/aws_robomaker_small_house_world/models/aws_robomaker_residential_PortraitD_02/materials/textures
[3.483s] -- Up-to-date: /home/ashraful/HBRS/AMR/AMR_PROJECT/amr-team-bot/install/aws_robomaker_small_house_world/share/aws_robomaker_small_house_world/models/aws_robomaker_residential_PortraitD_02/materials/textures/aws_PortraitD_01.png
[3.483s] -- Up-to-date: /home/ashraful/HBRS/AMR/AMR_PROJECT/amr-team-bot/install/aws_robomaker_small_house_world/share/aws_robomaker_small_house_world/models/aws_robomaker_residential_PortraitD_02/materials/textures/aws_PortraitD_02.png
[3.483s] -- Up-to-date: /home/ashraful/HBRS/AMR/AMR_PROJECT/amr-team-bot/install/aws_robomaker_small_house_world/share/aws_robomaker_small_house_world/models/aws_robomaker_residential_PortraitD_02/model.config
[3.483s] -- Up-to-date: /home/ashraful/HBRS/AMR/AMR_PROJECT/amr-team-bot/install/aws_robomaker_small_house_world/share/aws_robomaker_small_house_world/models/aws_robomaker_residential_FoldingDoor_01
[3.484s] -- Up-to-date: /home/ashraful/HBRS/AMR/AMR_PROJECT/amr-team-bot/install/aws_robomaker_small_house_world/share/aws_robomaker_small_house_world/models/aws_robomaker_residential_FoldingDoor_01/model.sdf
[3.488s] -- Up-to-date: /home/ashraful/HBRS/AMR/AMR_PROJECT/amr-team-bot/install/aws_robomaker_small_house_world/share/aws_robomaker_small_house_world/models/aws_robomaker_residential_FoldingDoor_01/meshes
[3.488s] -- Up-to-date: /home/ashraful/HBRS/AMR/AMR_PROJECT/amr-team-bot/install/aws_robomaker_small_house_world/share/aws_robomaker_small_house_world/models/aws_robomaker_residential_FoldingDoor_01/meshes/aws_FoldingDoor_01_visual.DAE
[3.488s] -- Up-to-date: /home/ashraful/HBRS/AMR/AMR_PROJECT/amr-team-bot/install/aws_robomaker_small_house_world/share/aws_robomaker_small_house_world/models/aws_robomaker_residential_FoldingDoor_01/meshes/aws_FoldingDoor_01_collision.DAE
[3.489s] -- Up-to-date: /home/ashraful/HBRS/AMR/AMR_PROJECT/amr-team-bot/install/aws_robomaker_small_house_world/share/aws_robomaker_small_house_world/models/aws_robomaker_residential_FoldingDoor_01/materials
[3.489s] -- Up-to-date: /home/ashraful/HBRS/AMR/AMR_PROJECT/amr-team-bot/install/aws_robomaker_small_house_world/share/aws_robomaker_small_house_world/models/aws_robomaker_residential_FoldingDoor_01/materials/textures
[3.489s] -- Up-to-date: /home/ashraful/HBRS/AMR/AMR_PROJECT/amr-team-bot/install/aws_robomaker_small_house_world/share/aws_robomaker_small_house_world/models/aws_robomaker_residential_FoldingDoor_01/materials/textures/aws_FoldingDoor_01.png
[3.489s] -- Up-to-date: /home/ashraful/HBRS/AMR/AMR_PROJECT/amr-team-bot/install/aws_robomaker_small_house_world/share/aws_robomaker_small_house_world/models/aws_robomaker_residential_FoldingDoor_01/model.config
[3.489s] -- Up-to-date: /home/ashraful/HBRS/AMR/AMR_PROJECT/amr-team-bot/install/aws_robomaker_small_house_world/share/aws_robomaker_small_house_world/models/aws_robomaker_residential_DeskPortraitB_02
[3.490s] -- Up-to-date: /home/ashraful/HBRS/AMR/AMR_PROJECT/amr-team-bot/install/aws_robomaker_small_house_world/share/aws_robomaker_small_house_world/models/aws_robomaker_residential_DeskPortraitB_02/model.sdf
[3.490s] -- Up-to-date: /home/ashraful/HBRS/AMR/AMR_PROJECT/amr-team-bot/install/aws_robomaker_small_house_world/share/aws_robomaker_small_house_world/models/aws_robomaker_residential_DeskPortraitB_02/meshes
[3.490s] -- Up-to-date: /home/ashraful/HBRS/AMR/AMR_PROJECT/amr-team-bot/install/aws_robomaker_small_house_world/share/aws_robomaker_small_house_world/models/aws_robomaker_residential_DeskPortraitB_02/meshes/aws_DeskPortraitB_01_visual.DAE
[3.490s] -- Up-to-date: /home/ashraful/HBRS/AMR/AMR_PROJECT/amr-team-bot/install/aws_robomaker_small_house_world/share/aws_robomaker_small_house_world/models/aws_robomaker_residential_DeskPortraitB_02/meshes/aws_DeskPortraitB_01_collision.DAE
[3.491s] -- Up-to-date: /home/ashraful/HBRS/AMR/AMR_PROJECT/amr-team-bot/install/aws_robomaker_small_house_world/share/aws_robomaker_small_house_world/models/aws_robomaker_residential_DeskPortraitB_02/materials
[3.491s] -- Up-to-date: /home/ashraful/HBRS/AMR/AMR_PROJECT/amr-team-bot/install/aws_robomaker_small_house_world/share/aws_robomaker_small_house_world/models/aws_robomaker_residential_DeskPortraitB_02/materials/textures
[3.491s] -- Up-to-date: /home/ashraful/HBRS/AMR/AMR_PROJECT/amr-team-bot/install/aws_robomaker_small_house_world/share/aws_robomaker_small_house_world/models/aws_robomaker_residential_DeskPortraitB_02/materials/textures/aws_DeskPortraitB_01.png
[3.491s] -- Up-to-date: /home/ashraful/HBRS/AMR/AMR_PROJECT/amr-team-bot/install/aws_robomaker_small_house_world/share/aws_robomaker_small_house_world/models/aws_robomaker_residential_DeskPortraitB_02/materials/textures/aws_DeskPortraitB_02.png
[3.492s] -- Up-to-date: /home/ashraful/HBRS/AMR/AMR_PROJECT/amr-team-bot/install/aws_robomaker_small_house_world/share/aws_robomaker_small_house_world/models/aws_robomaker_residential_DeskPortraitB_02/model.config
[3.492s] -- Up-to-date: /home/ashraful/HBRS/AMR/AMR_PROJECT/amr-team-bot/install/aws_robomaker_small_house_world/share/aws_robomaker_small_house_world/models/aws_robomaker_residential_KitchenTable_01
[3.492s] -- Up-to-date: /home/ashraful/HBRS/AMR/AMR_PROJECT/amr-team-bot/install/aws_robomaker_small_house_world/share/aws_robomaker_small_house_world/models/aws_robomaker_residential_KitchenTable_01/model.sdf
[3.493s] -- Up-to-date: /home/ashraful/HBRS/AMR/AMR_PROJECT/amr-team-bot/install/aws_robomaker_small_house_world/share/aws_robomaker_small_house_world/models/aws_robomaker_residential_KitchenTable_01/meshes
[3.493s] -- Up-to-date: /home/ashraful/HBRS/AMR/AMR_PROJECT/amr-team-bot/install/aws_robomaker_small_house_world/share/aws_robomaker_small_house_world/models/aws_robomaker_residential_KitchenTable_01/meshes/aws_KitchenTable_01_collision.DAE
[3.493s] -- Up-to-date: /home/ashraful/HBRS/AMR/AMR_PROJECT/amr-team-bot/install/aws_robomaker_small_house_world/share/aws_robomaker_small_house_world/models/aws_robomaker_residential_KitchenTable_01/meshes/aws_KitchenTable_01_visual.DAE
[3.493s] -- Up-to-date: /home/ashraful/HBRS/AMR/AMR_PROJECT/amr-team-bot/install/aws_robomaker_small_house_world/share/aws_robomaker_small_house_world/models/aws_robomaker_residential_KitchenTable_01/materials
[3.493s] -- Up-to-date: /home/ashraful/HBRS/AMR/AMR_PROJECT/amr-team-bot/install/aws_robomaker_small_house_world/share/aws_robomaker_small_house_world/models/aws_robomaker_residential_KitchenTable_01/materials/textures
[3.493s] -- Up-to-date: /home/ashraful/HBRS/AMR/AMR_PROJECT/amr-team-bot/install/aws_robomaker_small_house_world/share/aws_robomaker_small_house_world/models/aws_robomaker_residential_KitchenTable_01/materials/textures/aws_KitchenTable_01.png
[3.494s] -- Up-to-date: /home/ashraful/HBRS/AMR/AMR_PROJECT/amr-team-bot/install/aws_robomaker_small_house_world/share/aws_robomaker_small_house_world/models/aws_robomaker_residential_KitchenTable_01/model.config
[3.501s] -- Up-to-date: /home/ashraful/HBRS/AMR/AMR_PROJECT/amr-team-bot/install/aws_robomaker_small_house_world/share/aws_robomaker_small_house_world/models/aws_robomaker_residential_PortraitE_01
[3.501s] -- Up-to-date: /home/ashraful/HBRS/AMR/AMR_PROJECT/amr-team-bot/install/aws_robomaker_small_house_world/share/aws_robomaker_small_house_world/models/aws_robomaker_residential_PortraitE_01/model.sdf
[3.501s] -- Up-to-date: /home/ashraful/HBRS/AMR/AMR_PROJECT/amr-team-bot/install/aws_robomaker_small_house_world/share/aws_robomaker_small_house_world/models/aws_robomaker_residential_PortraitE_01/meshes
[3.502s] -- Up-to-date: /home/ashraful/HBRS/AMR/AMR_PROJECT/amr-team-bot/install/aws_robomaker_small_house_world/share/aws_robomaker_small_house_world/models/aws_robomaker_residential_PortraitE_01/meshes/aws_PortraitE_01_collision.DAE
[3.502s] -- Up-to-date: /home/ashraful/HBRS/AMR/AMR_PROJECT/amr-team-bot/install/aws_robomaker_small_house_world/share/aws_robomaker_small_house_world/models/aws_robomaker_residential_PortraitE_01/meshes/aws_PortraitE_01_visual.DAE
[3.502s] -- Up-to-date: /home/ashraful/HBRS/AMR/AMR_PROJECT/amr-team-bot/install/aws_robomaker_small_house_world/share/aws_robomaker_small_house_world/models/aws_robomaker_residential_PortraitE_01/materials
[3.502s] -- Up-to-date: /home/ashraful/HBRS/AMR/AMR_PROJECT/amr-team-bot/install/aws_robomaker_small_house_world/share/aws_robomaker_small_house_world/models/aws_robomaker_residential_PortraitE_01/materials/textures
[3.502s] -- Up-to-date: /home/ashraful/HBRS/AMR/AMR_PROJECT/amr-team-bot/install/aws_robomaker_small_house_world/share/aws_robomaker_small_house_world/models/aws_robomaker_residential_PortraitE_01/materials/textures/aws_PortraitE_01.png
[3.503s] -- Up-to-date: /home/ashraful/HBRS/AMR/AMR_PROJECT/amr-team-bot/install/aws_robomaker_small_house_world/share/aws_robomaker_small_house_world/models/aws_robomaker_residential_PortraitE_01/materials/textures/aws_PortraitE_02.png
[3.503s] -- Up-to-date: /home/ashraful/HBRS/AMR/AMR_PROJECT/amr-team-bot/install/aws_robomaker_small_house_world/share/aws_robomaker_small_house_world/models/aws_robomaker_residential_PortraitE_01/model.config
[3.503s] -- Up-to-date: /home/ashraful/HBRS/AMR/AMR_PROJECT/amr-team-bot/install/aws_robomaker_small_house_world/share/aws_robomaker_small_house_world/models/aws_robomaker_residential_Ball_01
[3.503s] -- Up-to-date: /home/ashraful/HBRS/AMR/AMR_PROJECT/amr-team-bot/install/aws_robomaker_small_house_world/share/aws_robomaker_small_house_world/models/aws_robomaker_residential_Ball_01/model.sdf
[3.503s] -- Up-to-date: /home/ashraful/HBRS/AMR/AMR_PROJECT/amr-team-bot/install/aws_robomaker_small_house_world/share/aws_robomaker_small_house_world/models/aws_robomaker_residential_Ball_01/meshes
[3.505s] -- Up-to-date: /home/ashraful/HBRS/AMR/AMR_PROJECT/amr-team-bot/install/aws_robomaker_small_house_world/share/aws_robomaker_small_house_world/models/aws_robomaker_residential_Ball_01/meshes/aws_Ball_01_visual.DAE
[3.505s] -- Up-to-date: /home/ashraful/HBRS/AMR/AMR_PROJECT/amr-team-bot/install/aws_robomaker_small_house_world/share/aws_robomaker_small_house_world/models/aws_robomaker_residential_Ball_01/meshes/aws_Ball_01_collision.DAE
[3.506s] -- Up-to-date: /home/ashraful/HBRS/AMR/AMR_PROJECT/amr-team-bot/install/aws_robomaker_small_house_world/share/aws_robomaker_small_house_world/models/aws_robomaker_residential_Ball_01/materials
[3.506s] -- Up-to-date: /home/ashraful/HBRS/AMR/AMR_PROJECT/amr-team-bot/install/aws_robomaker_small_house_world/share/aws_robomaker_small_house_world/models/aws_robomaker_residential_Ball_01/materials/textures
[3.506s] -- Up-to-date: /home/ashraful/HBRS/AMR/AMR_PROJECT/amr-team-bot/install/aws_robomaker_small_house_world/share/aws_robomaker_small_house_world/models/aws_robomaker_residential_Ball_01/materials/textures/aws_Ball_01.png
[3.510s] -- Up-to-date: /home/ashraful/HBRS/AMR/AMR_PROJECT/amr-team-bot/install/aws_robomaker_small_house_world/share/aws_robomaker_small_house_world/models/aws_robomaker_residential_Ball_01/model.config
[3.511s] -- Up-to-date: /home/ashraful/HBRS/AMR/AMR_PROJECT/amr-team-bot/install/aws_robomaker_small_house_world/share/aws_robomaker_small_house_world/models/aws_robomaker_residential_SofaC_01
[3.513s] -- Up-to-date: /home/ashraful/HBRS/AMR/AMR_PROJECT/amr-team-bot/install/aws_robomaker_small_house_world/share/aws_robomaker_small_house_world/models/aws_robomaker_residential_SofaC_01/model.sdf
[3.513s] -- Up-to-date: /home/ashraful/HBRS/AMR/AMR_PROJECT/amr-team-bot/install/aws_robomaker_small_house_world/share/aws_robomaker_small_house_world/models/aws_robomaker_residential_SofaC_01/meshes
[3.513s] -- Up-to-date: /home/ashraful/HBRS/AMR/AMR_PROJECT/amr-team-bot/install/aws_robomaker_small_house_world/share/aws_robomaker_small_house_world/models/aws_robomaker_residential_SofaC_01/meshes/aws_SofaC_01_collision.DAE
[3.513s] -- Up-to-date: /home/ashraful/HBRS/AMR/AMR_PROJECT/amr-team-bot/install/aws_robomaker_small_house_world/share/aws_robomaker_small_house_world/models/aws_robomaker_residential_SofaC_01/meshes/aws_SofaC_01_visual.DAE
[3.513s] -- Up-to-date: /home/ashraful/HBRS/AMR/AMR_PROJECT/amr-team-bot/install/aws_robomaker_small_house_world/share/aws_robomaker_small_house_world/models/aws_robomaker_residential_SofaC_01/materials
[3.514s] -- Up-to-date: /home/ashraful/HBRS/AMR/AMR_PROJECT/amr-team-bot/install/aws_robomaker_small_house_world/share/aws_robomaker_small_house_world/models/aws_robomaker_residential_SofaC_01/materials/textures
[3.514s] -- Up-to-date: /home/ashraful/HBRS/AMR/AMR_PROJECT/amr-team-bot/install/aws_robomaker_small_house_world/share/aws_robomaker_small_house_world/models/aws_robomaker_residential_SofaC_01/materials/textures/aws_SofaC_01.png
[3.514s] -- Up-to-date: /home/ashraful/HBRS/AMR/AMR_PROJECT/amr-team-bot/install/aws_robomaker_small_house_world/share/aws_robomaker_small_house_world/models/aws_robomaker_residential_SofaC_01/model.config
[3.514s] -- Up-to-date: /home/ashraful/HBRS/AMR/AMR_PROJECT/amr-team-bot/install/aws_robomaker_small_house_world/share/aws_robomaker_small_house_world/models/aws_robomaker_residential_FoldingDoor_02
[3.514s] -- Up-to-date: /home/ashraful/HBRS/AMR/AMR_PROJECT/amr-team-bot/install/aws_robomaker_small_house_world/share/aws_robomaker_small_house_world/models/aws_robomaker_residential_FoldingDoor_02/model.sdf
[3.515s] -- Up-to-date: /home/ashraful/HBRS/AMR/AMR_PROJECT/amr-team-bot/install/aws_robomaker_small_house_world/share/aws_robomaker_small_house_world/models/aws_robomaker_residential_FoldingDoor_02/meshes
[3.515s] -- Up-to-date: /home/ashraful/HBRS/AMR/AMR_PROJECT/amr-team-bot/install/aws_robomaker_small_house_world/share/aws_robomaker_small_house_world/models/aws_robomaker_residential_FoldingDoor_02/meshes/aws_FoldingDoor_02_visual.DAE
[3.515s] -- Up-to-date: /home/ashraful/HBRS/AMR/AMR_PROJECT/amr-team-bot/install/aws_robomaker_small_house_world/share/aws_robomaker_small_house_world/models/aws_robomaker_residential_FoldingDoor_02/meshes/aws_FoldingDoor_02_collision.DAE
[3.515s] -- Up-to-date: /home/ashraful/HBRS/AMR/AMR_PROJECT/amr-team-bot/install/aws_robomaker_small_house_world/share/aws_robomaker_small_house_world/models/aws_robomaker_residential_FoldingDoor_02/materials
[3.515s] -- Up-to-date: /home/ashraful/HBRS/AMR/AMR_PROJECT/amr-team-bot/install/aws_robomaker_small_house_world/share/aws_robomaker_small_house_world/models/aws_robomaker_residential_FoldingDoor_02/materials/textures
[3.516s] -- Up-to-date: /home/ashraful/HBRS/AMR/AMR_PROJECT/amr-team-bot/install/aws_robomaker_small_house_world/share/aws_robomaker_small_house_world/models/aws_robomaker_residential_FoldingDoor_02/materials/textures/aws_FoldingDoor_02.png
[3.519s] -- Up-to-date: /home/ashraful/HBRS/AMR/AMR_PROJECT/amr-team-bot/install/aws_robomaker_small_house_world/share/aws_robomaker_small_house_world/models/aws_robomaker_residential_FoldingDoor_02/model.config
[3.519s] -- Up-to-date: /home/ashraful/HBRS/AMR/AMR_PROJECT/amr-team-bot/install/aws_robomaker_small_house_world/share/aws_robomaker_small_house_world/models/aws_robomaker_residential_SecurityCamera_01
[3.520s] -- Up-to-date: /home/ashraful/HBRS/AMR/AMR_PROJECT/amr-team-bot/install/aws_robomaker_small_house_world/share/aws_robomaker_small_house_world/models/aws_robomaker_residential_SecurityCamera_01/model.sdf
[3.520s] -- Up-to-date: /home/ashraful/HBRS/AMR/AMR_PROJECT/amr-team-bot/install/aws_robomaker_small_house_world/share/aws_robomaker_small_house_world/models/aws_robomaker_residential_SecurityCamera_01/meshes
[3.520s] -- Up-to-date: /home/ashraful/HBRS/AMR/AMR_PROJECT/amr-team-bot/install/aws_robomaker_small_house_world/share/aws_robomaker_small_house_world/models/aws_robomaker_residential_SecurityCamera_01/meshes/aws_SecurityCamera_01_collision.DAE
[3.520s] -- Up-to-date: /home/ashraful/HBRS/AMR/AMR_PROJECT/amr-team-bot/install/aws_robomaker_small_house_world/share/aws_robomaker_small_house_world/models/aws_robomaker_residential_SecurityCamera_01/meshes/aws_SecurityCamera_01_visual.DAE
[3.522s] -- Up-to-date: /home/ashraful/HBRS/AMR/AMR_PROJECT/amr-team-bot/install/aws_robomaker_small_house_world/share/aws_robomaker_small_house_world/models/aws_robomaker_residential_SecurityCamera_01/materials
[3.522s] -- Up-to-date: /home/ashraful/HBRS/AMR/AMR_PROJECT/amr-team-bot/install/aws_robomaker_small_house_world/share/aws_robomaker_small_house_world/models/aws_robomaker_residential_SecurityCamera_01/materials/textures
[3.522s] -- Up-to-date: /home/ashraful/HBRS/AMR/AMR_PROJECT/amr-team-bot/install/aws_robomaker_small_house_world/share/aws_robomaker_small_house_world/models/aws_robomaker_residential_SecurityCamera_01/materials/textures/aws_SecurityCamera_01.png
[3.523s] -- Up-to-date: /home/ashraful/HBRS/AMR/AMR_PROJECT/amr-team-bot/install/aws_robomaker_small_house_world/share/aws_robomaker_small_house_world/models/aws_robomaker_residential_SecurityCamera_01/model.config
[3.523s] -- Up-to-date: /home/ashraful/HBRS/AMR/AMR_PROJECT/amr-team-bot/install/aws_robomaker_small_house_world/share/aws_robomaker_small_house_world/models/aws_robomaker_residential_FitnessEquipment_01
[3.523s] -- Up-to-date: /home/ashraful/HBRS/AMR/AMR_PROJECT/amr-team-bot/install/aws_robomaker_small_house_world/share/aws_robomaker_small_house_world/models/aws_robomaker_residential_FitnessEquipment_01/model.sdf
[3.523s] -- Up-to-date: /home/ashraful/HBRS/AMR/AMR_PROJECT/amr-team-bot/install/aws_robomaker_small_house_world/share/aws_robomaker_small_house_world/models/aws_robomaker_residential_FitnessEquipment_01/meshes
[3.523s] -- Up-to-date: /home/ashraful/HBRS/AMR/AMR_PROJECT/amr-team-bot/install/aws_robomaker_small_house_world/share/aws_robomaker_small_house_world/models/aws_robomaker_residential_FitnessEquipment_01/meshes/aws_FitnessEquipment_01_visual.DAE
[3.524s] -- Up-to-date: /home/ashraful/HBRS/AMR/AMR_PROJECT/amr-team-bot/install/aws_robomaker_small_house_world/share/aws_robomaker_small_house_world/models/aws_robomaker_residential_FitnessEquipment_01/meshes/aws_FitnessEquipment_01_collision.DAE
[3.524s] -- Up-to-date: /home/ashraful/HBRS/AMR/AMR_PROJECT/amr-team-bot/install/aws_robomaker_small_house_world/share/aws_robomaker_small_house_world/models/aws_robomaker_residential_FitnessEquipment_01/materials
[3.524s] -- Up-to-date: /home/ashraful/HBRS/AMR/AMR_PROJECT/amr-team-bot/install/aws_robomaker_small_house_world/share/aws_robomaker_small_house_world/models/aws_robomaker_residential_FitnessEquipment_01/materials/textures
[3.524s] -- Up-to-date: /home/ashraful/HBRS/AMR/AMR_PROJECT/amr-team-bot/install/aws_robomaker_small_house_world/share/aws_robomaker_small_house_world/models/aws_robomaker_residential_FitnessEquipment_01/materials/textures/aws_FitnessEquipment_01.png
[3.524s] -- Up-to-date: /home/ashraful/HBRS/AMR/AMR_PROJECT/amr-team-bot/install/aws_robomaker_small_house_world/share/aws_robomaker_small_house_world/models/aws_robomaker_residential_FitnessEquipment_01/model.config
[3.525s] -- Up-to-date: /home/ashraful/HBRS/AMR/AMR_PROJECT/amr-team-bot/install/aws_robomaker_small_house_world/share/aws_robomaker_small_house_world/models/aws_robomaker_residential_PortraitE_02
[3.525s] -- Up-to-date: /home/ashraful/HBRS/AMR/AMR_PROJECT/amr-team-bot/install/aws_robomaker_small_house_world/share/aws_robomaker_small_house_world/models/aws_robomaker_residential_PortraitE_02/model.sdf
[3.525s] -- Up-to-date: /home/ashraful/HBRS/AMR/AMR_PROJECT/amr-team-bot/install/aws_robomaker_small_house_world/share/aws_robomaker_small_house_world/models/aws_robomaker_residential_PortraitE_02/meshes
[3.525s] -- Up-to-date: /home/ashraful/HBRS/AMR/AMR_PROJECT/amr-team-bot/install/aws_robomaker_small_house_world/share/aws_robomaker_small_house_world/models/aws_robomaker_residential_PortraitE_02/meshes/aws_PortraitE_01_collision.DAE
[3.529s] -- Up-to-date: /home/ashraful/HBRS/AMR/AMR_PROJECT/amr-team-bot/install/aws_robomaker_small_house_world/share/aws_robomaker_small_house_world/models/aws_robomaker_residential_PortraitE_02/meshes/aws_PortraitE_01_visual.DAE
[3.529s] -- Up-to-date: /home/ashraful/HBRS/AMR/AMR_PROJECT/amr-team-bot/install/aws_robomaker_small_house_world/share/aws_robomaker_small_house_world/models/aws_robomaker_residential_PortraitE_02/materials
[3.530s] -- Up-to-date: /home/ashraful/HBRS/AMR/AMR_PROJECT/amr-team-bot/install/aws_robomaker_small_house_world/share/aws_robomaker_small_house_world/models/aws_robomaker_residential_PortraitE_02/materials/textures
[3.530s] -- Up-to-date: /home/ashraful/HBRS/AMR/AMR_PROJECT/amr-team-bot/install/aws_robomaker_small_house_world/share/aws_robomaker_small_house_world/models/aws_robomaker_residential_PortraitE_02/materials/textures/aws_PortraitE_01.png
[3.530s] -- Up-to-date: /home/ashraful/HBRS/AMR/AMR_PROJECT/amr-team-bot/install/aws_robomaker_small_house_world/share/aws_robomaker_small_house_world/models/aws_robomaker_residential_PortraitE_02/materials/textures/aws_PortraitE_02.png
[3.530s] -- Up-to-date: /home/ashraful/HBRS/AMR/AMR_PROJECT/amr-team-bot/install/aws_robomaker_small_house_world/share/aws_robomaker_small_house_world/models/aws_robomaker_residential_PortraitE_02/model.config
[3.532s] -- Up-to-date: /home/ashraful/HBRS/AMR/AMR_PROJECT/amr-team-bot/install/aws_robomaker_small_house_world/share/aws_robomaker_small_house_world/models/aws_robomaker_residential_Curtain_01
[3.532s] -- Up-to-date: /home/ashraful/HBRS/AMR/AMR_PROJECT/amr-team-bot/install/aws_robomaker_small_house_world/share/aws_robomaker_small_house_world/models/aws_robomaker_residential_Curtain_01/model.sdf
[3.533s] -- Up-to-date: /home/ashraful/HBRS/AMR/AMR_PROJECT/amr-team-bot/install/aws_robomaker_small_house_world/share/aws_robomaker_small_house_world/models/aws_robomaker_residential_Curtain_01/meshes
[3.533s] -- Up-to-date: /home/ashraful/HBRS/AMR/AMR_PROJECT/amr-team-bot/install/aws_robomaker_small_house_world/share/aws_robomaker_small_house_world/models/aws_robomaker_residential_Curtain_01/meshes/aws_Curtain_01_visual.DAE
[3.533s] -- Up-to-date: /home/ashraful/HBRS/AMR/AMR_PROJECT/amr-team-bot/install/aws_robomaker_small_house_world/share/aws_robomaker_small_house_world/models/aws_robomaker_residential_Curtain_01/meshes/aws_Curtain_01_collision.DAE
[3.533s] -- Up-to-date: /home/ashraful/HBRS/AMR/AMR_PROJECT/amr-team-bot/install/aws_robomaker_small_house_world/share/aws_robomaker_small_house_world/models/aws_robomaker_residential_Curtain_01/materials
[3.534s] -- Up-to-date: /home/ashraful/HBRS/AMR/AMR_PROJECT/amr-team-bot/install/aws_robomaker_small_house_world/share/aws_robomaker_small_house_world/models/aws_robomaker_residential_Curtain_01/materials/textures
[3.534s] -- Up-to-date: /home/ashraful/HBRS/AMR/AMR_PROJECT/amr-team-bot/install/aws_robomaker_small_house_world/share/aws_robomaker_small_house_world/models/aws_robomaker_residential_Curtain_01/materials/textures/aws_Curtain_01.png
[3.534s] -- Up-to-date: /home/ashraful/HBRS/AMR/AMR_PROJECT/amr-team-bot/install/aws_robomaker_small_house_world/share/aws_robomaker_small_house_world/models/aws_robomaker_residential_Curtain_01/model.config
[3.535s] -- Up-to-date: /home/ashraful/HBRS/AMR/AMR_PROJECT/amr-team-bot/install/aws_robomaker_small_house_world/share/aws_robomaker_small_house_world/models/aws_robomaker_residential_DeskPortraitC_02
[3.535s] -- Up-to-date: /home/ashraful/HBRS/AMR/AMR_PROJECT/amr-team-bot/install/aws_robomaker_small_house_world/share/aws_robomaker_small_house_world/models/aws_robomaker_residential_DeskPortraitC_02/model.sdf
[3.535s] -- Up-to-date: /home/ashraful/HBRS/AMR/AMR_PROJECT/amr-team-bot/install/aws_robomaker_small_house_world/share/aws_robomaker_small_house_world/models/aws_robomaker_residential_DeskPortraitC_02/meshes
[3.535s] -- Up-to-date: /home/ashraful/HBRS/AMR/AMR_PROJECT/amr-team-bot/install/aws_robomaker_small_house_world/share/aws_robomaker_small_house_world/models/aws_robomaker_residential_DeskPortraitC_02/meshes/aws_DeskPortraitC_01_visual.DAE
[3.536s] -- Up-to-date: /home/ashraful/HBRS/AMR/AMR_PROJECT/amr-team-bot/install/aws_robomaker_small_house_world/share/aws_robomaker_small_house_world/models/aws_robomaker_residential_DeskPortraitC_02/meshes/aws_DeskPortraitC_01_collision.DAE
[3.536s] -- Up-to-date: /home/ashraful/HBRS/AMR/AMR_PROJECT/amr-team-bot/install/aws_robomaker_small_house_world/share/aws_robomaker_small_house_world/models/aws_robomaker_residential_DeskPortraitC_02/materials
[3.536s] -- Up-to-date: /home/ashraful/HBRS/AMR/AMR_PROJECT/amr-team-bot/install/aws_robomaker_small_house_world/share/aws_robomaker_small_house_world/models/aws_robomaker_residential_DeskPortraitC_02/materials/textures
[3.536s] -- Up-to-date: /home/ashraful/HBRS/AMR/AMR_PROJECT/amr-team-bot/install/aws_robomaker_small_house_world/share/aws_robomaker_small_house_world/models/aws_robomaker_residential_DeskPortraitC_02/materials/textures/aws_DeskPortraitC_02.png
[3.536s] -- Up-to-date: /home/ashraful/HBRS/AMR/AMR_PROJECT/amr-team-bot/install/aws_robomaker_small_house_world/share/aws_robomaker_small_house_world/models/aws_robomaker_residential_DeskPortraitC_02/materials/textures/aws_DeskPortraitC_01.png
[3.536s] -- Up-to-date: /home/ashraful/HBRS/AMR/AMR_PROJECT/amr-team-bot/install/aws_robomaker_small_house_world/share/aws_robomaker_small_house_world/models/aws_robomaker_residential_DeskPortraitC_02/model.config
[3.537s] -- Up-to-date: /home/ashraful/HBRS/AMR/AMR_PROJECT/amr-team-bot/install/aws_robomaker_small_house_world/share/aws_robomaker_small_house_world/models/aws_robomaker_residential_ReadingDesk_01
[3.539s] -- Up-to-date: /home/ashraful/HBRS/AMR/AMR_PROJECT/amr-team-bot/install/aws_robomaker_small_house_world/share/aws_robomaker_small_house_world/models/aws_robomaker_residential_ReadingDesk_01/model.sdf
[3.539s] -- Up-to-date: /home/ashraful/HBRS/AMR/AMR_PROJECT/amr-team-bot/install/aws_robomaker_small_house_world/share/aws_robomaker_small_house_world/models/aws_robomaker_residential_ReadingDesk_01/meshes
[3.539s] -- Up-to-date: /home/ashraful/HBRS/AMR/AMR_PROJECT/amr-team-bot/install/aws_robomaker_small_house_world/share/aws_robomaker_small_house_world/models/aws_robomaker_residential_ReadingDesk_01/meshes/aws_ReadingDesk_01_visual.DAE
[3.539s] -- Up-to-date: /home/ashraful/HBRS/AMR/AMR_PROJECT/amr-team-bot/install/aws_robomaker_small_house_world/share/aws_robomaker_small_house_world/models/aws_robomaker_residential_ReadingDesk_01/meshes/aws_ReadingDesk_01_collision.DAE
[3.539s] -- Up-to-date: /home/ashraful/HBRS/AMR/AMR_PROJECT/amr-team-bot/install/aws_robomaker_small_house_world/share/aws_robomaker_small_house_world/models/aws_robomaker_residential_ReadingDesk_01/materials
[3.540s] -- Up-to-date: /home/ashraful/HBRS/AMR/AMR_PROJECT/amr-team-bot/install/aws_robomaker_small_house_world/share/aws_robomaker_small_house_world/models/aws_robomaker_residential_ReadingDesk_01/materials/textures
[3.540s] -- Up-to-date: /home/ashraful/HBRS/AMR/AMR_PROJECT/amr-team-bot/install/aws_robomaker_small_house_world/share/aws_robomaker_small_house_world/models/aws_robomaker_residential_ReadingDesk_01/materials/textures/aws_ReadingDesk_01.png
[3.540s] -- Up-to-date: /home/ashraful/HBRS/AMR/AMR_PROJECT/amr-team-bot/install/aws_robomaker_small_house_world/share/aws_robomaker_small_house_world/models/aws_robomaker_residential_ReadingDesk_01/model.config
[3.542s] -- Up-to-date: /home/ashraful/HBRS/AMR/AMR_PROJECT/amr-team-bot/install/aws_robomaker_small_house_world/share/aws_robomaker_small_house_world/models/aws_robomaker_residential_Bed_01
[3.543s] -- Up-to-date: /home/ashraful/HBRS/AMR/AMR_PROJECT/amr-team-bot/install/aws_robomaker_small_house_world/share/aws_robomaker_small_house_world/models/aws_robomaker_residential_Bed_01/model.sdf
[3.543s] -- Up-to-date: /home/ashraful/HBRS/AMR/AMR_PROJECT/amr-team-bot/install/aws_robomaker_small_house_world/share/aws_robomaker_small_house_world/models/aws_robomaker_residential_Bed_01/meshes
[3.543s] -- Up-to-date: /home/ashraful/HBRS/AMR/AMR_PROJECT/amr-team-bot/install/aws_robomaker_small_house_world/share/aws_robomaker_small_house_world/models/aws_robomaker_residential_Bed_01/meshes/aws_Bed_01_visual.DAE
[3.543s] -- Up-to-date: /home/ashraful/HBRS/AMR/AMR_PROJECT/amr-team-bot/install/aws_robomaker_small_house_world/share/aws_robomaker_small_house_world/models/aws_robomaker_residential_Bed_01/meshes/aws_Bed_01_collision.DAE
[3.543s] -- Up-to-date: /home/ashraful/HBRS/AMR/AMR_PROJECT/amr-team-bot/install/aws_robomaker_small_house_world/share/aws_robomaker_small_house_world/models/aws_robomaker_residential_Bed_01/materials
[3.544s] -- Up-to-date: /home/ashraful/HBRS/AMR/AMR_PROJECT/amr-team-bot/install/aws_robomaker_small_house_world/share/aws_robomaker_small_house_world/models/aws_robomaker_residential_Bed_01/materials/textures
[3.544s] -- Up-to-date: /home/ashraful/HBRS/AMR/AMR_PROJECT/amr-team-bot/install/aws_robomaker_small_house_world/share/aws_robomaker_small_house_world/models/aws_robomaker_residential_Bed_01/materials/textures/aws_BedB_01.png
[3.544s] -- Up-to-date: /home/ashraful/HBRS/AMR/AMR_PROJECT/amr-team-bot/install/aws_robomaker_small_house_world/share/aws_robomaker_small_house_world/models/aws_robomaker_residential_Bed_01/materials/textures/aws_BedC_01.png
[3.544s] -- Up-to-date: /home/ashraful/HBRS/AMR/AMR_PROJECT/amr-team-bot/install/aws_robomaker_small_house_world/share/aws_robomaker_small_house_world/models/aws_robomaker_residential_Bed_01/materials/textures/aws_BedA_01.png
[3.544s] -- Up-to-date: /home/ashraful/HBRS/AMR/AMR_PROJECT/amr-team-bot/install/aws_robomaker_small_house_world/share/aws_robomaker_small_house_world/models/aws_robomaker_residential_Bed_01/materials/textures/aws_Bed_01.png
[3.545s] -- Up-to-date: /home/ashraful/HBRS/AMR/AMR_PROJECT/amr-team-bot/install/aws_robomaker_small_house_world/share/aws_robomaker_small_house_world/models/aws_robomaker_residential_Bed_01/model.config
[3.545s] -- Up-to-date: /home/ashraful/HBRS/AMR/AMR_PROJECT/amr-team-bot/install/aws_robomaker_small_house_world/share/aws_robomaker_small_house_world/models/box_bot
[3.545s] -- Up-to-date: /home/ashraful/HBRS/AMR/AMR_PROJECT/amr-team-bot/install/aws_robomaker_small_house_world/share/aws_robomaker_small_house_world/models/box_bot/urdf
[3.545s] -- Up-to-date: /home/ashraful/HBRS/AMR/AMR_PROJECT/amr-team-bot/install/aws_robomaker_small_house_world/share/aws_robomaker_small_house_world/models/box_bot/urdf/box_bot_description.urdf
[3.547s] -- Up-to-date: /home/ashraful/HBRS/AMR/AMR_PROJECT/amr-team-bot/install/aws_robomaker_small_house_world/share/aws_robomaker_small_house_world/models/aws_robomaker_residential_NightStand_01
[3.547s] -- Up-to-date: /home/ashraful/HBRS/AMR/AMR_PROJECT/amr-team-bot/install/aws_robomaker_small_house_world/share/aws_robomaker_small_house_world/models/aws_robomaker_residential_NightStand_01/model.sdf
[3.548s] -- Up-to-date: /home/ashraful/HBRS/AMR/AMR_PROJECT/amr-team-bot/install/aws_robomaker_small_house_world/share/aws_robomaker_small_house_world/models/aws_robomaker_residential_NightStand_01/meshes
[3.548s] -- Up-to-date: /home/ashraful/HBRS/AMR/AMR_PROJECT/amr-team-bot/install/aws_robomaker_small_house_world/share/aws_robomaker_small_house_world/models/aws_robomaker_residential_NightStand_01/meshes/aws_NightStand_01_collision.DAE
[3.548s] -- Up-to-date: /home/ashraful/HBRS/AMR/AMR_PROJECT/amr-team-bot/install/aws_robomaker_small_house_world/share/aws_robomaker_small_house_world/models/aws_robomaker_residential_NightStand_01/meshes/aws_NightStand_01_visual.DAE
[3.548s] -- Up-to-date: /home/ashraful/HBRS/AMR/AMR_PROJECT/amr-team-bot/install/aws_robomaker_small_house_world/share/aws_robomaker_small_house_world/models/aws_robomaker_residential_NightStand_01/materials
[3.549s] -- Up-to-date: /home/ashraful/HBRS/AMR/AMR_PROJECT/amr-team-bot/install/aws_robomaker_small_house_world/share/aws_robomaker_small_house_world/models/aws_robomaker_residential_NightStand_01/materials/textures
[3.549s] -- Up-to-date: /home/ashraful/HBRS/AMR/AMR_PROJECT/amr-team-bot/install/aws_robomaker_small_house_world/share/aws_robomaker_small_house_world/models/aws_robomaker_residential_NightStand_01/materials/textures/aws_NightStand_01.png
[3.549s] -- Up-to-date: /home/ashraful/HBRS/AMR/AMR_PROJECT/amr-team-bot/install/aws_robomaker_small_house_world/share/aws_robomaker_small_house_world/models/aws_robomaker_residential_NightStand_01/model.config
[3.549s] -- Up-to-date: /home/ashraful/HBRS/AMR/AMR_PROJECT/amr-team-bot/install/aws_robomaker_small_house_world/share/aws_robomaker_small_house_world/models/aws_robomaker_residential_Refrigerator_01
[3.549s] -- Up-to-date: /home/ashraful/HBRS/AMR/AMR_PROJECT/amr-team-bot/install/aws_robomaker_small_house_world/share/aws_robomaker_small_house_world/models/aws_robomaker_residential_Refrigerator_01/model.sdf
[3.550s] -- Up-to-date: /home/ashraful/HBRS/AMR/AMR_PROJECT/amr-team-bot/install/aws_robomaker_small_house_world/share/aws_robomaker_small_house_world/models/aws_robomaker_residential_Refrigerator_01/meshes
[3.550s] -- Up-to-date: /home/ashraful/HBRS/AMR/AMR_PROJECT/amr-team-bot/install/aws_robomaker_small_house_world/share/aws_robomaker_small_house_world/models/aws_robomaker_residential_Refrigerator_01/meshes/aws_Refrigerator_01_collision.DAE
[3.550s] -- Up-to-date: /home/ashraful/HBRS/AMR/AMR_PROJECT/amr-team-bot/install/aws_robomaker_small_house_world/share/aws_robomaker_small_house_world/models/aws_robomaker_residential_Refrigerator_01/meshes/aws_Refrigerator_01_visual.DAE
[3.550s] -- Up-to-date: /home/ashraful/HBRS/AMR/AMR_PROJECT/amr-team-bot/install/aws_robomaker_small_house_world/share/aws_robomaker_small_house_world/models/aws_robomaker_residential_Refrigerator_01/meshes/aws_Refrigerator_01.DAE
[3.550s] -- Up-to-date: /home/ashraful/HBRS/AMR/AMR_PROJECT/amr-team-bot/install/aws_robomaker_small_house_world/share/aws_robomaker_small_house_world/models/aws_robomaker_residential_Refrigerator_01/materials
[3.551s] -- Up-to-date: /home/ashraful/HBRS/AMR/AMR_PROJECT/amr-team-bot/install/aws_robomaker_small_house_world/share/aws_robomaker_small_house_world/models/aws_robomaker_residential_Refrigerator_01/materials/textures
[3.551s] -- Up-to-date: /home/ashraful/HBRS/AMR/AMR_PROJECT/amr-team-bot/install/aws_robomaker_small_house_world/share/aws_robomaker_small_house_world/models/aws_robomaker_residential_Refrigerator_01/materials/textures/aws_Refrigerator_02.png
[3.553s] -- Up-to-date: /home/ashraful/HBRS/AMR/AMR_PROJECT/amr-team-bot/install/aws_robomaker_small_house_world/share/aws_robomaker_small_house_world/models/aws_robomaker_residential_Refrigerator_01/materials/textures/aws_Refrigerator_01.png
[3.553s] -- Up-to-date: /home/ashraful/HBRS/AMR/AMR_PROJECT/amr-team-bot/install/aws_robomaker_small_house_world/share/aws_robomaker_small_house_world/models/aws_robomaker_residential_Refrigerator_01/model.config
[3.553s] -- Up-to-date: /home/ashraful/HBRS/AMR/AMR_PROJECT/amr-team-bot/install/aws_robomaker_small_house_world/share/aws_robomaker_small_house_world/models/aws_robomaker_residential_Quilt_01
[3.553s] -- Up-to-date: /home/ashraful/HBRS/AMR/AMR_PROJECT/amr-team-bot/install/aws_robomaker_small_house_world/share/aws_robomaker_small_house_world/models/aws_robomaker_residential_Quilt_01/model.sdf
[3.553s] -- Up-to-date: /home/ashraful/HBRS/AMR/AMR_PROJECT/amr-team-bot/install/aws_robomaker_small_house_world/share/aws_robomaker_small_house_world/models/aws_robomaker_residential_Quilt_01/meshes
[3.554s] -- Up-to-date: /home/ashraful/HBRS/AMR/AMR_PROJECT/amr-team-bot/install/aws_robomaker_small_house_world/share/aws_robomaker_small_house_world/models/aws_robomaker_residential_Quilt_01/meshes/aws_Quilt_01_visual.DAE
[3.554s] -- Up-to-date: /home/ashraful/HBRS/AMR/AMR_PROJECT/amr-team-bot/install/aws_robomaker_small_house_world/share/aws_robomaker_small_house_world/models/aws_robomaker_residential_Quilt_01/meshes/aws_Quilt_01_collision.DAE
[3.554s] -- Up-to-date: /home/ashraful/HBRS/AMR/AMR_PROJECT/amr-team-bot/install/aws_robomaker_small_house_world/share/aws_robomaker_small_house_world/models/aws_robomaker_residential_Quilt_01/materials
[3.554s] -- Up-to-date: /home/ashraful/HBRS/AMR/AMR_PROJECT/amr-team-bot/install/aws_robomaker_small_house_world/share/aws_robomaker_small_house_world/models/aws_robomaker_residential_Quilt_01/materials/textures
[3.554s] -- Up-to-date: /home/ashraful/HBRS/AMR/AMR_PROJECT/amr-team-bot/install/aws_robomaker_small_house_world/share/aws_robomaker_small_house_world/models/aws_robomaker_residential_Quilt_01/materials/textures/aws_Quilt_01.png
[3.555s] -- Up-to-date: /home/ashraful/HBRS/AMR/AMR_PROJECT/amr-team-bot/install/aws_robomaker_small_house_world/share/aws_robomaker_small_house_world/models/aws_robomaker_residential_Quilt_01/model.config
[3.555s] -- Up-to-date: /home/ashraful/HBRS/AMR/AMR_PROJECT/amr-team-bot/install/aws_robomaker_small_house_world/share/aws_robomaker_small_house_world/models/aws_robomaker_residential_PortraitA_02
[3.555s] -- Up-to-date: /home/ashraful/HBRS/AMR/AMR_PROJECT/amr-team-bot/install/aws_robomaker_small_house_world/share/aws_robomaker_small_house_world/models/aws_robomaker_residential_PortraitA_02/model.sdf
[3.555s] -- Up-to-date: /home/ashraful/HBRS/AMR/AMR_PROJECT/amr-team-bot/install/aws_robomaker_small_house_world/share/aws_robomaker_small_house_world/models/aws_robomaker_residential_PortraitA_02/meshes
[3.555s] -- Up-to-date: /home/ashraful/HBRS/AMR/AMR_PROJECT/amr-team-bot/install/aws_robomaker_small_house_world/share/aws_robomaker_small_house_world/models/aws_robomaker_residential_PortraitA_02/meshes/aws_PortraitA_01_collision.DAE
[3.555s] -- Up-to-date: /home/ashraful/HBRS/AMR/AMR_PROJECT/amr-team-bot/install/aws_robomaker_small_house_world/share/aws_robomaker_small_house_world/models/aws_robomaker_residential_PortraitA_02/meshes/aws_PortraitA_01_visual.DAE
[3.556s] -- Up-to-date: /home/ashraful/HBRS/AMR/AMR_PROJECT/amr-team-bot/install/aws_robomaker_small_house_world/share/aws_robomaker_small_house_world/models/aws_robomaker_residential_PortraitA_02/materials
[3.558s] -- Up-to-date: /home/ashraful/HBRS/AMR/AMR_PROJECT/amr-team-bot/install/aws_robomaker_small_house_world/share/aws_robomaker_small_house_world/models/aws_robomaker_residential_PortraitA_02/materials/textures
[3.558s] -- Up-to-date: /home/ashraful/HBRS/AMR/AMR_PROJECT/amr-team-bot/install/aws_robomaker_small_house_world/share/aws_robomaker_small_house_world/models/aws_robomaker_residential_PortraitA_02/materials/textures/aws_PortraitA_01.png
[3.558s] -- Up-to-date: /home/ashraful/HBRS/AMR/AMR_PROJECT/amr-team-bot/install/aws_robomaker_small_house_world/share/aws_robomaker_small_house_world/models/aws_robomaker_residential_PortraitA_02/materials/textures/aws_PortraitA_02.png
[3.558s] -- Up-to-date: /home/ashraful/HBRS/AMR/AMR_PROJECT/amr-team-bot/install/aws_robomaker_small_house_world/share/aws_robomaker_small_house_world/models/aws_robomaker_residential_PortraitA_02/model.config
[3.558s] -- Up-to-date: /home/ashraful/HBRS/AMR/AMR_PROJECT/amr-team-bot/install/aws_robomaker_small_house_world/share/aws_robomaker_small_house_world/models/aws_robomaker_residential_AirconditionerA_01
[3.559s] -- Up-to-date: /home/ashraful/HBRS/AMR/AMR_PROJECT/amr-team-bot/install/aws_robomaker_small_house_world/share/aws_robomaker_small_house_world/models/aws_robomaker_residential_AirconditionerA_01/model.sdf
[3.559s] -- Up-to-date: /home/ashraful/HBRS/AMR/AMR_PROJECT/amr-team-bot/install/aws_robomaker_small_house_world/share/aws_robomaker_small_house_world/models/aws_robomaker_residential_AirconditionerA_01/meshes
[3.559s] -- Up-to-date: /home/ashraful/HBRS/AMR/AMR_PROJECT/amr-team-bot/install/aws_robomaker_small_house_world/share/aws_robomaker_small_house_world/models/aws_robomaker_residential_AirconditionerA_01/meshes/aws__Air conditioner_01.DAE
[3.559s] -- Up-to-date: /home/ashraful/HBRS/AMR/AMR_PROJECT/amr-team-bot/install/aws_robomaker_small_house_world/share/aws_robomaker_small_house_world/models/aws_robomaker_residential_AirconditionerA_01/meshes/aws_AirconditionerA_01_visual.DAE
[3.559s] -- Up-to-date: /home/ashraful/HBRS/AMR/AMR_PROJECT/amr-team-bot/install/aws_robomaker_small_house_world/share/aws_robomaker_small_house_world/models/aws_robomaker_residential_AirconditionerA_01/meshes/aws_AirconditionerA_01_collision.DAE
[3.559s] -- Up-to-date: /home/ashraful/HBRS/AMR/AMR_PROJECT/amr-team-bot/install/aws_robomaker_small_house_world/share/aws_robomaker_small_house_world/models/aws_robomaker_residential_AirconditionerA_01/materials
[3.560s] -- Up-to-date: /home/ashraful/HBRS/AMR/AMR_PROJECT/amr-team-bot/install/aws_robomaker_small_house_world/share/aws_robomaker_small_house_world/models/aws_robomaker_residential_AirconditionerA_01/materials/textures
[3.560s] -- Up-to-date: /home/ashraful/HBRS/AMR/AMR_PROJECT/amr-team-bot/install/aws_robomaker_small_house_world/share/aws_robomaker_small_house_world/models/aws_robomaker_residential_AirconditionerA_01/materials/textures/aws_AirconditionerA_01.png
[3.560s] -- Up-to-date: /home/ashraful/HBRS/AMR/AMR_PROJECT/amr-team-bot/install/aws_robomaker_small_house_world/share/aws_robomaker_small_house_world/models/aws_robomaker_residential_AirconditionerA_01/model.config
[3.560s] -- Up-to-date: /home/ashraful/HBRS/AMR/AMR_PROJECT/amr-team-bot/install/aws_robomaker_small_house_world/share/aws_robomaker_small_house_world/models/aws_robomaker_residential_KitchenCabinet_01
[3.560s] -- Up-to-date: /home/ashraful/HBRS/AMR/AMR_PROJECT/amr-team-bot/install/aws_robomaker_small_house_world/share/aws_robomaker_small_house_world/models/aws_robomaker_residential_KitchenCabinet_01/model.sdf
[3.561s] -- Up-to-date: /home/ashraful/HBRS/AMR/AMR_PROJECT/amr-team-bot/install/aws_robomaker_small_house_world/share/aws_robomaker_small_house_world/models/aws_robomaker_residential_KitchenCabinet_01/meshes
[3.561s] -- Up-to-date: /home/ashraful/HBRS/AMR/AMR_PROJECT/amr-team-bot/install/aws_robomaker_small_house_world/share/aws_robomaker_small_house_world/models/aws_robomaker_residential_KitchenCabinet_01/meshes/aws_KitchenCabinet_01_visual.DAE
[3.561s] -- Up-to-date: /home/ashraful/HBRS/AMR/AMR_PROJECT/amr-team-bot/install/aws_robomaker_small_house_world/share/aws_robomaker_small_house_world/models/aws_robomaker_residential_KitchenCabinet_01/meshes/aws_KitchenCabinet_01_collision.DAE
[3.563s] -- Up-to-date: /home/ashraful/HBRS/AMR/AMR_PROJECT/amr-team-bot/install/aws_robomaker_small_house_world/share/aws_robomaker_small_house_world/models/aws_robomaker_residential_KitchenCabinet_01/materials
[3.563s] -- Up-to-date: /home/ashraful/HBRS/AMR/AMR_PROJECT/amr-team-bot/install/aws_robomaker_small_house_world/share/aws_robomaker_small_house_world/models/aws_robomaker_residential_KitchenCabinet_01/materials/textures
[3.563s] -- Up-to-date: /home/ashraful/HBRS/AMR/AMR_PROJECT/amr-team-bot/install/aws_robomaker_small_house_world/share/aws_robomaker_small_house_world/models/aws_robomaker_residential_KitchenCabinet_01/materials/textures/aws_KitchenCabinet_01.png
[3.563s] -- Up-to-date: /home/ashraful/HBRS/AMR/AMR_PROJECT/amr-team-bot/install/aws_robomaker_small_house_world/share/aws_robomaker_small_house_world/models/aws_robomaker_residential_KitchenCabinet_01/model.config
[3.564s] -- Up-to-date: /home/ashraful/HBRS/AMR/AMR_PROJECT/amr-team-bot/install/aws_robomaker_small_house_world/share/aws_robomaker_small_house_world/models/aws_robomaker_residential_PortraitB_02
[3.564s] -- Up-to-date: /home/ashraful/HBRS/AMR/AMR_PROJECT/amr-team-bot/install/aws_robomaker_small_house_world/share/aws_robomaker_small_house_world/models/aws_robomaker_residential_PortraitB_02/model.sdf
[3.564s] -- Up-to-date: /home/ashraful/HBRS/AMR/AMR_PROJECT/amr-team-bot/install/aws_robomaker_small_house_world/share/aws_robomaker_small_house_world/models/aws_robomaker_residential_PortraitB_02/meshes
[3.564s] -- Up-to-date: /home/ashraful/HBRS/AMR/AMR_PROJECT/amr-team-bot/install/aws_robomaker_small_house_world/share/aws_robomaker_small_house_world/models/aws_robomaker_residential_PortraitB_02/meshes/aws_PortraitB_01_collision.DAE
[3.564s] -- Up-to-date: /home/ashraful/HBRS/AMR/AMR_PROJECT/amr-team-bot/install/aws_robomaker_small_house_world/share/aws_robomaker_small_house_world/models/aws_robomaker_residential_PortraitB_02/meshes/aws_PortraitB_01_visual.DAE
[3.565s] -- Up-to-date: /home/ashraful/HBRS/AMR/AMR_PROJECT/amr-team-bot/install/aws_robomaker_small_house_world/share/aws_robomaker_small_house_world/models/aws_robomaker_residential_PortraitB_02/materials
[3.565s] -- Up-to-date: /home/ashraful/HBRS/AMR/AMR_PROJECT/amr-team-bot/install/aws_robomaker_small_house_world/share/aws_robomaker_small_house_world/models/aws_robomaker_residential_PortraitB_02/materials/textures
[3.565s] -- Up-to-date: /home/ashraful/HBRS/AMR/AMR_PROJECT/amr-team-bot/install/aws_robomaker_small_house_world/share/aws_robomaker_small_house_world/models/aws_robomaker_residential_PortraitB_02/materials/textures/aws_PortraitB_01.png
[3.565s] -- Up-to-date: /home/ashraful/HBRS/AMR/AMR_PROJECT/amr-team-bot/install/aws_robomaker_small_house_world/share/aws_robomaker_small_house_world/models/aws_robomaker_residential_PortraitB_02/materials/textures/aws_PortraitB_02.png
[3.565s] -- Up-to-date: /home/ashraful/HBRS/AMR/AMR_PROJECT/amr-team-bot/install/aws_robomaker_small_house_world/share/aws_robomaker_small_house_world/models/aws_robomaker_residential_PortraitB_02/model.config
[3.566s] -- Up-to-date: /home/ashraful/HBRS/AMR/AMR_PROJECT/amr-team-bot/install/aws_robomaker_small_house_world/share/aws_robomaker_small_house_world/models/aws_robomaker_residential_PortraitD_01
[3.566s] -- Up-to-date: /home/ashraful/HBRS/AMR/AMR_PROJECT/amr-team-bot/install/aws_robomaker_small_house_world/share/aws_robomaker_small_house_world/models/aws_robomaker_residential_PortraitD_01/model.sdf
[3.566s] -- Up-to-date: /home/ashraful/HBRS/AMR/AMR_PROJECT/amr-team-bot/install/aws_robomaker_small_house_world/share/aws_robomaker_small_house_world/models/aws_robomaker_residential_PortraitD_01/meshes
[3.566s] -- Up-to-date: /home/ashraful/HBRS/AMR/AMR_PROJECT/amr-team-bot/install/aws_robomaker_small_house_world/share/aws_robomaker_small_house_world/models/aws_robomaker_residential_PortraitD_01/meshes/aws_PortraitD_01_visual.DAE
[3.566s] -- Up-to-date: /home/ashraful/HBRS/AMR/AMR_PROJECT/amr-team-bot/install/aws_robomaker_small_house_world/share/aws_robomaker_small_house_world/models/aws_robomaker_residential_PortraitD_01/meshes/aws_PortraitD_01_collision.DAE
[3.566s] -- Up-to-date: /home/ashraful/HBRS/AMR/AMR_PROJECT/amr-team-bot/install/aws_robomaker_small_house_world/share/aws_robomaker_small_house_world/models/aws_robomaker_residential_PortraitD_01/materials
[3.567s] -- Up-to-date: /home/ashraful/HBRS/AMR/AMR_PROJECT/amr-team-bot/install/aws_robomaker_small_house_world/share/aws_robomaker_small_house_world/models/aws_robomaker_residential_PortraitD_01/materials/textures
[3.567s] -- Up-to-date: /home/ashraful/HBRS/AMR/AMR_PROJECT/amr-team-bot/install/aws_robomaker_small_house_world/share/aws_robomaker_small_house_world/models/aws_robomaker_residential_PortraitD_01/materials/textures/aws_PortraitD_01.png
[3.567s] -- Up-to-date: /home/ashraful/HBRS/AMR/AMR_PROJECT/amr-team-bot/install/aws_robomaker_small_house_world/share/aws_robomaker_small_house_world/models/aws_robomaker_residential_PortraitD_01/materials/textures/aws_PortraitD_02.png
[3.567s] -- Up-to-date: /home/ashraful/HBRS/AMR/AMR_PROJECT/amr-team-bot/install/aws_robomaker_small_house_world/share/aws_robomaker_small_house_world/models/aws_robomaker_residential_PortraitD_01/model.config
[3.567s] -- Up-to-date: /home/ashraful/HBRS/AMR/AMR_PROJECT/amr-team-bot/install/aws_robomaker_small_house_world/share/aws_robomaker_small_house_world/models/aws_robomaker_residential_Chandelier_01
[3.568s] -- Up-to-date: /home/ashraful/HBRS/AMR/AMR_PROJECT/amr-team-bot/install/aws_robomaker_small_house_world/share/aws_robomaker_small_house_world/models/aws_robomaker_residential_Chandelier_01/model.sdf
[3.568s] -- Up-to-date: /home/ashraful/HBRS/AMR/AMR_PROJECT/amr-team-bot/install/aws_robomaker_small_house_world/share/aws_robomaker_small_house_world/models/aws_robomaker_residential_Chandelier_01/meshes
[3.568s] -- Up-to-date: /home/ashraful/HBRS/AMR/AMR_PROJECT/amr-team-bot/install/aws_robomaker_small_house_world/share/aws_robomaker_small_house_world/models/aws_robomaker_residential_Chandelier_01/meshes/aws_Chandelier_01_collision.DAE
[3.568s] -- Up-to-date: /home/ashraful/HBRS/AMR/AMR_PROJECT/amr-team-bot/install/aws_robomaker_small_house_world/share/aws_robomaker_small_house_world/models/aws_robomaker_residential_Chandelier_01/meshes/aws_Chandelier_01_visual.DAE
[3.568s] -- Up-to-date: /home/ashraful/HBRS/AMR/AMR_PROJECT/amr-team-bot/install/aws_robomaker_small_house_world/share/aws_robomaker_small_house_world/models/aws_robomaker_residential_Chandelier_01/meshes/aws_Chandelier_01.DAE
[3.568s] -- Up-to-date: /home/ashraful/HBRS/AMR/AMR_PROJECT/amr-team-bot/install/aws_robomaker_small_house_world/share/aws_robomaker_small_house_world/models/aws_robomaker_residential_Chandelier_01/materials
[3.569s] -- Up-to-date: /home/ashraful/HBRS/AMR/AMR_PROJECT/amr-team-bot/install/aws_robomaker_small_house_world/share/aws_robomaker_small_house_world/models/aws_robomaker_residential_Chandelier_01/materials/textures
[3.569s] -- Up-to-date: /home/ashraful/HBRS/AMR/AMR_PROJECT/amr-team-bot/install/aws_robomaker_small_house_world/share/aws_robomaker_small_house_world/models/aws_robomaker_residential_Chandelier_01/materials/textures/aws_Chandelier_01.png
[3.569s] -- Up-to-date: /home/ashraful/HBRS/AMR/AMR_PROJECT/amr-team-bot/install/aws_robomaker_small_house_world/share/aws_robomaker_small_house_world/models/aws_robomaker_residential_Chandelier_01/model.config
[3.569s] -- Up-to-date: /home/ashraful/HBRS/AMR/AMR_PROJECT/amr-team-bot/install/aws_robomaker_small_house_world/share/aws_robomaker_small_house_world/models/aws_robomaker_residential_Board_01
[3.569s] -- Up-to-date: /home/ashraful/HBRS/AMR/AMR_PROJECT/amr-team-bot/install/aws_robomaker_small_house_world/share/aws_robomaker_small_house_world/models/aws_robomaker_residential_Board_01/model.sdf
[3.570s] -- Up-to-date: /home/ashraful/HBRS/AMR/AMR_PROJECT/amr-team-bot/install/aws_robomaker_small_house_world/share/aws_robomaker_small_house_world/models/aws_robomaker_residential_Board_01/meshes
[3.570s] -- Up-to-date: /home/ashraful/HBRS/AMR/AMR_PROJECT/amr-team-bot/install/aws_robomaker_small_house_world/share/aws_robomaker_small_house_world/models/aws_robomaker_residential_Board_01/meshes/aws_Board_01_visual.DAE
[3.570s] -- Up-to-date: /home/ashraful/HBRS/AMR/AMR_PROJECT/amr-team-bot/install/aws_robomaker_small_house_world/share/aws_robomaker_small_house_world/models/aws_robomaker_residential_Board_01/meshes/aws_Board_01_collision.DAE
[3.570s] -- Up-to-date: /home/ashraful/HBRS/AMR/AMR_PROJECT/amr-team-bot/install/aws_robomaker_small_house_world/share/aws_robomaker_small_house_world/models/aws_robomaker_residential_Board_01/materials
[3.571s] -- Up-to-date: /home/ashraful/HBRS/AMR/AMR_PROJECT/amr-team-bot/install/aws_robomaker_small_house_world/share/aws_robomaker_small_house_world/models/aws_robomaker_residential_Board_01/materials/textures
[3.571s] -- Up-to-date: /home/ashraful/HBRS/AMR/AMR_PROJECT/amr-team-bot/install/aws_robomaker_small_house_world/share/aws_robomaker_small_house_world/models/aws_robomaker_residential_Board_01/materials/textures/aws_Board_01.png
[3.571s] -- Up-to-date: /home/ashraful/HBRS/AMR/AMR_PROJECT/amr-team-bot/install/aws_robomaker_small_house_world/share/aws_robomaker_small_house_world/models/aws_robomaker_residential_Board_01/model.config
[3.571s] -- Up-to-date: /home/ashraful/HBRS/AMR/AMR_PROJECT/amr-team-bot/install/aws_robomaker_small_house_world/share/aws_robomaker_small_house_world/models/aws_robomaker_residential_BalconyTable_01
[3.571s] -- Up-to-date: /home/ashraful/HBRS/AMR/AMR_PROJECT/amr-team-bot/install/aws_robomaker_small_house_world/share/aws_robomaker_small_house_world/models/aws_robomaker_residential_BalconyTable_01/model.sdf
[3.572s] -- Up-to-date: /home/ashraful/HBRS/AMR/AMR_PROJECT/amr-team-bot/install/aws_robomaker_small_house_world/share/aws_robomaker_small_house_world/models/aws_robomaker_residential_BalconyTable_01/meshes
[3.572s] -- Up-to-date: /home/ashraful/HBRS/AMR/AMR_PROJECT/amr-team-bot/install/aws_robomaker_small_house_world/share/aws_robomaker_small_house_world/models/aws_robomaker_residential_BalconyTable_01/meshes/aws_BalconyTable_01_visual.DAE
[3.572s] -- Up-to-date: /home/ashraful/HBRS/AMR/AMR_PROJECT/amr-team-bot/install/aws_robomaker_small_house_world/share/aws_robomaker_small_house_world/models/aws_robomaker_residential_BalconyTable_01/meshes/aws_BalconyTable_01_collision.DAE
[3.572s] -- Up-to-date: /home/ashraful/HBRS/AMR/AMR_PROJECT/amr-team-bot/install/aws_robomaker_small_house_world/share/aws_robomaker_small_house_world/models/aws_robomaker_residential_BalconyTable_01/materials
[3.572s] -- Up-to-date: /home/ashraful/HBRS/AMR/AMR_PROJECT/amr-team-bot/install/aws_robomaker_small_house_world/share/aws_robomaker_small_house_world/models/aws_robomaker_residential_BalconyTable_01/materials/textures
[3.572s] -- Up-to-date: /home/ashraful/HBRS/AMR/AMR_PROJECT/amr-team-bot/install/aws_robomaker_small_house_world/share/aws_robomaker_small_house_world/models/aws_robomaker_residential_BalconyTable_01/materials/textures/aws_BalconyTable_01.png
[3.573s] -- Up-to-date: /home/ashraful/HBRS/AMR/AMR_PROJECT/amr-team-bot/install/aws_robomaker_small_house_world/share/aws_robomaker_small_house_world/models/aws_robomaker_residential_BalconyTable_01/model.config
[3.573s] -- Up-to-date: /home/ashraful/HBRS/AMR/AMR_PROJECT/amr-team-bot/install/aws_robomaker_small_house_world/share/aws_robomaker_small_house_world/models/aws_robomaker_residential_Rangehood_01
[3.573s] -- Up-to-date: /home/ashraful/HBRS/AMR/AMR_PROJECT/amr-team-bot/install/aws_robomaker_small_house_world/share/aws_robomaker_small_house_world/models/aws_robomaker_residential_Rangehood_01/model.sdf
[3.573s] -- Up-to-date: /home/ashraful/HBRS/AMR/AMR_PROJECT/amr-team-bot/install/aws_robomaker_small_house_world/share/aws_robomaker_small_house_world/models/aws_robomaker_residential_Rangehood_01/meshes
[3.573s] -- Up-to-date: /home/ashraful/HBRS/AMR/AMR_PROJECT/amr-team-bot/install/aws_robomaker_small_house_world/share/aws_robomaker_small_house_world/models/aws_robomaker_residential_Rangehood_01/meshes/aws_Rangehood_01_collision.DAE
[3.574s] -- Up-to-date: /home/ashraful/HBRS/AMR/AMR_PROJECT/amr-team-bot/install/aws_robomaker_small_house_world/share/aws_robomaker_small_house_world/models/aws_robomaker_residential_Rangehood_01/meshes/aws_Rangehood_01_visual.DAE
[3.574s] -- Up-to-date: /home/ashraful/HBRS/AMR/AMR_PROJECT/amr-team-bot/install/aws_robomaker_small_house_world/share/aws_robomaker_small_house_world/models/aws_robomaker_residential_Rangehood_01/materials
[3.576s] -- Up-to-date: /home/ashraful/HBRS/AMR/AMR_PROJECT/amr-team-bot/install/aws_robomaker_small_house_world/share/aws_robomaker_small_house_world/models/aws_robomaker_residential_Rangehood_01/materials/textures
[3.577s] -- Up-to-date: /home/ashraful/HBRS/AMR/AMR_PROJECT/amr-team-bot/install/aws_robomaker_small_house_world/share/aws_robomaker_small_house_world/models/aws_robomaker_residential_Rangehood_01/materials/textures/aws_Rangehood_01.png
[3.577s] -- Up-to-date: /home/ashraful/HBRS/AMR/AMR_PROJECT/amr-team-bot/install/aws_robomaker_small_house_world/share/aws_robomaker_small_house_world/models/aws_robomaker_residential_Rangehood_01/model.config
[3.577s] -- Up-to-date: /home/ashraful/HBRS/AMR/AMR_PROJECT/amr-team-bot/install/aws_robomaker_small_house_world/share/aws_robomaker_small_house_world/models/aws_robomaker_residential_ChairA_01
[3.577s] -- Up-to-date: /home/ashraful/HBRS/AMR/AMR_PROJECT/amr-team-bot/install/aws_robomaker_small_house_world/share/aws_robomaker_small_house_world/models/aws_robomaker_residential_ChairA_01/model.sdf
[3.577s] -- Up-to-date: /home/ashraful/HBRS/AMR/AMR_PROJECT/amr-team-bot/install/aws_robomaker_small_house_world/share/aws_robomaker_small_house_world/models/aws_robomaker_residential_ChairA_01/meshes
[3.578s] -- Up-to-date: /home/ashraful/HBRS/AMR/AMR_PROJECT/amr-team-bot/install/aws_robomaker_small_house_world/share/aws_robomaker_small_house_world/models/aws_robomaker_residential_ChairA_01/meshes/aws_ChairA_01_collision.DAE
[3.578s] -- Up-to-date: /home/ashraful/HBRS/AMR/AMR_PROJECT/amr-team-bot/install/aws_robomaker_small_house_world/share/aws_robomaker_small_house_world/models/aws_robomaker_residential_ChairA_01/meshes/aws_ChairA_01_visual.DAE
[3.578s] -- Up-to-date: /home/ashraful/HBRS/AMR/AMR_PROJECT/amr-team-bot/install/aws_robomaker_small_house_world/share/aws_robomaker_small_house_world/models/aws_robomaker_residential_ChairA_01/materials
[3.578s] -- Up-to-date: /home/ashraful/HBRS/AMR/AMR_PROJECT/amr-team-bot/install/aws_robomaker_small_house_world/share/aws_robomaker_small_house_world/models/aws_robomaker_residential_ChairA_01/materials/textures
[3.578s] -- Up-to-date: /home/ashraful/HBRS/AMR/AMR_PROJECT/amr-team-bot/install/aws_robomaker_small_house_world/share/aws_robomaker_small_house_world/models/aws_robomaker_residential_ChairA_01/materials/textures/aws_ChairA_01.png
[3.579s] -- Up-to-date: /home/ashraful/HBRS/AMR/AMR_PROJECT/amr-team-bot/install/aws_robomaker_small_house_world/share/aws_robomaker_small_house_world/models/aws_robomaker_residential_ChairA_01/model.config
[3.579s] -- Up-to-date: /home/ashraful/HBRS/AMR/AMR_PROJECT/amr-team-bot/install/aws_robomaker_small_house_world/share/aws_robomaker_small_house_world/models/aws_robomaker_residential_Carpet_01
[3.579s] -- Up-to-date: /home/ashraful/HBRS/AMR/AMR_PROJECT/amr-team-bot/install/aws_robomaker_small_house_world/share/aws_robomaker_small_house_world/models/aws_robomaker_residential_Carpet_01/model.sdf
[3.579s] -- Up-to-date: /home/ashraful/HBRS/AMR/AMR_PROJECT/amr-team-bot/install/aws_robomaker_small_house_world/share/aws_robomaker_small_house_world/models/aws_robomaker_residential_Carpet_01/meshes
[3.579s] -- Up-to-date: /home/ashraful/HBRS/AMR/AMR_PROJECT/amr-team-bot/install/aws_robomaker_small_house_world/share/aws_robomaker_small_house_world/models/aws_robomaker_residential_Carpet_01/meshes/aws_Carpet_01_collision.DAE
[3.580s] -- Up-to-date: /home/ashraful/HBRS/AMR/AMR_PROJECT/amr-team-bot/install/aws_robomaker_small_house_world/share/aws_robomaker_small_house_world/models/aws_robomaker_residential_Carpet_01/meshes/aws_Carpet_01_visual.DAE
[3.580s] -- Up-to-date: /home/ashraful/HBRS/AMR/AMR_PROJECT/amr-team-bot/install/aws_robomaker_small_house_world/share/aws_robomaker_small_house_world/models/aws_robomaker_residential_Carpet_01/materials
[3.580s] -- Up-to-date: /home/ashraful/HBRS/AMR/AMR_PROJECT/amr-team-bot/install/aws_robomaker_small_house_world/share/aws_robomaker_small_house_world/models/aws_robomaker_residential_Carpet_01/materials/textures
[3.580s] -- Up-to-date: /home/ashraful/HBRS/AMR/AMR_PROJECT/amr-team-bot/install/aws_robomaker_small_house_world/share/aws_robomaker_small_house_world/models/aws_robomaker_residential_Carpet_01/materials/textures/aws_Carpet_01.png
[3.580s] -- Up-to-date: /home/ashraful/HBRS/AMR/AMR_PROJECT/amr-team-bot/install/aws_robomaker_small_house_world/share/aws_robomaker_small_house_world/models/aws_robomaker_residential_Carpet_01/model.config
[3.581s] -- Up-to-date: /home/ashraful/HBRS/AMR/AMR_PROJECT/amr-team-bot/install/aws_robomaker_small_house_world/share/aws_robomaker_small_house_world/models/aws_robomaker_residential_ChairD_01
[3.581s] -- Up-to-date: /home/ashraful/HBRS/AMR/AMR_PROJECT/amr-team-bot/install/aws_robomaker_small_house_world/share/aws_robomaker_small_house_world/models/aws_robomaker_residential_ChairD_01/model.sdf
[3.581s] -- Up-to-date: /home/ashraful/HBRS/AMR/AMR_PROJECT/amr-team-bot/install/aws_robomaker_small_house_world/share/aws_robomaker_small_house_world/models/aws_robomaker_residential_ChairD_01/meshes
[3.581s] -- Up-to-date: /home/ashraful/HBRS/AMR/AMR_PROJECT/amr-team-bot/install/aws_robomaker_small_house_world/share/aws_robomaker_small_house_world/models/aws_robomaker_residential_ChairD_01/meshes/aws_ChairD_01_visual.DAE
[3.581s] -- Up-to-date: /home/ashraful/HBRS/AMR/AMR_PROJECT/amr-team-bot/install/aws_robomaker_small_house_world/share/aws_robomaker_small_house_world/models/aws_robomaker_residential_ChairD_01/meshes/aws_ChairD_01_collision.DAE
[3.582s] -- Up-to-date: /home/ashraful/HBRS/AMR/AMR_PROJECT/amr-team-bot/install/aws_robomaker_small_house_world/share/aws_robomaker_small_house_world/models/aws_robomaker_residential_ChairD_01/materials
[3.582s] -- Up-to-date: /home/ashraful/HBRS/AMR/AMR_PROJECT/amr-team-bot/install/aws_robomaker_small_house_world/share/aws_robomaker_small_house_world/models/aws_robomaker_residential_ChairD_01/materials/textures
[3.582s] -- Up-to-date: /home/ashraful/HBRS/AMR/AMR_PROJECT/amr-team-bot/install/aws_robomaker_small_house_world/share/aws_robomaker_small_house_world/models/aws_robomaker_residential_ChairD_01/materials/textures/aws_ChairD_01.png
[3.582s] -- Up-to-date: /home/ashraful/HBRS/AMR/AMR_PROJECT/amr-team-bot/install/aws_robomaker_small_house_world/share/aws_robomaker_small_house_world/models/aws_robomaker_residential_ChairD_01/model.config
[3.582s] -- Up-to-date: /home/ashraful/HBRS/AMR/AMR_PROJECT/amr-team-bot/install/aws_robomaker_small_house_world/share/aws_robomaker_small_house_world/models/aws_robomaker_residential_DeskPortraitD_02
[3.583s] -- Up-to-date: /home/ashraful/HBRS/AMR/AMR_PROJECT/amr-team-bot/install/aws_robomaker_small_house_world/share/aws_robomaker_small_house_world/models/aws_robomaker_residential_DeskPortraitD_02/model.sdf
[3.583s] -- Up-to-date: /home/ashraful/HBRS/AMR/AMR_PROJECT/amr-team-bot/install/aws_robomaker_small_house_world/share/aws_robomaker_small_house_world/models/aws_robomaker_residential_DeskPortraitD_02/meshes
[3.583s] -- Up-to-date: /home/ashraful/HBRS/AMR/AMR_PROJECT/amr-team-bot/install/aws_robomaker_small_house_world/share/aws_robomaker_small_house_world/models/aws_robomaker_residential_DeskPortraitD_02/meshes/aws_DeskPortraitD_01_visual.DAE
[3.583s] -- Up-to-date: /home/ashraful/HBRS/AMR/AMR_PROJECT/amr-team-bot/install/aws_robomaker_small_house_world/share/aws_robomaker_small_house_world/models/aws_robomaker_residential_DeskPortraitD_02/meshes/aws_DeskPortraitD_01_collision.DAE
[3.583s] -- Up-to-date: /home/ashraful/HBRS/AMR/AMR_PROJECT/amr-team-bot/install/aws_robomaker_small_house_world/share/aws_robomaker_small_house_world/models/aws_robomaker_residential_DeskPortraitD_02/materials
[3.584s] -- Up-to-date: /home/ashraful/HBRS/AMR/AMR_PROJECT/amr-team-bot/install/aws_robomaker_small_house_world/share/aws_robomaker_small_house_world/models/aws_robomaker_residential_DeskPortraitD_02/materials/textures
[3.584s] -- Up-to-date: /home/ashraful/HBRS/AMR/AMR_PROJECT/amr-team-bot/install/aws_robomaker_small_house_world/share/aws_robomaker_small_house_world/models/aws_robomaker_residential_DeskPortraitD_02/materials/textures/aws_DeskPortraitD_02.png
[3.584s] -- Up-to-date: /home/ashraful/HBRS/AMR/AMR_PROJECT/amr-team-bot/install/aws_robomaker_small_house_world/share/aws_robomaker_small_house_world/models/aws_robomaker_residential_DeskPortraitD_02/materials/textures/aws_DeskPortraitD_01.png
[3.584s] -- Up-to-date: /home/ashraful/HBRS/AMR/AMR_PROJECT/amr-team-bot/install/aws_robomaker_small_house_world/share/aws_robomaker_small_house_world/models/aws_robomaker_residential_DeskPortraitD_02/model.config
[3.585s] -- Up-to-date: /home/ashraful/HBRS/AMR/AMR_PROJECT/amr-team-bot/install/aws_robomaker_small_house_world/share/aws_robomaker_small_house_world/models/aws_robomaker_residential_PortraitC_01
[3.585s] -- Up-to-date: /home/ashraful/HBRS/AMR/AMR_PROJECT/amr-team-bot/install/aws_robomaker_small_house_world/share/aws_robomaker_small_house_world/models/aws_robomaker_residential_PortraitC_01/model.sdf
[3.585s] -- Up-to-date: /home/ashraful/HBRS/AMR/AMR_PROJECT/amr-team-bot/install/aws_robomaker_small_house_world/share/aws_robomaker_small_house_world/models/aws_robomaker_residential_PortraitC_01/meshes
[3.585s] -- Up-to-date: /home/ashraful/HBRS/AMR/AMR_PROJECT/amr-team-bot/install/aws_robomaker_small_house_world/share/aws_robomaker_small_house_world/models/aws_robomaker_residential_PortraitC_01/meshes/aws_PortraitC_01_collision.DAE
[3.585s] -- Up-to-date: /home/ashraful/HBRS/AMR/AMR_PROJECT/amr-team-bot/install/aws_robomaker_small_house_world/share/aws_robomaker_small_house_world/models/aws_robomaker_residential_PortraitC_01/meshes/aws_PortraitC_01_visual.DAE
[3.586s] -- Up-to-date: /home/ashraful/HBRS/AMR/AMR_PROJECT/amr-team-bot/install/aws_robomaker_small_house_world/share/aws_robomaker_small_house_world/models/aws_robomaker_residential_PortraitC_01/materials
[3.586s] -- Up-to-date: /home/ashraful/HBRS/AMR/AMR_PROJECT/amr-team-bot/install/aws_robomaker_small_house_world/share/aws_robomaker_small_house_world/models/aws_robomaker_residential_PortraitC_01/materials/textures
[3.586s] -- Up-to-date: /home/ashraful/HBRS/AMR/AMR_PROJECT/amr-team-bot/install/aws_robomaker_small_house_world/share/aws_robomaker_small_house_world/models/aws_robomaker_residential_PortraitC_01/materials/textures/aws_PortraitC_02.png
[3.587s] -- Up-to-date: /home/ashraful/HBRS/AMR/AMR_PROJECT/amr-team-bot/install/aws_robomaker_small_house_world/share/aws_robomaker_small_house_world/models/aws_robomaker_residential_PortraitC_01/materials/textures/aws_PortraitC_01.png
[3.587s] -- Up-to-date: /home/ashraful/HBRS/AMR/AMR_PROJECT/amr-team-bot/install/aws_robomaker_small_house_world/share/aws_robomaker_small_house_world/models/aws_robomaker_residential_PortraitC_01/model.config
[3.588s] -- Up-to-date: /home/ashraful/HBRS/AMR/AMR_PROJECT/amr-team-bot/install/aws_robomaker_small_house_world/share/aws_robomaker_small_house_world/models/aws_robomaker_residential_RoomWall_01
[3.588s] -- Up-to-date: /home/ashraful/HBRS/AMR/AMR_PROJECT/amr-team-bot/install/aws_robomaker_small_house_world/share/aws_robomaker_small_house_world/models/aws_robomaker_residential_RoomWall_01/model.sdf
[3.589s] -- Up-to-date: /home/ashraful/HBRS/AMR/AMR_PROJECT/amr-team-bot/install/aws_robomaker_small_house_world/share/aws_robomaker_small_house_world/models/aws_robomaker_residential_RoomWall_01/meshes
[3.592s] -- Up-to-date: /home/ashraful/HBRS/AMR/AMR_PROJECT/amr-team-bot/install/aws_robomaker_small_house_world/share/aws_robomaker_small_house_world/models/aws_robomaker_residential_RoomWall_01/meshes/aws_RoomWall_01_collision.DAE
[3.592s] -- Up-to-date: /home/ashraful/HBRS/AMR/AMR_PROJECT/amr-team-bot/install/aws_robomaker_small_house_world/share/aws_robomaker_small_house_world/models/aws_robomaker_residential_RoomWall_01/meshes/aws_RoomWall_01_visual.DAE
[3.593s] -- Up-to-date: /home/ashraful/HBRS/AMR/AMR_PROJECT/amr-team-bot/install/aws_robomaker_small_house_world/share/aws_robomaker_small_house_world/models/aws_robomaker_residential_RoomWall_01/materials
[3.593s] -- Up-to-date: /home/ashraful/HBRS/AMR/AMR_PROJECT/amr-team-bot/install/aws_robomaker_small_house_world/share/aws_robomaker_small_house_world/models/aws_robomaker_residential_RoomWall_01/materials/textures
[3.593s] -- Up-to-date: /home/ashraful/HBRS/AMR/AMR_PROJECT/amr-team-bot/install/aws_robomaker_small_house_world/share/aws_robomaker_small_house_world/models/aws_robomaker_residential_RoomWall_01/materials/textures/aws_RoomWall_01.png
[3.593s] -- Up-to-date: /home/ashraful/HBRS/AMR/AMR_PROJECT/amr-team-bot/install/aws_robomaker_small_house_world/share/aws_robomaker_small_house_world/models/aws_robomaker_residential_RoomWall_01/model.config
[3.593s] -- Up-to-date: /home/ashraful/HBRS/AMR/AMR_PROJECT/amr-team-bot/install/aws_robomaker_small_house_world/share/aws_robomaker_small_house_world/worlds
[3.594s] -- Up-to-date: /home/ashraful/HBRS/AMR/AMR_PROJECT/amr-team-bot/install/aws_robomaker_small_house_world/share/aws_robomaker_small_house_world/worlds/small_house.world
[3.594s] -- Up-to-date: /home/ashraful/HBRS/AMR/AMR_PROJECT/amr-team-bot/install/aws_robomaker_small_house_world/share/aws_robomaker_small_house_world/worlds/kitchen_table.world
[3.594s] -- Up-to-date: /home/ashraful/HBRS/AMR/AMR_PROJECT/amr-team-bot/install/aws_robomaker_small_house_world/share/aws_robomaker_small_house_world/worlds/empty.world
[3.594s] -- Up-to-date: /home/ashraful/HBRS/AMR/AMR_PROJECT/amr-team-bot/install/aws_robomaker_small_house_world/share/aws_robomaker_small_house_world/maps
[3.594s] -- Up-to-date: /home/ashraful/HBRS/AMR/AMR_PROJECT/amr-team-bot/install/aws_robomaker_small_house_world/share/aws_robomaker_small_house_world/maps/turtlebot3_waffle_pi
[3.595s] -- Up-to-date: /home/ashraful/HBRS/AMR/AMR_PROJECT/amr-team-bot/install/aws_robomaker_small_house_world/share/aws_robomaker_small_house_world/maps/turtlebot3_waffle_pi/map.pgm
[3.595s] -- Up-to-date: /home/ashraful/HBRS/AMR/AMR_PROJECT/amr-team-bot/install/aws_robomaker_small_house_world/share/aws_robomaker_small_house_world/maps/turtlebot3_waffle_pi/map.yaml
[3.598s] -- Up-to-date: /home/ashraful/HBRS/AMR/AMR_PROJECT/amr-team-bot/install/aws_robomaker_small_house_world/share/aws_robomaker_small_house_world/photos
[3.598s] -- Up-to-date: /home/ashraful/HBRS/AMR/AMR_PROJECT/amr-team-bot/install/aws_robomaker_small_house_world/share/aws_robomaker_small_house_world/photos/DeskPortraitD_03.jpg
[3.598s] -- Up-to-date: /home/ashraful/HBRS/AMR/AMR_PROJECT/amr-team-bot/install/aws_robomaker_small_house_world/share/aws_robomaker_small_house_world/photos/DeskPortraitB_01.jpg
[3.599s] -- Up-to-date: /home/ashraful/HBRS/AMR/AMR_PROJECT/amr-team-bot/install/aws_robomaker_small_house_world/share/aws_robomaker_small_house_world/photos/PortraitE_01.jpg
[3.599s] -- Up-to-date: /home/ashraful/HBRS/AMR/AMR_PROJECT/amr-team-bot/install/aws_robomaker_small_house_world/share/aws_robomaker_small_house_world/photos/PortraitE_02.jpg
[3.599s] -- Up-to-date: /home/ashraful/HBRS/AMR/AMR_PROJECT/amr-team-bot/install/aws_robomaker_small_house_world/share/aws_robomaker_small_house_world/photos/PortraitB_03.jpg
[3.599s] -- Up-to-date: /home/ashraful/HBRS/AMR/AMR_PROJECT/amr-team-bot/install/aws_robomaker_small_house_world/share/aws_robomaker_small_house_world/photos/DeskPortraitA_01.jpg
[3.599s] -- Up-to-date: /home/ashraful/HBRS/AMR/AMR_PROJECT/amr-team-bot/install/aws_robomaker_small_house_world/share/aws_robomaker_small_house_world/photos/PortraitB_01.jpg
[3.600s] -- Up-to-date: /home/ashraful/HBRS/AMR/AMR_PROJECT/amr-team-bot/install/aws_robomaker_small_house_world/share/aws_robomaker_small_house_world/photos/PortraitD_02.jpg
[3.600s] -- Up-to-date: /home/ashraful/HBRS/AMR/AMR_PROJECT/amr-team-bot/install/aws_robomaker_small_house_world/share/aws_robomaker_small_house_world/photos/DeskPortraitB_02.jpg
[3.600s] -- Up-to-date: /home/ashraful/HBRS/AMR/AMR_PROJECT/amr-team-bot/install/aws_robomaker_small_house_world/share/aws_robomaker_small_house_world/photos/PortraitB_02.jpg
[3.600s] -- Up-to-date: /home/ashraful/HBRS/AMR/AMR_PROJECT/amr-team-bot/install/aws_robomaker_small_house_world/share/aws_robomaker_small_house_world/photos/DeskPortraitC_01.jpg
[3.600s] -- Up-to-date: /home/ashraful/HBRS/AMR/AMR_PROJECT/amr-team-bot/install/aws_robomaker_small_house_world/share/aws_robomaker_small_house_world/photos/PortraitC_01.jpg
[3.600s] -- Up-to-date: /home/ashraful/HBRS/AMR/AMR_PROJECT/amr-team-bot/install/aws_robomaker_small_house_world/share/aws_robomaker_small_house_world/photos/PortraitD_01.jpg
[3.607s] -- Up-to-date: /home/ashraful/HBRS/AMR/AMR_PROJECT/amr-team-bot/install/aws_robomaker_small_house_world/share/aws_robomaker_small_house_world/photos/DeskPortraitD_02.jpg
[3.607s] -- Up-to-date: /home/ashraful/HBRS/AMR/AMR_PROJECT/amr-team-bot/install/aws_robomaker_small_house_world/share/aws_robomaker_small_house_world/photos/DeskPortraitC_02.jpg
[3.608s] -- Up-to-date: /home/ashraful/HBRS/AMR/AMR_PROJECT/amr-team-bot/install/aws_robomaker_small_house_world/share/aws_robomaker_small_house_world/photos/DeskPortraitD_01.jpg
[3.608s] -- Up-to-date: /home/ashraful/HBRS/AMR/AMR_PROJECT/amr-team-bot/install/aws_robomaker_small_house_world/share/aws_robomaker_small_house_world/photos/DeskPortraitA_02.jpg
[3.608s] -- Up-to-date: /home/ashraful/HBRS/AMR/AMR_PROJECT/amr-team-bot/install/aws_robomaker_small_house_world/share/aws_robomaker_small_house_world/photos/DeskPortraitD_04.jpg
[3.608s] -- Up-to-date: /home/ashraful/HBRS/AMR/AMR_PROJECT/amr-team-bot/install/aws_robomaker_small_house_world/share/aws_robomaker_small_house_world/photos/PortraitA_01.jpg
[3.609s] -- Up-to-date: /home/ashraful/HBRS/AMR/AMR_PROJECT/amr-team-bot/install/aws_robomaker_small_house_world/share/aws_robomaker_small_house_world/photos/PortraitA_02.jpg
[3.609s] -- Up-to-date: /home/ashraful/HBRS/AMR/AMR_PROJECT/amr-team-bot/install/aws_robomaker_small_house_world/share/aws_robomaker_small_house_world/param
[3.609s] -- Up-to-date: /home/ashraful/HBRS/AMR/AMR_PROJECT/amr-team-bot/install/aws_robomaker_small_house_world/share/aws_robomaker_small_house_world/param/waffle_pi.yaml
[3.609s] -- Up-to-date: /home/ashraful/HBRS/AMR/AMR_PROJECT/amr-team-bot/install/aws_robomaker_small_house_world/share/aws_robomaker_small_house_world/routes
[3.609s] -- Up-to-date: /home/ashraful/HBRS/AMR/AMR_PROJECT/amr-team-bot/install/aws_robomaker_small_house_world/share/aws_robomaker_small_house_world/routes/route.yaml
[3.609s] -- Up-to-date: /home/ashraful/HBRS/AMR/AMR_PROJECT/amr-team-bot/install/aws_robomaker_small_house_world/share/ament_index/resource_index/package_run_dependencies/aws_robomaker_small_house_world
[3.610s] -- Up-to-date: /home/ashraful/HBRS/AMR/AMR_PROJECT/amr-team-bot/install/aws_robomaker_small_house_world/share/ament_index/resource_index/parent_prefix_path/aws_robomaker_small_house_world
[3.610s] -- Up-to-date: /home/ashraful/HBRS/AMR/AMR_PROJECT/amr-team-bot/install/aws_robomaker_small_house_world/share/aws_robomaker_small_house_world/environment/ament_prefix_path.sh
[3.610s] -- Up-to-date: /home/ashraful/HBRS/AMR/AMR_PROJECT/amr-team-bot/install/aws_robomaker_small_house_world/share/aws_robomaker_small_house_world/environment/ament_prefix_path.dsv
[3.610s] -- Up-to-date: /home/ashraful/HBRS/AMR/AMR_PROJECT/amr-team-bot/install/aws_robomaker_small_house_world/share/aws_robomaker_small_house_world/environment/path.sh
[3.610s] -- Up-to-date: /home/ashraful/HBRS/AMR/AMR_PROJECT/amr-team-bot/install/aws_robomaker_small_house_world/share/aws_robomaker_small_house_world/environment/path.dsv
[3.610s] -- Up-to-date: /home/ashraful/HBRS/AMR/AMR_PROJECT/amr-team-bot/install/aws_robomaker_small_house_world/share/aws_robomaker_small_house_world/local_setup.bash
[3.611s] -- Up-to-date: /home/ashraful/HBRS/AMR/AMR_PROJECT/amr-team-bot/install/aws_robomaker_small_house_world/share/aws_robomaker_small_house_world/local_setup.sh
[3.611s] -- Up-to-date: /home/ashraful/HBRS/AMR/AMR_PROJECT/amr-team-bot/install/aws_robomaker_small_house_world/share/aws_robomaker_small_house_world/local_setup.zsh
[3.611s] -- Up-to-date: /home/ashraful/HBRS/AMR/AMR_PROJECT/amr-team-bot/install/aws_robomaker_small_house_world/share/aws_robomaker_small_house_world/local_setup.dsv
[3.611s] -- Installing: /home/ashraful/HBRS/AMR/AMR_PROJECT/amr-team-bot/install/aws_robomaker_small_house_world/share/aws_robomaker_small_house_world/package.dsv
[3.611s] -- Up-to-date: /home/ashraful/HBRS/AMR/AMR_PROJECT/amr-team-bot/install/aws_robomaker_small_house_world/share/ament_index/resource_index/packages/aws_robomaker_small_house_world
[3.612s] -- Up-to-date: /home/ashraful/HBRS/AMR/AMR_PROJECT/amr-team-bot/install/aws_robomaker_small_house_world/share/aws_robomaker_small_house_world/cmake/ament_cmake_export_dependencies-extras.cmake
[3.612s] -- Up-to-date: /home/ashraful/HBRS/AMR/AMR_PROJECT/amr-team-bot/install/aws_robomaker_small_house_world/share/aws_robomaker_small_house_world/cmake/aws_robomaker_small_house_worldConfig.cmake
[3.612s] -- Up-to-date: /home/ashraful/HBRS/AMR/AMR_PROJECT/amr-team-bot/install/aws_robomaker_small_house_world/share/aws_robomaker_small_house_world/cmake/aws_robomaker_small_house_worldConfig-version.cmake
[3.612s] -- Up-to-date: /home/ashraful/HBRS/AMR/AMR_PROJECT/amr-team-bot/install/aws_robomaker_small_house_world/share/aws_robomaker_small_house_world/package.xml
[3.616s] Invoked command in '/home/ashraful/HBRS/AMR/AMR_PROJECT/amr-team-bot/build/aws_robomaker_small_house_world' returned '0': CMAKE_PREFIX_PATH=${CMAKE_PREFIX_PATH}:/home/ashraful/HBRS/AMR/AMR_PROJECT/amr-team-bot/install/wavefront:/home/ashraful/HBRS/AMR/AMR_PROJECT/amr-team-bot/install/robile_reach_goal:/home/ashraful/HBRS/AMR/AMR_PROJECT/amr-team-bot/install/robile_control_simple:/home/ashraful/HBRS/AMR/AMR_PROJECT/amr-team-bot/install/robile_bringup:/home/ashraful/HBRS/AMR/AMR_PROJECT/amr-team-bot/install/potential:/home/ashraful/HBRS/AMR/AMR_PROJECT/amr-team-bot/install/particle_localization:/home/ashraful/HBRS/AMR/AMR_PROJECT/amr-team-bot/install/my_explorer:/home/ashraful/HBRS/AMR/AMR_PROJECT/amr-team-bot/install/mcl_particle_filter:/home/ashraful/HBRS/AMR/AMR_PROJECT/amr-team-bot/install/amr_localization:/opt/ros/humble /usr/bin/cmake --install /home/ashraful/HBRS/AMR/AMR_PROJECT/amr-team-bot/build/aws_robomaker_small_house_world
