[0.000000] (-) TimerEvent: {}
[0.000524] (amr_localization) JobQueued: {'identifier': 'amr_localization', 'dependencies': OrderedDict()}
[0.001192] (aws_robomaker_small_house_world) JobQueued: {'identifier': 'aws_robomaker_small_house_world', 'dependencies': OrderedDict()}
[0.001608] (mcl_particle_filter) JobQueued: {'identifier': 'mcl_particle_filter', 'dependencies': OrderedDict()}
[0.001933] (my_explorer) JobQueued: {'identifier': 'my_explorer', 'dependencies': OrderedDict()}
[0.001975] (particle_localization) JobQueued: {'identifier': 'particle_localization', 'dependencies': OrderedDict()}
[0.002011] (potential) JobQueued: {'identifier': 'potential', 'dependencies': OrderedDict()}
[0.002047] (robile_bringup) JobQueued: {'identifier': 'robile_bringup', 'dependencies': OrderedDict()}
[0.002079] (robile_control_simple) JobQueued: {'identifier': 'robile_control_simple', 'dependencies': OrderedDict()}
[0.002110] (robile_description) JobQueued: {'identifier': 'robile_description', 'dependencies': OrderedDict()}
[0.002141] (robile_interfaces) JobQueued: {'identifier': 'robile_interfaces', 'dependencies': OrderedDict()}
[0.002172] (robile_reach_goal) JobQueued: {'identifier': 'robile_reach_goal', 'dependencies': OrderedDict()}
[0.002204] (wavefront) JobQueued: {'identifier': 'wavefront', 'dependencies': OrderedDict()}
[0.002234] (robile_gazebo) JobQueued: {'identifier': 'robile_gazebo', 'dependencies': OrderedDict([('robile_description', '/home/ashraful/HBRS/AMR/AMR_PROJECT/amr-team-bot/install/robile_description')])}
[0.002275] (robile_navigation) JobQueued: {'identifier': 'robile_navigation', 'dependencies': OrderedDict([('robile_interfaces', '/home/ashraful/HBRS/AMR/AMR_PROJECT/amr-team-bot/install/robile_interfaces')])}
[0.002312] (robile_description) JobStarted: {'identifier': 'robile_description'}
[0.013380] (robile_interfaces) JobStarted: {'identifier': 'robile_interfaces'}
[0.020832] (amr_localization) JobStarted: {'identifier': 'amr_localization'}
[0.033148] (aws_robomaker_small_house_world) JobStarted: {'identifier': 'aws_robomaker_small_house_world'}
[0.041317] (mcl_particle_filter) JobStarted: {'identifier': 'mcl_particle_filter'}
[0.052043] (my_explorer) JobStarted: {'identifier': 'my_explorer'}
[0.062658] (particle_localization) JobStarted: {'identifier': 'particle_localization'}
[0.073519] (potential) JobStarted: {'identifier': 'potential'}
[0.090013] (robile_description) JobProgress: {'identifier': 'robile_description', 'progress': 'cmake'}
[0.091627] (robile_description) JobProgress: {'identifier': 'robile_description', 'progress': 'build'}
[0.093579] (robile_description) Command: {'cmd': ['/usr/bin/cmake', '--build', '/home/ashraful/HBRS/AMR/AMR_PROJECT/amr-team-bot/build/robile_description', '--', '-j8', '-l8'], 'cwd': '/home/ashraful/HBRS/AMR/AMR_PROJECT/amr-team-bot/build/robile_description', 'env': OrderedDict([('LESSOPEN', '| /usr/bin/lesspipe %s'), ('USER', 'ashraful'), ('LC_TIME', 'de_DE.UTF-8'), ('XDG_SESSION_TYPE', 'wayland'), ('SHLVL', '1'), ('LD_LIBRARY_PATH', '/usr/lib/x86_64-linux-gnu/gazebo-11/plugins:/opt/ros/humble/opt/rviz_ogre_vendor/lib:/opt/ros/humble/lib/x86_64-linux-gnu:/opt/ros/humble/lib:/home/ashraful/.mujoco/mujoco-3.9.0/lib:/home/ashraful/.mujoco/mujoco-3.9.0/lib'), ('HOME', '/home/ashraful'), ('OLDPWD', '/home/ashraful/HBRS/AMR/AMR_PROJECT/amr-team-bot/src'), ('DESKTOP_SESSION', 'ubuntu'), ('ROS_PYTHON_VERSION', '3'), ('GNOME_SHELL_SESSION_MODE', 'ubuntu'), ('GTK_MODULES', 'gail:atk-bridge'), ('LC_MONETARY', 'de_DE.UTF-8'), ('MANAGERPID', '1723'), ('SYSTEMD_EXEC_PID', '2083'), ('DBUS_SESSION_BUS_ADDRESS', 'unix:path=/run/user/1000/bus'), ('COLORTERM', 'truecolor'), ('TERMINATOR_DBUS_NAME', 'net.tenshu.Terminator25ef4b219e3b005583550f2b0f9f990c3'), ('GIO_LAUNCHED_DESKTOP_FILE_PID', '87784'), ('IM_CONFIG_PHASE', '1'), ('WAYLAND_DISPLAY', 'wayland-0'), ('ROS_DISTRO', 'humble'), ('LOGNAME', 'ashraful'), ('JOURNAL_STREAM', '8:20533'), ('_', '/usr/bin/colcon'), ('ROS_VERSION', '2'), ('XDG_SESSION_CLASS', 'user'), ('USERNAME', 'ashraful'), ('TERM', 'xterm-256color'), ('GNOME_DESKTOP_SESSION_ID', 'this-is-deprecated'), ('ROS_LOCALHOST_ONLY', '0'), ('PATH', '/opt/ros/humble/bin:/home/ashraful/.local/bin:/usr/local/sbin:/usr/local/bin:/usr/sbin:/usr/bin:/sbin:/bin:/usr/games:/usr/local/games:/snap/bin:/snap/bin:/home/ashraful/.mujoco/mujoco-3.9.0/bin'), ('SESSION_MANAGER', 'local/ashraful:@/tmp/.ICE-unix/1865,unix/ashraful:/tmp/.ICE-unix/1865'), ('INVOCATION_ID', '8220aff1741a4be28484ee2ff67f3009'), ('XDG_MENU_PREFIX', 'gnome-'), ('LC_ADDRESS', 'de_DE.UTF-8'), ('GNOME_SETUP_DISPLAY', ':1'), ('XDG_RUNTIME_DIR', '/run/user/1000'), ('DISPLAY', ':0'), ('TERMINATOR_DBUS_PATH', '/net/tenshu/Terminator2'), ('LANG', 'en_US.UTF-8'), ('XDG_CURRENT_DESKTOP', 'ubuntu:GNOME'), ('IBUS_DISABLE_SNOOPER', '1'), ('LC_TELEPHONE', 'de_DE.UTF-8'), ('XMODIFIERS', '@im=ibus'), ('XDG_SESSION_DESKTOP', 'ubuntu'), ('XAUTHORITY', '/run/user/1000/.mutter-Xwaylandauth.RE1JW3'), ('LS_COLORS', 'rs=0:di=01;34:ln=01;36:mh=00:pi=40;33:so=01;35:do=01;35:bd=40;33;01:cd=40;33;01:or=40;31;01:mi=00:su=37;41:sg=30;43:ca=30;41:tw=30;42:ow=34;42:st=37;44:ex=01;32:*.tar=01;31:*.tgz=01;31:*.arc=01;31:*.arj=01;31:*.taz=01;31:*.lha=01;31:*.lz4=01;31:*.lzh=01;31:*.lzma=01;31:*.tlz=01;31:*.txz=01;31:*.tzo=01;31:*.t7z=01;31:*.zip=01;31:*.z=01;31:*.dz=01;31:*.gz=01;31:*.lrz=01;31:*.lz=01;31:*.lzo=01;31:*.xz=01;31:*.zst=01;31:*.tzst=01;31:*.bz2=01;31:*.bz=01;31:*.tbz=01;31:*.tbz2=01;31:*.tz=01;31:*.deb=01;31:*.rpm=01;31:*.jar=01;31:*.war=01;31:*.ear=01;31:*.sar=01;31:*.rar=01;31:*.alz=01;31:*.ace=01;31:*.zoo=01;31:*.cpio=01;31:*.7z=01;31:*.rz=01;31:*.cab=01;31:*.wim=01;31:*.swm=01;31:*.dwm=01;31:*.esd=01;31:*.jpg=01;35:*.jpeg=01;35:*.mjpg=01;35:*.mjpeg=01;35:*.gif=01;35:*.bmp=01;35:*.pbm=01;35:*.pgm=01;35:*.ppm=01;35:*.tga=01;35:*.xbm=01;35:*.xpm=01;35:*.tif=01;35:*.tiff=01;35:*.png=01;35:*.svg=01;35:*.svgz=01;35:*.mng=01;35:*.pcx=01;35:*.mov=01;35:*.mpg=01;35:*.mpeg=01;35:*.m2v=01;35:*.mkv=01;35:*.webm=01;35:*.webp=01;35:*.ogm=01;35:*.mp4=01;35:*.m4v=01;35:*.mp4v=01;35:*.vob=01;35:*.qt=01;35:*.nuv=01;35:*.wmv=01;35:*.asf=01;35:*.rm=01;35:*.rmvb=01;35:*.flc=01;35:*.avi=01;35:*.fli=01;35:*.flv=01;35:*.gl=01;35:*.dl=01;35:*.xcf=01;35:*.xwd=01;35:*.yuv=01;35:*.cgm=01;35:*.emf=01;35:*.ogv=01;35:*.ogx=01;35:*.aac=00;36:*.au=00;36:*.flac=00;36:*.m4a=00;36:*.mid=00;36:*.midi=00;36:*.mka=00;36:*.mp3=00;36:*.mpc=00;36:*.ogg=00;36:*.ra=00;36:*.wav=00;36:*.oga=00;36:*.opus=00;36:*.spx=00;36:*.xspf=00;36:'), ('SSH_AGENT_LAUNCHER', 'gnome-keyring'), ('SSH_AUTH_SOCK', '/run/user/1000/keyring/ssh'), ('AMENT_PREFIX_PATH', '/opt/ros/humble'), ('SHELL', '/bin/bash'), ('LC_NAME', 'de_DE.UTF-8'), ('TERMINATOR_UUID', 'urn:uuid:1c72cd59-31a6-4f1a-b61b-5502cd39b2d2'), ('QT_ACCESSIBILITY', '1'), ('GDMSESSION', 'ubuntu'), ('LESSCLOSE', '/usr/bin/lesspipe %s %s'), ('LC_MEASUREMENT', 'de_DE.UTF-8'), ('LC_IDENTIFICATION', 'de_DE.UTF-8'), ('QT_IM_MODULE', 'ibus'), ('PWD', '/home/ashraful/HBRS/AMR/AMR_PROJECT/amr-team-bot/build/robile_description'), ('XDG_CONFIG_DIRS', '/etc/xdg/xdg-ubuntu:/etc/xdg'), ('XDG_DATA_DIRS', '/usr/share/ubuntu:/usr/local/share/:/usr/share/:/var/lib/snapd/desktop'), ('PYTHONPATH', '/opt/ros/humble/lib/python3.10/site-packages:/opt/ros/humble/local/lib/python3.10/dist-packages'), ('LC_NUMERIC', 'de_DE.UTF-8'), ('LC_PAPER', 'de_DE.UTF-8'), ('COLCON', '1'), ('VTE_VERSION', '6800'), ('CMAKE_PREFIX_PATH', '/opt/ros/humble')]), 'shell': False}
[0.098838] (robile_interfaces) JobProgress: {'identifier': 'robile_interfaces', 'progress': 'cmake'}
[0.099586] (-) TimerEvent: {}
[0.101526] (robile_interfaces) Command: {'cmd': ['/usr/bin/cmake', '/home/ashraful/HBRS/AMR/AMR_PROJECT/amr-team-bot/src/robile_interfaces', '-DCMAKE_INSTALL_PREFIX=/home/ashraful/HBRS/AMR/AMR_PROJECT/amr-team-bot/install/robile_interfaces'], 'cwd': '/home/ashraful/HBRS/AMR/AMR_PROJECT/amr-team-bot/build/robile_interfaces', 'env': OrderedDict([('LESSOPEN', '| /usr/bin/lesspipe %s'), ('USER', 'ashraful'), ('LC_TIME', 'de_DE.UTF-8'), ('XDG_SESSION_TYPE', 'wayland'), ('SHLVL', '1'), ('LD_LIBRARY_PATH', '/usr/lib/x86_64-linux-gnu/gazebo-11/plugins:/opt/ros/humble/opt/rviz_ogre_vendor/lib:/opt/ros/humble/lib/x86_64-linux-gnu:/opt/ros/humble/lib:/home/ashraful/.mujoco/mujoco-3.9.0/lib:/home/ashraful/.mujoco/mujoco-3.9.0/lib'), ('HOME', '/home/ashraful'), ('OLDPWD', '/home/ashraful/HBRS/AMR/AMR_PROJECT/amr-team-bot/src'), ('DESKTOP_SESSION', 'ubuntu'), ('ROS_PYTHON_VERSION', '3'), ('GNOME_SHELL_SESSION_MODE', 'ubuntu'), ('GTK_MODULES', 'gail:atk-bridge'), ('LC_MONETARY', 'de_DE.UTF-8'), ('MANAGERPID', '1723'), ('SYSTEMD_EXEC_PID', '2083'), ('DBUS_SESSION_BUS_ADDRESS', 'unix:path=/run/user/1000/bus'), ('COLORTERM', 'truecolor'), ('TERMINATOR_DBUS_NAME', 'net.tenshu.Terminator25ef4b219e3b005583550f2b0f9f990c3'), ('GIO_LAUNCHED_DESKTOP_FILE_PID', '87784'), ('IM_CONFIG_PHASE', '1'), ('WAYLAND_DISPLAY', 'wayland-0'), ('ROS_DISTRO', 'humble'), ('LOGNAME', 'ashraful'), ('JOURNAL_STREAM', '8:20533'), ('_', '/usr/bin/colcon'), ('ROS_VERSION', '2'), ('XDG_SESSION_CLASS', 'user'), ('USERNAME', 'ashraful'), ('TERM', 'xterm-256color'), ('GNOME_DESKTOP_SESSION_ID', 'this-is-deprecated'), ('ROS_LOCALHOST_ONLY', '0'), ('PATH', '/opt/ros/humble/bin:/home/ashraful/.local/bin:/usr/local/sbin:/usr/local/bin:/usr/sbin:/usr/bin:/sbin:/bin:/usr/games:/usr/local/games:/snap/bin:/snap/bin:/home/ashraful/.mujoco/mujoco-3.9.0/bin'), ('SESSION_MANAGER', 'local/ashraful:@/tmp/.ICE-unix/1865,unix/ashraful:/tmp/.ICE-unix/1865'), ('INVOCATION_ID', '8220aff1741a4be28484ee2ff67f3009'), ('XDG_MENU_PREFIX', 'gnome-'), ('LC_ADDRESS', 'de_DE.UTF-8'), ('GNOME_SETUP_DISPLAY', ':1'), ('XDG_RUNTIME_DIR', '/run/user/1000'), ('DISPLAY', ':0'), ('TERMINATOR_DBUS_PATH', '/net/tenshu/Terminator2'), ('LANG', 'en_US.UTF-8'), ('XDG_CURRENT_DESKTOP', 'ubuntu:GNOME'), ('IBUS_DISABLE_SNOOPER', '1'), ('LC_TELEPHONE', 'de_DE.UTF-8'), ('XMODIFIERS', '@im=ibus'), ('XDG_SESSION_DESKTOP', 'ubuntu'), ('XAUTHORITY', '/run/user/1000/.mutter-Xwaylandauth.RE1JW3'), ('LS_COLORS', 'rs=0:di=01;34:ln=01;36:mh=00:pi=40;33:so=01;35:do=01;35:bd=40;33;01:cd=40;33;01:or=40;31;01:mi=00:su=37;41:sg=30;43:ca=30;41:tw=30;42:ow=34;42:st=37;44:ex=01;32:*.tar=01;31:*.tgz=01;31:*.arc=01;31:*.arj=01;31:*.taz=01;31:*.lha=01;31:*.lz4=01;31:*.lzh=01;31:*.lzma=01;31:*.tlz=01;31:*.txz=01;31:*.tzo=01;31:*.t7z=01;31:*.zip=01;31:*.z=01;31:*.dz=01;31:*.gz=01;31:*.lrz=01;31:*.lz=01;31:*.lzo=01;31:*.xz=01;31:*.zst=01;31:*.tzst=01;31:*.bz2=01;31:*.bz=01;31:*.tbz=01;31:*.tbz2=01;31:*.tz=01;31:*.deb=01;31:*.rpm=01;31:*.jar=01;31:*.war=01;31:*.ear=01;31:*.sar=01;31:*.rar=01;31:*.alz=01;31:*.ace=01;31:*.zoo=01;31:*.cpio=01;31:*.7z=01;31:*.rz=01;31:*.cab=01;31:*.wim=01;31:*.swm=01;31:*.dwm=01;31:*.esd=01;31:*.jpg=01;35:*.jpeg=01;35:*.mjpg=01;35:*.mjpeg=01;35:*.gif=01;35:*.bmp=01;35:*.pbm=01;35:*.pgm=01;35:*.ppm=01;35:*.tga=01;35:*.xbm=01;35:*.xpm=01;35:*.tif=01;35:*.tiff=01;35:*.png=01;35:*.svg=01;35:*.svgz=01;35:*.mng=01;35:*.pcx=01;35:*.mov=01;35:*.mpg=01;35:*.mpeg=01;35:*.m2v=01;35:*.mkv=01;35:*.webm=01;35:*.webp=01;35:*.ogm=01;35:*.mp4=01;35:*.m4v=01;35:*.mp4v=01;35:*.vob=01;35:*.qt=01;35:*.nuv=01;35:*.wmv=01;35:*.asf=01;35:*.rm=01;35:*.rmvb=01;35:*.flc=01;35:*.avi=01;35:*.fli=01;35:*.flv=01;35:*.gl=01;35:*.dl=01;35:*.xcf=01;35:*.xwd=01;35:*.yuv=01;35:*.cgm=01;35:*.emf=01;35:*.ogv=01;35:*.ogx=01;35:*.aac=00;36:*.au=00;36:*.flac=00;36:*.m4a=00;36:*.mid=00;36:*.midi=00;36:*.mka=00;36:*.mp3=00;36:*.mpc=00;36:*.ogg=00;36:*.ra=00;36:*.wav=00;36:*.oga=00;36:*.opus=00;36:*.spx=00;36:*.xspf=00;36:'), ('SSH_AGENT_LAUNCHER', 'gnome-keyring'), ('SSH_AUTH_SOCK', '/run/user/1000/keyring/ssh'), ('AMENT_PREFIX_PATH', '/opt/ros/humble'), ('SHELL', '/bin/bash'), ('LC_NAME', 'de_DE.UTF-8'), ('TERMINATOR_UUID', 'urn:uuid:1c72cd59-31a6-4f1a-b61b-5502cd39b2d2'), ('QT_ACCESSIBILITY', '1'), ('GDMSESSION', 'ubuntu'), ('LESSCLOSE', '/usr/bin/lesspipe %s %s'), ('LC_MEASUREMENT', 'de_DE.UTF-8'), ('LC_IDENTIFICATION', 'de_DE.UTF-8'), ('QT_IM_MODULE', 'ibus'), ('PWD', '/home/ashraful/HBRS/AMR/AMR_PROJECT/amr-team-bot/build/robile_interfaces'), ('XDG_CONFIG_DIRS', '/etc/xdg/xdg-ubuntu:/etc/xdg'), ('XDG_DATA_DIRS', '/usr/share/ubuntu:/usr/local/share/:/usr/share/:/var/lib/snapd/desktop'), ('PYTHONPATH', '/opt/ros/humble/lib/python3.10/site-packages:/opt/ros/humble/local/lib/python3.10/dist-packages'), ('LC_NUMERIC', 'de_DE.UTF-8'), ('LC_PAPER', 'de_DE.UTF-8'), ('COLCON', '1'), ('VTE_VERSION', '6800'), ('CMAKE_PREFIX_PATH', '/opt/ros/humble')]), 'shell': False}
[0.199716] (-) TimerEvent: {}
[0.300272] (-) TimerEvent: {}
[0.400918] (-) TimerEvent: {}
[0.501491] (-) TimerEvent: {}
[0.602145] (-) TimerEvent: {}
[0.702628] (-) TimerEvent: {}
[0.803139] (-) TimerEvent: {}
[0.821744] (aws_robomaker_small_house_world) JobProgress: {'identifier': 'aws_robomaker_small_house_world', 'progress': 'cmake'}
[0.823328] (aws_robomaker_small_house_world) Command: {'cmd': ['/usr/bin/cmake', '/home/ashraful/HBRS/AMR/AMR_PROJECT/amr-team-bot/src/aws-robomaker-small-house-world', '-DCMAKE_INSTALL_PREFIX=/home/ashraful/HBRS/AMR/AMR_PROJECT/amr-team-bot/install/aws_robomaker_small_house_world'], 'cwd': '/home/ashraful/HBRS/AMR/AMR_PROJECT/amr-team-bot/build/aws_robomaker_small_house_world', 'env': OrderedDict([('LESSOPEN', '| /usr/bin/lesspipe %s'), ('USER', 'ashraful'), ('LC_TIME', 'de_DE.UTF-8'), ('XDG_SESSION_TYPE', 'wayland'), ('SHLVL', '1'), ('LD_LIBRARY_PATH', '/usr/lib/x86_64-linux-gnu/gazebo-11/plugins:/opt/ros/humble/opt/rviz_ogre_vendor/lib:/opt/ros/humble/lib/x86_64-linux-gnu:/opt/ros/humble/lib:/home/ashraful/.mujoco/mujoco-3.9.0/lib:/home/ashraful/.mujoco/mujoco-3.9.0/lib'), ('HOME', '/home/ashraful'), ('OLDPWD', '/home/ashraful/HBRS/AMR/AMR_PROJECT/amr-team-bot/src'), ('DESKTOP_SESSION', 'ubuntu'), ('ROS_PYTHON_VERSION', '3'), ('GNOME_SHELL_SESSION_MODE', 'ubuntu'), ('GTK_MODULES', 'gail:atk-bridge'), ('LC_MONETARY', 'de_DE.UTF-8'), ('MANAGERPID', '1723'), ('SYSTEMD_EXEC_PID', '2083'), ('DBUS_SESSION_BUS_ADDRESS', 'unix:path=/run/user/1000/bus'), ('COLORTERM', 'truecolor'), ('TERMINATOR_DBUS_NAME', 'net.tenshu.Terminator25ef4b219e3b005583550f2b0f9f990c3'), ('GIO_LAUNCHED_DESKTOP_FILE_PID', '87784'), ('IM_CONFIG_PHASE', '1'), ('WAYLAND_DISPLAY', 'wayland-0'), ('ROS_DISTRO', 'humble'), ('LOGNAME', 'ashraful'), ('JOURNAL_STREAM', '8:20533'), ('_', '/usr/bin/colcon'), ('ROS_VERSION', '2'), ('XDG_SESSION_CLASS', 'user'), ('USERNAME', 'ashraful'), ('TERM', 'xterm-256color'), ('GNOME_DESKTOP_SESSION_ID', 'this-is-deprecated'), ('ROS_LOCALHOST_ONLY', '0'), ('PATH', '/opt/ros/humble/bin:/home/ashraful/.local/bin:/usr/local/sbin:/usr/local/bin:/usr/sbin:/usr/bin:/sbin:/bin:/usr/games:/usr/local/games:/snap/bin:/snap/bin:/home/ashraful/.mujoco/mujoco-3.9.0/bin'), ('SESSION_MANAGER', 'local/ashraful:@/tmp/.ICE-unix/1865,unix/ashraful:/tmp/.ICE-unix/1865'), ('INVOCATION_ID', '8220aff1741a4be28484ee2ff67f3009'), ('XDG_MENU_PREFIX', 'gnome-'), ('LC_ADDRESS', 'de_DE.UTF-8'), ('GNOME_SETUP_DISPLAY', ':1'), ('XDG_RUNTIME_DIR', '/run/user/1000'), ('DISPLAY', ':0'), ('TERMINATOR_DBUS_PATH', '/net/tenshu/Terminator2'), ('LANG', 'en_US.UTF-8'), ('XDG_CURRENT_DESKTOP', 'ubuntu:GNOME'), ('IBUS_DISABLE_SNOOPER', '1'), ('LC_TELEPHONE', 'de_DE.UTF-8'), ('XMODIFIERS', '@im=ibus'), ('XDG_SESSION_DESKTOP', 'ubuntu'), ('XAUTHORITY', '/run/user/1000/.mutter-Xwaylandauth.RE1JW3'), ('LS_COLORS', 'rs=0:di=01;34:ln=01;36:mh=00:pi=40;33:so=01;35:do=01;35:bd=40;33;01:cd=40;33;01:or=40;31;01:mi=00:su=37;41:sg=30;43:ca=30;41:tw=30;42:ow=34;42:st=37;44:ex=01;32:*.tar=01;31:*.tgz=01;31:*.arc=01;31:*.arj=01;31:*.taz=01;31:*.lha=01;31:*.lz4=01;31:*.lzh=01;31:*.lzma=01;31:*.tlz=01;31:*.txz=01;31:*.tzo=01;31:*.t7z=01;31:*.zip=01;31:*.z=01;31:*.dz=01;31:*.gz=01;31:*.lrz=01;31:*.lz=01;31:*.lzo=01;31:*.xz=01;31:*.zst=01;31:*.tzst=01;31:*.bz2=01;31:*.bz=01;31:*.tbz=01;31:*.tbz2=01;31:*.tz=01;31:*.deb=01;31:*.rpm=01;31:*.jar=01;31:*.war=01;31:*.ear=01;31:*.sar=01;31:*.rar=01;31:*.alz=01;31:*.ace=01;31:*.zoo=01;31:*.cpio=01;31:*.7z=01;31:*.rz=01;31:*.cab=01;31:*.wim=01;31:*.swm=01;31:*.dwm=01;31:*.esd=01;31:*.jpg=01;35:*.jpeg=01;35:*.mjpg=01;35:*.mjpeg=01;35:*.gif=01;35:*.bmp=01;35:*.pbm=01;35:*.pgm=01;35:*.ppm=01;35:*.tga=01;35:*.xbm=01;35:*.xpm=01;35:*.tif=01;35:*.tiff=01;35:*.png=01;35:*.svg=01;35:*.svgz=01;35:*.mng=01;35:*.pcx=01;35:*.mov=01;35:*.mpg=01;35:*.mpeg=01;35:*.m2v=01;35:*.mkv=01;35:*.webm=01;35:*.webp=01;35:*.ogm=01;35:*.mp4=01;35:*.m4v=01;35:*.mp4v=01;35:*.vob=01;35:*.qt=01;35:*.nuv=01;35:*.wmv=01;35:*.asf=01;35:*.rm=01;35:*.rmvb=01;35:*.flc=01;35:*.avi=01;35:*.fli=01;35:*.flv=01;35:*.gl=01;35:*.dl=01;35:*.xcf=01;35:*.xwd=01;35:*.yuv=01;35:*.cgm=01;35:*.emf=01;35:*.ogv=01;35:*.ogx=01;35:*.aac=00;36:*.au=00;36:*.flac=00;36:*.m4a=00;36:*.mid=00;36:*.midi=00;36:*.mka=00;36:*.mp3=00;36:*.mpc=00;36:*.ogg=00;36:*.ra=00;36:*.wav=00;36:*.oga=00;36:*.opus=00;36:*.spx=00;36:*.xspf=00;36:'), ('SSH_AGENT_LAUNCHER', 'gnome-keyring'), ('SSH_AUTH_SOCK', '/run/user/1000/keyring/ssh'), ('AMENT_PREFIX_PATH', '/opt/ros/humble'), ('SHELL', '/bin/bash'), ('LC_NAME', 'de_DE.UTF-8'), ('TERMINATOR_UUID', 'urn:uuid:1c72cd59-31a6-4f1a-b61b-5502cd39b2d2'), ('QT_ACCESSIBILITY', '1'), ('GDMSESSION', 'ubuntu'), ('LESSCLOSE', '/usr/bin/lesspipe %s %s'), ('LC_MEASUREMENT', 'de_DE.UTF-8'), ('LC_IDENTIFICATION', 'de_DE.UTF-8'), ('QT_IM_MODULE', 'ibus'), ('PWD', '/home/ashraful/HBRS/AMR/AMR_PROJECT/amr-team-bot/build/aws_robomaker_small_house_world'), ('XDG_CONFIG_DIRS', '/etc/xdg/xdg-ubuntu:/etc/xdg'), ('XDG_DATA_DIRS', '/usr/share/ubuntu:/usr/local/share/:/usr/share/:/var/lib/snapd/desktop'), ('PYTHONPATH', '/opt/ros/humble/lib/python3.10/site-packages:/opt/ros/humble/local/lib/python3.10/dist-packages'), ('LC_NUMERIC', 'de_DE.UTF-8'), ('LC_PAPER', 'de_DE.UTF-8'), ('COLCON', '1'), ('VTE_VERSION', '6800'), ('CMAKE_PREFIX_PATH', '/opt/ros/humble')]), 'shell': False}
[0.903269] (-) TimerEvent: {}
[1.003776] (-) TimerEvent: {}
[1.104339] (-) TimerEvent: {}
[1.204902] (-) TimerEvent: {}
[1.305785] (-) TimerEvent: {}
[1.406476] (-) TimerEvent: {}
[1.507169] (-) TimerEvent: {}
[1.608248] (-) TimerEvent: {}
[1.708912] (-) TimerEvent: {}
[1.809662] (-) TimerEvent: {}
[1.910326] (-) TimerEvent: {}
[2.010971] (-) TimerEvent: {}
[2.111566] (-) TimerEvent: {}
[2.212207] (-) TimerEvent: {}
[2.312819] (-) TimerEvent: {}
[2.413379] (-) TimerEvent: {}
[2.514135] (-) TimerEvent: {}
[2.614693] (-) TimerEvent: {}
[2.715390] (-) TimerEvent: {}
[2.816049] (-) TimerEvent: {}
[2.916590] (-) TimerEvent: {}
[3.017379] (-) TimerEvent: {}
[3.118064] (-) TimerEvent: {}
[3.218774] (-) TimerEvent: {}
[3.235970] (robile_interfaces) StdoutLine: {'line': b'-- Found ament_cmake: 1.3.14 (/opt/ros/humble/share/ament_cmake/cmake)\n'}
[3.236586] (robile_interfaces) StdoutLine: {'line': b'-- Override CMake install command with custom implementation using symlinks instead of copying resources\n'}
[3.236841] (robile_interfaces) StdoutLine: {'line': b'-- Found builtin_interfaces: 1.2.3 (/opt/ros/humble/share/builtin_interfaces/cmake)\n'}
[3.237091] (robile_interfaces) StdoutLine: {'line': b'-- Found rosidl_generator_c: 3.1.9 (/opt/ros/humble/share/rosidl_generator_c/cmake)\n'}
[3.237988] (robile_interfaces) StdoutLine: {'line': b'-- Found rosidl_adapter: 3.1.9 (/opt/ros/humble/share/rosidl_adapter/cmake)\n'}
[3.238264] (robile_interfaces) StdoutLine: {'line': b'-- Found rosidl_generator_cpp: 3.1.9 (/opt/ros/humble/share/rosidl_generator_cpp/cmake)\n'}
[3.238491] (robile_interfaces) StdoutLine: {'line': b'-- Using all available rosidl_typesupport_c: rosidl_typesupport_fastrtps_c;rosidl_typesupport_introspection_c\n'}
[3.239906] (robile_interfaces) StdoutLine: {'line': b'-- Using all available rosidl_typesupport_cpp: rosidl_typesupport_fastrtps_cpp;rosidl_typesupport_introspection_cpp\n'}
[3.243846] (robile_interfaces) StdoutLine: {'line': b'-- Found rosidl_default_generators: 1.2.1 (/opt/ros/humble/share/rosidl_default_generators/cmake)\n'}
[3.244571] (robile_interfaces) StdoutLine: {'line': b'-- Found geometry_msgs: 4.9.2 (/opt/ros/humble/share/geometry_msgs/cmake)\n'}
[3.245015] (robile_interfaces) StdoutLine: {'line': b'-- Found ament_cmake_ros: 0.10.0 (/opt/ros/humble/share/ament_cmake_ros/cmake)\n'}
[3.245221] (robile_interfaces) StdoutLine: {'line': b'-- Using all available rosidl_typesupport_c: rosidl_typesupport_fastrtps_c;rosidl_typesupport_introspection_c\n'}
[3.245411] (aws_robomaker_small_house_world) StdoutLine: {'line': b'-- The C compiler identification is GNU 11.4.0\n'}
[3.245669] (aws_robomaker_small_house_world) StdoutLine: {'line': b'-- The CXX compiler identification is GNU 11.4.0\n'}
[3.245876] (aws_robomaker_small_house_world) StdoutLine: {'line': b'-- Detecting C compiler ABI info\n'}
[3.246062] (aws_robomaker_small_house_world) StdoutLine: {'line': b'-- Detecting C compiler ABI info - done\n'}
[3.246244] (aws_robomaker_small_house_world) StdoutLine: {'line': b'-- Check for working C compiler: /usr/bin/cc - skipped\n'}
[3.246424] (aws_robomaker_small_house_world) StdoutLine: {'line': b'-- Detecting C compile features\n'}
[3.248790] (aws_robomaker_small_house_world) StdoutLine: {'line': b'-- Detecting C compile features - done\n'}
[3.249140] (aws_robomaker_small_house_world) StdoutLine: {'line': b'-- Detecting CXX compiler ABI info\n'}
[3.249332] (aws_robomaker_small_house_world) StdoutLine: {'line': b'-- Detecting CXX compiler ABI info - done\n'}
[3.249531] (aws_robomaker_small_house_world) StdoutLine: {'line': b'-- Check for working CXX compiler: /usr/bin/c++ - skipped\n'}
[3.249802] (aws_robomaker_small_house_world) StdoutLine: {'line': b'-- Detecting CXX compile features\n'}
[3.250003] (aws_robomaker_small_house_world) StdoutLine: {'line': b'-- Detecting CXX compile features - done\n'}
[3.250241] (aws_robomaker_small_house_world) StdoutLine: {'line': b'-- Found ament_cmake_ros: 0.10.0 (/opt/ros/humble/share/ament_cmake_ros/cmake)\n'}
[3.250494] (aws_robomaker_small_house_world) StdoutLine: {'line': b'-- Found Python3: /usr/bin/python3 (found version "3.10.12") found components: Interpreter \n'}
[3.250923] (aws_robomaker_small_house_world) StdoutLine: {'line': b'-- Configuring done\n'}
[3.251180] (aws_robomaker_small_house_world) StdoutLine: {'line': b'-- Generating done\n'}
[3.251403] (aws_robomaker_small_house_world) StdoutLine: {'line': b'-- Build files have been written to: /home/ashraful/HBRS/AMR/AMR_PROJECT/amr-team-bot/build/aws_robomaker_small_house_world\n'}
[3.311625] (robile_interfaces) StdoutLine: {'line': b'-- Using all available rosidl_typesupport_cpp: rosidl_typesupport_fastrtps_cpp;rosidl_typesupport_introspection_cpp\n'}
[3.319108] (-) TimerEvent: {}
[3.374544] (robile_interfaces) StdoutLine: {'line': b'-- Found python_cmake_module: 0.10.0 (/opt/ros/humble/share/python_cmake_module/cmake)\n'}
[3.419585] (-) TimerEvent: {}
[3.447119] (robile_interfaces) StdoutLine: {'line': b'-- Using PYTHON_EXECUTABLE: /usr/bin/python3\n'}
[3.447847] (robile_interfaces) StdoutLine: {'line': b'-- Using PYTHON_INCLUDE_DIRS: /usr/include/python3.10\n'}
[3.448063] (robile_interfaces) StdoutLine: {'line': b'-- Using PYTHON_LIBRARIES: /usr/lib/x86_64-linux-gnu/libpython3.10.so\n'}
[3.519722] (-) TimerEvent: {}
[3.620392] (-) TimerEvent: {}
[3.720987] (-) TimerEvent: {}
[3.759108] (robile_interfaces) StdoutLine: {'line': b'-- Configuring done\n'}
[3.821154] (-) TimerEvent: {}
[3.882907] (robile_interfaces) StdoutLine: {'line': b'-- Generating done\n'}
[3.916604] (robile_interfaces) StdoutLine: {'line': b'-- Build files have been written to: /home/ashraful/HBRS/AMR/AMR_PROJECT/amr-team-bot/build/robile_interfaces\n'}
[3.921284] (-) TimerEvent: {}
[3.993081] (robile_description) CommandEnded: {'returncode': 0}
[3.994885] (robile_description) JobProgress: {'identifier': 'robile_description', 'progress': 'install'}
[4.014771] (robile_description) Command: {'cmd': ['/usr/bin/cmake', '--install', '/home/ashraful/HBRS/AMR/AMR_PROJECT/amr-team-bot/build/robile_description'], 'cwd': '/home/ashraful/HBRS/AMR/AMR_PROJECT/amr-team-bot/build/robile_description', 'env': OrderedDict([('LESSOPEN', '| /usr/bin/lesspipe %s'), ('USER', 'ashraful'), ('LC_TIME', 'de_DE.UTF-8'), ('XDG_SESSION_TYPE', 'wayland'), ('SHLVL', '1'), ('LD_LIBRARY_PATH', '/usr/lib/x86_64-linux-gnu/gazebo-11/plugins:/opt/ros/humble/opt/rviz_ogre_vendor/lib:/opt/ros/humble/lib/x86_64-linux-gnu:/opt/ros/humble/lib:/home/ashraful/.mujoco/mujoco-3.9.0/lib:/home/ashraful/.mujoco/mujoco-3.9.0/lib'), ('HOME', '/home/ashraful'), ('OLDPWD', '/home/ashraful/HBRS/AMR/AMR_PROJECT/amr-team-bot/src'), ('DESKTOP_SESSION', 'ubuntu'), ('ROS_PYTHON_VERSION', '3'), ('GNOME_SHELL_SESSION_MODE', 'ubuntu'), ('GTK_MODULES', 'gail:atk-bridge'), ('LC_MONETARY', 'de_DE.UTF-8'), ('MANAGERPID', '1723'), ('SYSTEMD_EXEC_PID', '2083'), ('DBUS_SESSION_BUS_ADDRESS', 'unix:path=/run/user/1000/bus'), ('COLORTERM', 'truecolor'), ('TERMINATOR_DBUS_NAME', 'net.tenshu.Terminator25ef4b219e3b005583550f2b0f9f990c3'), ('GIO_LAUNCHED_DESKTOP_FILE_PID', '87784'), ('IM_CONFIG_PHASE', '1'), ('WAYLAND_DISPLAY', 'wayland-0'), ('ROS_DISTRO', 'humble'), ('LOGNAME', 'ashraful'), ('JOURNAL_STREAM', '8:20533'), ('_', '/usr/bin/colcon'), ('ROS_VERSION', '2'), ('XDG_SESSION_CLASS', 'user'), ('USERNAME', 'ashraful'), ('TERM', 'xterm-256color'), ('GNOME_DESKTOP_SESSION_ID', 'this-is-deprecated'), ('ROS_LOCALHOST_ONLY', '0'), ('PATH', '/opt/ros/humble/bin:/home/ashraful/.local/bin:/usr/local/sbin:/usr/local/bin:/usr/sbin:/usr/bin:/sbin:/bin:/usr/games:/usr/local/games:/snap/bin:/snap/bin:/home/ashraful/.mujoco/mujoco-3.9.0/bin'), ('SESSION_MANAGER', 'local/ashraful:@/tmp/.ICE-unix/1865,unix/ashraful:/tmp/.ICE-unix/1865'), ('INVOCATION_ID', '8220aff1741a4be28484ee2ff67f3009'), ('XDG_MENU_PREFIX', 'gnome-'), ('LC_ADDRESS', 'de_DE.UTF-8'), ('GNOME_SETUP_DISPLAY', ':1'), ('XDG_RUNTIME_DIR', '/run/user/1000'), ('DISPLAY', ':0'), ('TERMINATOR_DBUS_PATH', '/net/tenshu/Terminator2'), ('LANG', 'en_US.UTF-8'), ('XDG_CURRENT_DESKTOP', 'ubuntu:GNOME'), ('IBUS_DISABLE_SNOOPER', '1'), ('LC_TELEPHONE', 'de_DE.UTF-8'), ('XMODIFIERS', '@im=ibus'), ('XDG_SESSION_DESKTOP', 'ubuntu'), ('XAUTHORITY', '/run/user/1000/.mutter-Xwaylandauth.RE1JW3'), ('LS_COLORS', 'rs=0:di=01;34:ln=01;36:mh=00:pi=40;33:so=01;35:do=01;35:bd=40;33;01:cd=40;33;01:or=40;31;01:mi=00:su=37;41:sg=30;43:ca=30;41:tw=30;42:ow=34;42:st=37;44:ex=01;32:*.tar=01;31:*.tgz=01;31:*.arc=01;31:*.arj=01;31:*.taz=01;31:*.lha=01;31:*.lz4=01;31:*.lzh=01;31:*.lzma=01;31:*.tlz=01;31:*.txz=01;31:*.tzo=01;31:*.t7z=01;31:*.zip=01;31:*.z=01;31:*.dz=01;31:*.gz=01;31:*.lrz=01;31:*.lz=01;31:*.lzo=01;31:*.xz=01;31:*.zst=01;31:*.tzst=01;31:*.bz2=01;31:*.bz=01;31:*.tbz=01;31:*.tbz2=01;31:*.tz=01;31:*.deb=01;31:*.rpm=01;31:*.jar=01;31:*.war=01;31:*.ear=01;31:*.sar=01;31:*.rar=01;31:*.alz=01;31:*.ace=01;31:*.zoo=01;31:*.cpio=01;31:*.7z=01;31:*.rz=01;31:*.cab=01;31:*.wim=01;31:*.swm=01;31:*.dwm=01;31:*.esd=01;31:*.jpg=01;35:*.jpeg=01;35:*.mjpg=01;35:*.mjpeg=01;35:*.gif=01;35:*.bmp=01;35:*.pbm=01;35:*.pgm=01;35:*.ppm=01;35:*.tga=01;35:*.xbm=01;35:*.xpm=01;35:*.tif=01;35:*.tiff=01;35:*.png=01;35:*.svg=01;35:*.svgz=01;35:*.mng=01;35:*.pcx=01;35:*.mov=01;35:*.mpg=01;35:*.mpeg=01;35:*.m2v=01;35:*.mkv=01;35:*.webm=01;35:*.webp=01;35:*.ogm=01;35:*.mp4=01;35:*.m4v=01;35:*.mp4v=01;35:*.vob=01;35:*.qt=01;35:*.nuv=01;35:*.wmv=01;35:*.asf=01;35:*.rm=01;35:*.rmvb=01;35:*.flc=01;35:*.avi=01;35:*.fli=01;35:*.flv=01;35:*.gl=01;35:*.dl=01;35:*.xcf=01;35:*.xwd=01;35:*.yuv=01;35:*.cgm=01;35:*.emf=01;35:*.ogv=01;35:*.ogx=01;35:*.aac=00;36:*.au=00;36:*.flac=00;36:*.m4a=00;36:*.mid=00;36:*.midi=00;36:*.mka=00;36:*.mp3=00;36:*.mpc=00;36:*.ogg=00;36:*.ra=00;36:*.wav=00;36:*.oga=00;36:*.opus=00;36:*.spx=00;36:*.xspf=00;36:'), ('SSH_AGENT_LAUNCHER', 'gnome-keyring'), ('SSH_AUTH_SOCK', '/run/user/1000/keyring/ssh'), ('AMENT_PREFIX_PATH', '/opt/ros/humble'), ('SHELL', '/bin/bash'), ('LC_NAME', 'de_DE.UTF-8'), ('TERMINATOR_UUID', 'urn:uuid:1c72cd59-31a6-4f1a-b61b-5502cd39b2d2'), ('QT_ACCESSIBILITY', '1'), ('GDMSESSION', 'ubuntu'), ('LESSCLOSE', '/usr/bin/lesspipe %s %s'), ('LC_MEASUREMENT', 'de_DE.UTF-8'), ('LC_IDENTIFICATION', 'de_DE.UTF-8'), ('QT_IM_MODULE', 'ibus'), ('PWD', '/home/ashraful/HBRS/AMR/AMR_PROJECT/amr-team-bot/build/robile_description'), ('XDG_CONFIG_DIRS', '/etc/xdg/xdg-ubuntu:/etc/xdg'), ('XDG_DATA_DIRS', '/usr/share/ubuntu:/usr/local/share/:/usr/share/:/var/lib/snapd/desktop'), ('PYTHONPATH', '/opt/ros/humble/lib/python3.10/site-packages:/opt/ros/humble/local/lib/python3.10/dist-packages'), ('LC_NUMERIC', 'de_DE.UTF-8'), ('LC_PAPER', 'de_DE.UTF-8'), ('COLCON', '1'), ('VTE_VERSION', '6800'), ('CMAKE_PREFIX_PATH', '/opt/ros/humble')]), 'shell': False}
[4.016361] (aws_robomaker_small_house_world) CommandEnded: {'returncode': 0}
[4.017412] (aws_robomaker_small_house_world) JobProgress: {'identifier': 'aws_robomaker_small_house_world', 'progress': 'build'}
[4.018931] (aws_robomaker_small_house_world) Command: {'cmd': ['/usr/bin/cmake', '--build', '/home/ashraful/HBRS/AMR/AMR_PROJECT/amr-team-bot/build/aws_robomaker_small_house_world', '--', '-j8', '-l8'], 'cwd': '/home/ashraful/HBRS/AMR/AMR_PROJECT/amr-team-bot/build/aws_robomaker_small_house_world', 'env': OrderedDict([('LESSOPEN', '| /usr/bin/lesspipe %s'), ('USER', 'ashraful'), ('LC_TIME', 'de_DE.UTF-8'), ('XDG_SESSION_TYPE', 'wayland'), ('SHLVL', '1'), ('LD_LIBRARY_PATH', '/usr/lib/x86_64-linux-gnu/gazebo-11/plugins:/opt/ros/humble/opt/rviz_ogre_vendor/lib:/opt/ros/humble/lib/x86_64-linux-gnu:/opt/ros/humble/lib:/home/ashraful/.mujoco/mujoco-3.9.0/lib:/home/ashraful/.mujoco/mujoco-3.9.0/lib'), ('HOME', '/home/ashraful'), ('OLDPWD', '/home/ashraful/HBRS/AMR/AMR_PROJECT/amr-team-bot/src'), ('DESKTOP_SESSION', 'ubuntu'), ('ROS_PYTHON_VERSION', '3'), ('GNOME_SHELL_SESSION_MODE', 'ubuntu'), ('GTK_MODULES', 'gail:atk-bridge'), ('LC_MONETARY', 'de_DE.UTF-8'), ('MANAGERPID', '1723'), ('SYSTEMD_EXEC_PID', '2083'), ('DBUS_SESSION_BUS_ADDRESS', 'unix:path=/run/user/1000/bus'), ('COLORTERM', 'truecolor'), ('TERMINATOR_DBUS_NAME', 'net.tenshu.Terminator25ef4b219e3b005583550f2b0f9f990c3'), ('GIO_LAUNCHED_DESKTOP_FILE_PID', '87784'), ('IM_CONFIG_PHASE', '1'), ('WAYLAND_DISPLAY', 'wayland-0'), ('ROS_DISTRO', 'humble'), ('LOGNAME', 'ashraful'), ('JOURNAL_STREAM', '8:20533'), ('_', '/usr/bin/colcon'), ('ROS_VERSION', '2'), ('XDG_SESSION_CLASS', 'user'), ('USERNAME', 'ashraful'), ('TERM', 'xterm-256color'), ('GNOME_DESKTOP_SESSION_ID', 'this-is-deprecated'), ('ROS_LOCALHOST_ONLY', '0'), ('PATH', '/opt/ros/humble/bin:/home/ashraful/.local/bin:/usr/local/sbin:/usr/local/bin:/usr/sbin:/usr/bin:/sbin:/bin:/usr/games:/usr/local/games:/snap/bin:/snap/bin:/home/ashraful/.mujoco/mujoco-3.9.0/bin'), ('SESSION_MANAGER', 'local/ashraful:@/tmp/.ICE-unix/1865,unix/ashraful:/tmp/.ICE-unix/1865'), ('INVOCATION_ID', '8220aff1741a4be28484ee2ff67f3009'), ('XDG_MENU_PREFIX', 'gnome-'), ('LC_ADDRESS', 'de_DE.UTF-8'), ('GNOME_SETUP_DISPLAY', ':1'), ('XDG_RUNTIME_DIR', '/run/user/1000'), ('DISPLAY', ':0'), ('TERMINATOR_DBUS_PATH', '/net/tenshu/Terminator2'), ('LANG', 'en_US.UTF-8'), ('XDG_CURRENT_DESKTOP', 'ubuntu:GNOME'), ('IBUS_DISABLE_SNOOPER', '1'), ('LC_TELEPHONE', 'de_DE.UTF-8'), ('XMODIFIERS', '@im=ibus'), ('XDG_SESSION_DESKTOP', 'ubuntu'), ('XAUTHORITY', '/run/user/1000/.mutter-Xwaylandauth.RE1JW3'), ('LS_COLORS', 'rs=0:di=01;34:ln=01;36:mh=00:pi=40;33:so=01;35:do=01;35:bd=40;33;01:cd=40;33;01:or=40;31;01:mi=00:su=37;41:sg=30;43:ca=30;41:tw=30;42:ow=34;42:st=37;44:ex=01;32:*.tar=01;31:*.tgz=01;31:*.arc=01;31:*.arj=01;31:*.taz=01;31:*.lha=01;31:*.lz4=01;31:*.lzh=01;31:*.lzma=01;31:*.tlz=01;31:*.txz=01;31:*.tzo=01;31:*.t7z=01;31:*.zip=01;31:*.z=01;31:*.dz=01;31:*.gz=01;31:*.lrz=01;31:*.lz=01;31:*.lzo=01;31:*.xz=01;31:*.zst=01;31:*.tzst=01;31:*.bz2=01;31:*.bz=01;31:*.tbz=01;31:*.tbz2=01;31:*.tz=01;31:*.deb=01;31:*.rpm=01;31:*.jar=01;31:*.war=01;31:*.ear=01;31:*.sar=01;31:*.rar=01;31:*.alz=01;31:*.ace=01;31:*.zoo=01;31:*.cpio=01;31:*.7z=01;31:*.rz=01;31:*.cab=01;31:*.wim=01;31:*.swm=01;31:*.dwm=01;31:*.esd=01;31:*.jpg=01;35:*.jpeg=01;35:*.mjpg=01;35:*.mjpeg=01;35:*.gif=01;35:*.bmp=01;35:*.pbm=01;35:*.pgm=01;35:*.ppm=01;35:*.tga=01;35:*.xbm=01;35:*.xpm=01;35:*.tif=01;35:*.tiff=01;35:*.png=01;35:*.svg=01;35:*.svgz=01;35:*.mng=01;35:*.pcx=01;35:*.mov=01;35:*.mpg=01;35:*.mpeg=01;35:*.m2v=01;35:*.mkv=01;35:*.webm=01;35:*.webp=01;35:*.ogm=01;35:*.mp4=01;35:*.m4v=01;35:*.mp4v=01;35:*.vob=01;35:*.qt=01;35:*.nuv=01;35:*.wmv=01;35:*.asf=01;35:*.rm=01;35:*.rmvb=01;35:*.flc=01;35:*.avi=01;35:*.fli=01;35:*.flv=01;35:*.gl=01;35:*.dl=01;35:*.xcf=01;35:*.xwd=01;35:*.yuv=01;35:*.cgm=01;35:*.emf=01;35:*.ogv=01;35:*.ogx=01;35:*.aac=00;36:*.au=00;36:*.flac=00;36:*.m4a=00;36:*.mid=00;36:*.midi=00;36:*.mka=00;36:*.mp3=00;36:*.mpc=00;36:*.ogg=00;36:*.ra=00;36:*.wav=00;36:*.oga=00;36:*.opus=00;36:*.spx=00;36:*.xspf=00;36:'), ('SSH_AGENT_LAUNCHER', 'gnome-keyring'), ('SSH_AUTH_SOCK', '/run/user/1000/keyring/ssh'), ('AMENT_PREFIX_PATH', '/opt/ros/humble'), ('SHELL', '/bin/bash'), ('LC_NAME', 'de_DE.UTF-8'), ('TERMINATOR_UUID', 'urn:uuid:1c72cd59-31a6-4f1a-b61b-5502cd39b2d2'), ('QT_ACCESSIBILITY', '1'), ('GDMSESSION', 'ubuntu'), ('LESSCLOSE', '/usr/bin/lesspipe %s %s'), ('LC_MEASUREMENT', 'de_DE.UTF-8'), ('LC_IDENTIFICATION', 'de_DE.UTF-8'), ('QT_IM_MODULE', 'ibus'), ('PWD', '/home/ashraful/HBRS/AMR/AMR_PROJECT/amr-team-bot/build/aws_robomaker_small_house_world'), ('XDG_CONFIG_DIRS', '/etc/xdg/xdg-ubuntu:/etc/xdg'), ('XDG_DATA_DIRS', '/usr/share/ubuntu:/usr/local/share/:/usr/share/:/var/lib/snapd/desktop'), ('PYTHONPATH', '/opt/ros/humble/lib/python3.10/site-packages:/opt/ros/humble/local/lib/python3.10/dist-packages'), ('LC_NUMERIC', 'de_DE.UTF-8'), ('LC_PAPER', 'de_DE.UTF-8'), ('COLCON', '1'), ('VTE_VERSION', '6800'), ('CMAKE_PREFIX_PATH', '/opt/ros/humble')]), 'shell': False}
[4.023091] (-) TimerEvent: {}
[4.033010] (robile_description) StdoutLine: {'line': b'-- Install configuration: ""\n'}
[4.036179] (robile_description) StdoutLine: {'line': b'-- Execute custom install script\n'}
[4.036726] (robile_description) StdoutLine: {'line': b'-- Up-to-date symlink: /home/ashraful/HBRS/AMR/AMR_PROJECT/amr-team-bot/install/robile_description/share/robile_description//meshes/kelo_drive/kelo_drive_base.dae\n'}
[4.038244] (robile_description) StdoutLine: {'line': b'-- Up-to-date symlink: /home/ashraful/HBRS/AMR/AMR_PROJECT/amr-team-bot/install/robile_description/share/robile_description//meshes/kelo_drive/kelo_drive_wheel.dae\n'}
[4.040772] (robile_description) StdoutLine: {'line': b'-- Up-to-date symlink: /home/ashraful/HBRS/AMR/AMR_PROJECT/amr-team-bot/install/robile_description/share/robile_description//meshes/passive_caster_wheel/pivot.dae\n'}
[4.042092] (robile_description) StdoutLine: {'line': b'-- Up-to-date symlink: /home/ashraful/HBRS/AMR/AMR_PROJECT/amr-team-bot/install/robile_description/share/robile_description//meshes/passive_caster_wheel/wheel.dae\n'}
[4.045254] (robile_description) StdoutLine: {'line': b'-- Up-to-date symlink: /home/ashraful/HBRS/AMR/AMR_PROJECT/amr-team-bot/install/robile_description/share/robile_description//meshes/robile_brick_housing/general_brick_housing.dae\n'}
[4.045568] (robile_description) StdoutLine: {'line': b'-- Up-to-date symlink: /home/ashraful/HBRS/AMR/AMR_PROJECT/amr-team-bot/install/robile_description/share/robile_description//meshes/robile_brick_housing/lid.dae\n'}
[4.045825] (robile_description) StdoutLine: {'line': b'-- Up-to-date symlink: /home/ashraful/HBRS/AMR/AMR_PROJECT/amr-team-bot/install/robile_description/share/robile_description//meshes/robile_brick_housing/lid_cover_blue.dae\n'}
[4.046388] (robile_description) StdoutLine: {'line': b'-- Up-to-date symlink: /home/ashraful/HBRS/AMR/AMR_PROJECT/amr-team-bot/install/robile_description/share/robile_description//meshes/robile_brick_housing/lid_cover_green.dae\n'}
[4.048929] (robile_description) StdoutLine: {'line': b'-- Up-to-date symlink: /home/ashraful/HBRS/AMR/AMR_PROJECT/amr-team-bot/install/robile_description/share/robile_description//meshes/robile_brick_housing/lid_cover_red.dae\n'}
[4.054400] (robile_description) StdoutLine: {'line': b'-- Up-to-date symlink: /home/ashraful/HBRS/AMR/AMR_PROJECT/amr-team-bot/install/robile_description/share/robile_description//meshes/robile_brick_housing/lid_cover_yellow.dae\n'}
[4.057702] (robile_description) StdoutLine: {'line': b'-- Up-to-date symlink: /home/ashraful/HBRS/AMR/AMR_PROJECT/amr-team-bot/install/robile_description/share/robile_description//meshes/robile_brick_housing/wheeled_brick_housing.dae\n'}
[4.058372] (robile_description) StdoutLine: {'line': b'-- Up-to-date symlink: /home/ashraful/HBRS/AMR/AMR_PROJECT/amr-team-bot/install/robile_description/share/robile_description//meshes/sensors/hokuyo.dae\n'}
[4.058922] (robile_description) StdoutLine: {'line': b'-- Up-to-date symlink: /home/ashraful/HBRS/AMR/AMR_PROJECT/amr-team-bot/install/robile_description/share/robile_description//meshes/sensors/hokuyo_convex.dae\n'}
[4.061123] (robile_description) StdoutLine: {'line': b'-- Up-to-date symlink: /home/ashraful/HBRS/AMR/AMR_PROJECT/amr-team-bot/install/robile_description/share/robile_description//meshes/sensors/sick-lms1xx.dae\n'}
[4.061372] (robile_description) StdoutLine: {'line': b'-- Up-to-date symlink: /home/ashraful/HBRS/AMR/AMR_PROJECT/amr-team-bot/install/robile_description/share/robile_description//robots/2_wheel_config.urdf.xacro\n'}
[4.061614] (robile_description) StdoutLine: {'line': b'-- Up-to-date symlink: /home/ashraful/HBRS/AMR/AMR_PROJECT/amr-team-bot/install/robile_description/share/robile_description//robots/4_wheel_config.urdf.xacro\n'}
[4.061821] (robile_description) StdoutLine: {'line': b'-- Up-to-date symlink: /home/ashraful/HBRS/AMR/AMR_PROJECT/amr-team-bot/install/robile_description/share/robile_description//robots/6_wheel_config.urdf.xacro\n'}
[4.062023] (robile_description) StdoutLine: {'line': b'-- Up-to-date symlink: /home/ashraful/HBRS/AMR/AMR_PROJECT/amr-team-bot/install/robile_description/share/robile_description//robots/robile3_config.urdf.xacro\n'}
[4.062222] (robile_description) StdoutLine: {'line': b'-- Up-to-date symlink: /home/ashraful/HBRS/AMR/AMR_PROJECT/amr-team-bot/install/robile_description/share/robile_description//urdf/base_macros/brick_housing.urdf.xacro\n'}
[4.062457] (robile_description) StdoutLine: {'line': b'-- Up-to-date symlink: /home/ashraful/HBRS/AMR/AMR_PROJECT/amr-team-bot/install/robile_description/share/robile_description//urdf/base_macros/common.xacro\n'}
[4.062694] (robile_description) StdoutLine: {'line': b'-- Up-to-date symlink: /home/ashraful/HBRS/AMR/AMR_PROJECT/amr-team-bot/install/robile_description/share/robile_description//urdf/base_macros/kelo_drive.urdf.xacro\n'}
[4.062893] (robile_interfaces) CommandEnded: {'returncode': 0}
[4.071131] (robile_description) StdoutLine: {'line': b'-- Up-to-date symlink: /home/ashraful/HBRS/AMR/AMR_PROJECT/amr-team-bot/install/robile_description/share/robile_description//urdf/base_macros/kelo_drive_wheel.urdf.xacro\n'}
[4.071814] (robile_interfaces) JobProgress: {'identifier': 'robile_interfaces', 'progress': 'build'}
[4.071976] (robile_description) StdoutLine: {'line': b'-- Up-to-date symlink: /home/ashraful/HBRS/AMR/AMR_PROJECT/amr-team-bot/install/robile_description/share/robile_description//urdf/base_macros/materials.urdf.xacro\n'}
[4.073734] (robile_interfaces) Command: {'cmd': ['/usr/bin/cmake', '--build', '/home/ashraful/HBRS/AMR/AMR_PROJECT/amr-team-bot/build/robile_interfaces', '--', '-j8', '-l8'], 'cwd': '/home/ashraful/HBRS/AMR/AMR_PROJECT/amr-team-bot/build/robile_interfaces', 'env': OrderedDict([('LESSOPEN', '| /usr/bin/lesspipe %s'), ('USER', 'ashraful'), ('LC_TIME', 'de_DE.UTF-8'), ('XDG_SESSION_TYPE', 'wayland'), ('SHLVL', '1'), ('LD_LIBRARY_PATH', '/usr/lib/x86_64-linux-gnu/gazebo-11/plugins:/opt/ros/humble/opt/rviz_ogre_vendor/lib:/opt/ros/humble/lib/x86_64-linux-gnu:/opt/ros/humble/lib:/home/ashraful/.mujoco/mujoco-3.9.0/lib:/home/ashraful/.mujoco/mujoco-3.9.0/lib'), ('HOME', '/home/ashraful'), ('OLDPWD', '/home/ashraful/HBRS/AMR/AMR_PROJECT/amr-team-bot/src'), ('DESKTOP_SESSION', 'ubuntu'), ('ROS_PYTHON_VERSION', '3'), ('GNOME_SHELL_SESSION_MODE', 'ubuntu'), ('GTK_MODULES', 'gail:atk-bridge'), ('LC_MONETARY', 'de_DE.UTF-8'), ('MANAGERPID', '1723'), ('SYSTEMD_EXEC_PID', '2083'), ('DBUS_SESSION_BUS_ADDRESS', 'unix:path=/run/user/1000/bus'), ('COLORTERM', 'truecolor'), ('TERMINATOR_DBUS_NAME', 'net.tenshu.Terminator25ef4b219e3b005583550f2b0f9f990c3'), ('GIO_LAUNCHED_DESKTOP_FILE_PID', '87784'), ('IM_CONFIG_PHASE', '1'), ('WAYLAND_DISPLAY', 'wayland-0'), ('ROS_DISTRO', 'humble'), ('LOGNAME', 'ashraful'), ('JOURNAL_STREAM', '8:20533'), ('_', '/usr/bin/colcon'), ('ROS_VERSION', '2'), ('XDG_SESSION_CLASS', 'user'), ('USERNAME', 'ashraful'), ('TERM', 'xterm-256color'), ('GNOME_DESKTOP_SESSION_ID', 'this-is-deprecated'), ('ROS_LOCALHOST_ONLY', '0'), ('PATH', '/opt/ros/humble/bin:/home/ashraful/.local/bin:/usr/local/sbin:/usr/local/bin:/usr/sbin:/usr/bin:/sbin:/bin:/usr/games:/usr/local/games:/snap/bin:/snap/bin:/home/ashraful/.mujoco/mujoco-3.9.0/bin'), ('SESSION_MANAGER', 'local/ashraful:@/tmp/.ICE-unix/1865,unix/ashraful:/tmp/.ICE-unix/1865'), ('INVOCATION_ID', '8220aff1741a4be28484ee2ff67f3009'), ('XDG_MENU_PREFIX', 'gnome-'), ('LC_ADDRESS', 'de_DE.UTF-8'), ('GNOME_SETUP_DISPLAY', ':1'), ('XDG_RUNTIME_DIR', '/run/user/1000'), ('DISPLAY', ':0'), ('TERMINATOR_DBUS_PATH', '/net/tenshu/Terminator2'), ('LANG', 'en_US.UTF-8'), ('XDG_CURRENT_DESKTOP', 'ubuntu:GNOME'), ('IBUS_DISABLE_SNOOPER', '1'), ('LC_TELEPHONE', 'de_DE.UTF-8'), ('XMODIFIERS', '@im=ibus'), ('XDG_SESSION_DESKTOP', 'ubuntu'), ('XAUTHORITY', '/run/user/1000/.mutter-Xwaylandauth.RE1JW3'), ('LS_COLORS', 'rs=0:di=01;34:ln=01;36:mh=00:pi=40;33:so=01;35:do=01;35:bd=40;33;01:cd=40;33;01:or=40;31;01:mi=00:su=37;41:sg=30;43:ca=30;41:tw=30;42:ow=34;42:st=37;44:ex=01;32:*.tar=01;31:*.tgz=01;31:*.arc=01;31:*.arj=01;31:*.taz=01;31:*.lha=01;31:*.lz4=01;31:*.lzh=01;31:*.lzma=01;31:*.tlz=01;31:*.txz=01;31:*.tzo=01;31:*.t7z=01;31:*.zip=01;31:*.z=01;31:*.dz=01;31:*.gz=01;31:*.lrz=01;31:*.lz=01;31:*.lzo=01;31:*.xz=01;31:*.zst=01;31:*.tzst=01;31:*.bz2=01;31:*.bz=01;31:*.tbz=01;31:*.tbz2=01;31:*.tz=01;31:*.deb=01;31:*.rpm=01;31:*.jar=01;31:*.war=01;31:*.ear=01;31:*.sar=01;31:*.rar=01;31:*.alz=01;31:*.ace=01;31:*.zoo=01;31:*.cpio=01;31:*.7z=01;31:*.rz=01;31:*.cab=01;31:*.wim=01;31:*.swm=01;31:*.dwm=01;31:*.esd=01;31:*.jpg=01;35:*.jpeg=01;35:*.mjpg=01;35:*.mjpeg=01;35:*.gif=01;35:*.bmp=01;35:*.pbm=01;35:*.pgm=01;35:*.ppm=01;35:*.tga=01;35:*.xbm=01;35:*.xpm=01;35:*.tif=01;35:*.tiff=01;35:*.png=01;35:*.svg=01;35:*.svgz=01;35:*.mng=01;35:*.pcx=01;35:*.mov=01;35:*.mpg=01;35:*.mpeg=01;35:*.m2v=01;35:*.mkv=01;35:*.webm=01;35:*.webp=01;35:*.ogm=01;35:*.mp4=01;35:*.m4v=01;35:*.mp4v=01;35:*.vob=01;35:*.qt=01;35:*.nuv=01;35:*.wmv=01;35:*.asf=01;35:*.rm=01;35:*.rmvb=01;35:*.flc=01;35:*.avi=01;35:*.fli=01;35:*.flv=01;35:*.gl=01;35:*.dl=01;35:*.xcf=01;35:*.xwd=01;35:*.yuv=01;35:*.cgm=01;35:*.emf=01;35:*.ogv=01;35:*.ogx=01;35:*.aac=00;36:*.au=00;36:*.flac=00;36:*.m4a=00;36:*.mid=00;36:*.midi=00;36:*.mka=00;36:*.mp3=00;36:*.mpc=00;36:*.ogg=00;36:*.ra=00;36:*.wav=00;36:*.oga=00;36:*.opus=00;36:*.spx=00;36:*.xspf=00;36:'), ('SSH_AGENT_LAUNCHER', 'gnome-keyring'), ('SSH_AUTH_SOCK', '/run/user/1000/keyring/ssh'), ('AMENT_PREFIX_PATH', '/opt/ros/humble'), ('SHELL', '/bin/bash'), ('LC_NAME', 'de_DE.UTF-8'), ('TERMINATOR_UUID', 'urn:uuid:1c72cd59-31a6-4f1a-b61b-5502cd39b2d2'), ('QT_ACCESSIBILITY', '1'), ('GDMSESSION', 'ubuntu'), ('LESSCLOSE', '/usr/bin/lesspipe %s %s'), ('LC_MEASUREMENT', 'de_DE.UTF-8'), ('LC_IDENTIFICATION', 'de_DE.UTF-8'), ('QT_IM_MODULE', 'ibus'), ('PWD', '/home/ashraful/HBRS/AMR/AMR_PROJECT/amr-team-bot/build/robile_interfaces'), ('XDG_CONFIG_DIRS', '/etc/xdg/xdg-ubuntu:/etc/xdg'), ('XDG_DATA_DIRS', '/usr/share/ubuntu:/usr/local/share/:/usr/share/:/var/lib/snapd/desktop'), ('PYTHONPATH', '/opt/ros/humble/lib/python3.10/site-packages:/opt/ros/humble/local/lib/python3.10/dist-packages'), ('LC_NUMERIC', 'de_DE.UTF-8'), ('LC_PAPER', 'de_DE.UTF-8'), ('COLCON', '1'), ('VTE_VERSION', '6800'), ('CMAKE_PREFIX_PATH', '/opt/ros/humble')]), 'shell': False}
[4.083555] (robile_description) StdoutLine: {'line': b'-- Up-to-date symlink: /home/ashraful/HBRS/AMR/AMR_PROJECT/amr-team-bot/install/robile_description/share/robile_description//urdf/base_macros/passive_caster_wheel.urdf.xacro\n'}
[4.085540] (robile_description) StdoutLine: {'line': b'-- Up-to-date symlink: /home/ashraful/HBRS/AMR/AMR_PROJECT/amr-team-bot/install/robile_description/share/robile_description//urdf/robile_bricks/robile_active_wheel_brick.urdf.xacro\n'}
[4.087248] (robile_description) StdoutLine: {'line': b'-- Up-to-date symlink: /home/ashraful/HBRS/AMR/AMR_PROJECT/amr-team-bot/install/robile_description/share/robile_description//urdf/robile_bricks/robile_cpu_brick.urdf.xacro\n'}
[4.090041] (robile_description) StdoutLine: {'line': b'-- Up-to-date symlink: /home/ashraful/HBRS/AMR/AMR_PROJECT/amr-team-bot/install/robile_description/share/robile_description//urdf/robile_bricks/robile_empty_brick.urdf.xacro\n'}
[4.090569] (robile_description) StdoutLine: {'line': b'-- Up-to-date symlink: /home/ashraful/HBRS/AMR/AMR_PROJECT/amr-team-bot/install/robile_description/share/robile_description//urdf/robile_bricks/robile_master_battery_brick.urdf.xacro\n'}
[4.091114] (robile_description) StdoutLine: {'line': b'-- Up-to-date symlink: /home/ashraful/HBRS/AMR/AMR_PROJECT/amr-team-bot/install/robile_description/share/robile_description//urdf/robile_bricks/robile_passive_wheel_brick.urdf.xacro\n'}
[4.091641] (robile_description) StdoutLine: {'line': b'-- Up-to-date symlink: /home/ashraful/HBRS/AMR/AMR_PROJECT/amr-team-bot/install/robile_description/share/robile_description//urdf/robile_bricks/robile_slave_battery_brick.urdf.xacro\n'}
[4.092807] (robile_description) StdoutLine: {'line': b'-- Up-to-date symlink: /home/ashraful/HBRS/AMR/AMR_PROJECT/amr-team-bot/install/robile_description/share/robile_description//urdf/sensors/camera_front.gazebo.xacro\n'}
[4.093036] (robile_description) StdoutLine: {'line': b'-- Up-to-date symlink: /home/ashraful/HBRS/AMR/AMR_PROJECT/amr-team-bot/install/robile_description/share/robile_description//urdf/sensors/camera_front.urdf.xacro\n'}
[4.093240] (robile_description) StdoutLine: {'line': b'-- Up-to-date symlink: /home/ashraful/HBRS/AMR/AMR_PROJECT/amr-team-bot/install/robile_description/share/robile_description//urdf/sensors/hokuyo_urg04_laser.gazebo.xacro\n'}
[4.093448] (robile_description) StdoutLine: {'line': b'-- Up-to-date symlink: /home/ashraful/HBRS/AMR/AMR_PROJECT/amr-team-bot/install/robile_description/share/robile_description//urdf/sensors/hokuyo_urg04_laser.urdf.xacro\n'}
[4.093673] (robile_description) StdoutLine: {'line': b'-- Up-to-date symlink: /home/ashraful/HBRS/AMR/AMR_PROJECT/amr-team-bot/install/robile_description/share/robile_description//urdf/sensors/sick_lms1xx.urdf.xacro\n'}
[4.094847] (robile_description) StdoutLine: {'line': b'-- Up-to-date symlink: /home/ashraful/HBRS/AMR/AMR_PROJECT/amr-team-bot/install/robile_description/share/robile_description//urdf/sensors/sick_lms1xx_mount.urdf.xacro\n'}
[4.095374] (robile_description) StdoutLine: {'line': b'-- Up-to-date symlink: /home/ashraful/HBRS/AMR/AMR_PROJECT/amr-team-bot/install/robile_description/share/robile_description//gazebo/gazebo_robile.xacro\n'}
[4.095883] (robile_description) StdoutLine: {'line': b'-- Up-to-date symlink: /home/ashraful/HBRS/AMR/AMR_PROJECT/amr-team-bot/install/robile_description/share/robile_description//gazebo/gazebo_robile_laser_scanner.xacro\n'}
[4.096359] (robile_description) StdoutLine: {'line': b'-- Up-to-date symlink: /home/ashraful/HBRS/AMR/AMR_PROJECT/amr-team-bot/install/robile_description/share/robile_description//gazebo/gazebo_robile_laserscanner_camera (copy).xacro\n'}
[4.096867] (robile_description) StdoutLine: {'line': b'-- Up-to-date symlink: /home/ashraful/HBRS/AMR/AMR_PROJECT/amr-team-bot/install/robile_description/share/robile_description//gazebo/gazebo_robile_laserscanner_camera.xacro\n'}
[4.097345] (robile_description) StdoutLine: {'line': b'-- Up-to-date symlink: /home/ashraful/HBRS/AMR/AMR_PROJECT/amr-team-bot/install/robile_description/share/robile_description//gazebo/gazebo_ros_control.xacro\n'}
[4.097877] (robile_description) StdoutLine: {'line': b'-- Up-to-date symlink: /home/ashraful/HBRS/AMR/AMR_PROJECT/amr-team-bot/install/robile_description/share/robile_description//gazebo/gazebo_ros_planar_move.xacro\n'}
[4.098405] (robile_description) StdoutLine: {'line': b'-- Up-to-date symlink: /home/ashraful/HBRS/AMR/AMR_PROJECT/amr-team-bot/install/robile_description/share/robile_description//gazebo/gg/gazebo_robile.xacro\n'}
[4.098895] (robile_description) StdoutLine: {'line': b'-- Up-to-date symlink: /home/ashraful/HBRS/AMR/AMR_PROJECT/amr-team-bot/install/robile_description/share/robile_description//gazebo/gg/gazebo_robile_laser_scanner.xacro\n'}
[4.099390] (robile_description) StdoutLine: {'line': b'-- Up-to-date symlink: /home/ashraful/HBRS/AMR/AMR_PROJECT/amr-team-bot/install/robile_description/share/robile_description//gazebo/gg/gazebo_robile_laserscanner_camera (copy).xacro\n'}
[4.099887] (robile_description) StdoutLine: {'line': b'-- Up-to-date symlink: /home/ashraful/HBRS/AMR/AMR_PROJECT/amr-team-bot/install/robile_description/share/robile_description//gazebo/gg/gazebo_robile_laserscanner_camera.xacro\n'}
[4.100409] (robile_description) StdoutLine: {'line': b'-- Up-to-date symlink: /home/ashraful/HBRS/AMR/AMR_PROJECT/amr-team-bot/install/robile_description/share/robile_description//gazebo/gg/gazebo_ros_control.xacro\n'}
[4.100943] (robile_description) StdoutLine: {'line': b'-- Up-to-date symlink: /home/ashraful/HBRS/AMR/AMR_PROJECT/amr-team-bot/install/robile_description/share/robile_description//gazebo/gg/gazebo_ros_planar_move.xacro\n'}
[4.101434] (robile_description) StdoutLine: {'line': b'-- Up-to-date symlink: /home/ashraful/HBRS/AMR/AMR_PROJECT/amr-team-bot/install/robile_description/share/ament_index/resource_index/package_run_dependencies/robile_description\n'}
[4.102249] (robile_description) StdoutLine: {'line': b'-- Up-to-date symlink: /home/ashraful/HBRS/AMR/AMR_PROJECT/amr-team-bot/install/robile_description/share/ament_index/resource_index/parent_prefix_path/robile_description\n'}
[4.102772] (robile_description) StdoutLine: {'line': b'-- Up-to-date symlink: /home/ashraful/HBRS/AMR/AMR_PROJECT/amr-team-bot/install/robile_description/share/robile_description/environment/ament_prefix_path.sh\n'}
[4.103241] (robile_description) StdoutLine: {'line': b'-- Up-to-date symlink: /home/ashraful/HBRS/AMR/AMR_PROJECT/amr-team-bot/install/robile_description/share/robile_description/environment/ament_prefix_path.dsv\n'}
[4.103745] (robile_description) StdoutLine: {'line': b'-- Up-to-date symlink: /home/ashraful/HBRS/AMR/AMR_PROJECT/amr-team-bot/install/robile_description/share/robile_description/environment/path.sh\n'}
[4.104248] (robile_description) StdoutLine: {'line': b'-- Up-to-date symlink: /home/ashraful/HBRS/AMR/AMR_PROJECT/amr-team-bot/install/robile_description/share/robile_description/environment/path.dsv\n'}
[4.104763] (robile_description) StdoutLine: {'line': b'-- Up-to-date symlink: /home/ashraful/HBRS/AMR/AMR_PROJECT/amr-team-bot/install/robile_description/share/robile_description/local_setup.bash\n'}
[4.105252] (robile_description) StdoutLine: {'line': b'-- Up-to-date symlink: /home/ashraful/HBRS/AMR/AMR_PROJECT/amr-team-bot/install/robile_description/share/robile_description/local_setup.sh\n'}
[4.105785] (robile_description) StdoutLine: {'line': b'-- Up-to-date symlink: /home/ashraful/HBRS/AMR/AMR_PROJECT/amr-team-bot/install/robile_description/share/robile_description/local_setup.zsh\n'}
[4.106305] (robile_description) StdoutLine: {'line': b'-- Up-to-date symlink: /home/ashraful/HBRS/AMR/AMR_PROJECT/amr-team-bot/install/robile_description/share/robile_description/local_setup.dsv\n'}
[4.106850] (robile_description) StdoutLine: {'line': b'-- Symlinking: /home/ashraful/HBRS/AMR/AMR_PROJECT/amr-team-bot/install/robile_description/share/robile_description/package.dsv\n'}
[4.124606] (-) TimerEvent: {}
[4.145890] (robile_description) StdoutLine: {'line': b'-- Up-to-date symlink: /home/ashraful/HBRS/AMR/AMR_PROJECT/amr-team-bot/install/robile_description/share/ament_index/resource_index/packages/robile_description\n'}
[4.148613] (robile_description) StdoutLine: {'line': b'-- Up-to-date symlink: /home/ashraful/HBRS/AMR/AMR_PROJECT/amr-team-bot/install/robile_description/share/robile_description/cmake/robile_descriptionConfig.cmake\n'}
[4.164085] (robile_description) StdoutLine: {'line': b'-- Up-to-date symlink: /home/ashraful/HBRS/AMR/AMR_PROJECT/amr-team-bot/install/robile_description/share/robile_description/cmake/robile_descriptionConfig-version.cmake\n'}
[4.164994] (robile_description) StdoutLine: {'line': b'-- Up-to-date symlink: /home/ashraful/HBRS/AMR/AMR_PROJECT/amr-team-bot/install/robile_description/share/robile_description/package.xml\n'}
[4.195890] (robile_description) CommandEnded: {'returncode': 0}
[4.230167] (-) TimerEvent: {}
[4.293614] (robile_interfaces) StdoutLine: {'line': b'\x1b[35m\x1b[1mConsolidate compiler generated dependencies of target robile_interfaces__rosidl_generator_c\x1b[0m\n'}
[4.335325] (-) TimerEvent: {}
[4.337759] (robile_interfaces) StdoutLine: {'line': b'[  2%] Built target robile_interfaces__cpp\n'}
[4.363104] (robile_interfaces) StdoutLine: {'line': b'[  2%] Built target ament_cmake_python_symlink_robile_interfaces\n'}
[4.391003] (robile_interfaces) StdoutLine: {'line': b'[  5%] Built target robile_interfaces__rs\n'}
[4.404898] (robile_interfaces) StdoutLine: {'line': b'[  7%] \x1b[32mBuilding C object CMakeFiles/robile_interfaces__rosidl_generator_c.dir/rosidl_generator_c/robile_interfaces/msg/detail/position_labelled_array__functions.c.o\x1b[0m\n'}
[4.435508] (robile_description) JobEnded: {'identifier': 'robile_description', 'rc': 0}
[4.437731] (-) TimerEvent: {}
[4.441082] (robile_bringup) JobStarted: {'identifier': 'robile_bringup'}
[4.441274] (robile_interfaces) StdoutLine: {'line': b'[ 10%] \x1b[32mBuilding C object CMakeFiles/robile_interfaces__rosidl_generator_c.dir/rosidl_generator_c/robile_interfaces/msg/detail/position_labelled__functions.c.o\x1b[0m\n'}
[4.441624] (robile_interfaces) StdoutLine: {'line': b'\x1b[35m\x1b[1mConsolidate compiler generated dependencies of target robile_interfaces__rosidl_typesupport_fastrtps_cpp\x1b[0m\n'}
[4.490145] (robile_interfaces) StdoutLine: {'line': b'\x1b[35m\x1b[1mConsolidate compiler generated dependencies of target robile_interfaces__rosidl_typesupport_cpp\x1b[0m\n'}
[4.490606] (robile_interfaces) StdoutLine: {'line': b'\x1b[35m\x1b[1mConsolidate compiler generated dependencies of target robile_interfaces__rosidl_typesupport_introspection_cpp\x1b[0m\n'}
[4.571385] (-) TimerEvent: {}
[4.603915] (aws_robomaker_small_house_world) CommandEnded: {'returncode': 0}
[4.608681] (robile_interfaces) StdoutLine: {'line': b'[ 12%] \x1b[32mBuilding CXX object CMakeFiles/robile_interfaces__rosidl_typesupport_introspection_cpp.dir/rosidl_typesupport_introspection_cpp/robile_interfaces/msg/detail/position_labelled__type_support.cpp.o\x1b[0m\n'}
[4.615953] (aws_robomaker_small_house_world) JobProgress: {'identifier': 'aws_robomaker_small_house_world', 'progress': 'install'}
[4.620076] (aws_robomaker_small_house_world) Command: {'cmd': ['/usr/bin/cmake', '--install', '/home/ashraful/HBRS/AMR/AMR_PROJECT/amr-team-bot/build/aws_robomaker_small_house_world'], 'cwd': '/home/ashraful/HBRS/AMR/AMR_PROJECT/amr-team-bot/build/aws_robomaker_small_house_world', 'env': OrderedDict([('LESSOPEN', '| /usr/bin/lesspipe %s'), ('USER', 'ashraful'), ('LC_TIME', 'de_DE.UTF-8'), ('XDG_SESSION_TYPE', 'wayland'), ('SHLVL', '1'), ('LD_LIBRARY_PATH', '/usr/lib/x86_64-linux-gnu/gazebo-11/plugins:/opt/ros/humble/opt/rviz_ogre_vendor/lib:/opt/ros/humble/lib/x86_64-linux-gnu:/opt/ros/humble/lib:/home/ashraful/.mujoco/mujoco-3.9.0/lib:/home/ashraful/.mujoco/mujoco-3.9.0/lib'), ('HOME', '/home/ashraful'), ('OLDPWD', '/home/ashraful/HBRS/AMR/AMR_PROJECT/amr-team-bot/src'), ('DESKTOP_SESSION', 'ubuntu'), ('ROS_PYTHON_VERSION', '3'), ('GNOME_SHELL_SESSION_MODE', 'ubuntu'), ('GTK_MODULES', 'gail:atk-bridge'), ('LC_MONETARY', 'de_DE.UTF-8'), ('MANAGERPID', '1723'), ('SYSTEMD_EXEC_PID', '2083'), ('DBUS_SESSION_BUS_ADDRESS', 'unix:path=/run/user/1000/bus'), ('COLORTERM', 'truecolor'), ('TERMINATOR_DBUS_NAME', 'net.tenshu.Terminator25ef4b219e3b005583550f2b0f9f990c3'), ('GIO_LAUNCHED_DESKTOP_FILE_PID', '87784'), ('IM_CONFIG_PHASE', '1'), ('WAYLAND_DISPLAY', 'wayland-0'), ('ROS_DISTRO', 'humble'), ('LOGNAME', 'ashraful'), ('JOURNAL_STREAM', '8:20533'), ('_', '/usr/bin/colcon'), ('ROS_VERSION', '2'), ('XDG_SESSION_CLASS', 'user'), ('USERNAME', 'ashraful'), ('TERM', 'xterm-256color'), ('GNOME_DESKTOP_SESSION_ID', 'this-is-deprecated'), ('ROS_LOCALHOST_ONLY', '0'), ('PATH', '/opt/ros/humble/bin:/home/ashraful/.local/bin:/usr/local/sbin:/usr/local/bin:/usr/sbin:/usr/bin:/sbin:/bin:/usr/games:/usr/local/games:/snap/bin:/snap/bin:/home/ashraful/.mujoco/mujoco-3.9.0/bin'), ('SESSION_MANAGER', 'local/ashraful:@/tmp/.ICE-unix/1865,unix/ashraful:/tmp/.ICE-unix/1865'), ('INVOCATION_ID', '8220aff1741a4be28484ee2ff67f3009'), ('XDG_MENU_PREFIX', 'gnome-'), ('LC_ADDRESS', 'de_DE.UTF-8'), ('GNOME_SETUP_DISPLAY', ':1'), ('XDG_RUNTIME_DIR', '/run/user/1000'), ('DISPLAY', ':0'), ('TERMINATOR_DBUS_PATH', '/net/tenshu/Terminator2'), ('LANG', 'en_US.UTF-8'), ('XDG_CURRENT_DESKTOP', 'ubuntu:GNOME'), ('IBUS_DISABLE_SNOOPER', '1'), ('LC_TELEPHONE', 'de_DE.UTF-8'), ('XMODIFIERS', '@im=ibus'), ('XDG_SESSION_DESKTOP', 'ubuntu'), ('XAUTHORITY', '/run/user/1000/.mutter-Xwaylandauth.RE1JW3'), ('LS_COLORS', 'rs=0:di=01;34:ln=01;36:mh=00:pi=40;33:so=01;35:do=01;35:bd=40;33;01:cd=40;33;01:or=40;31;01:mi=00:su=37;41:sg=30;43:ca=30;41:tw=30;42:ow=34;42:st=37;44:ex=01;32:*.tar=01;31:*.tgz=01;31:*.arc=01;31:*.arj=01;31:*.taz=01;31:*.lha=01;31:*.lz4=01;31:*.lzh=01;31:*.lzma=01;31:*.tlz=01;31:*.txz=01;31:*.tzo=01;31:*.t7z=01;31:*.zip=01;31:*.z=01;31:*.dz=01;31:*.gz=01;31:*.lrz=01;31:*.lz=01;31:*.lzo=01;31:*.xz=01;31:*.zst=01;31:*.tzst=01;31:*.bz2=01;31:*.bz=01;31:*.tbz=01;31:*.tbz2=01;31:*.tz=01;31:*.deb=01;31:*.rpm=01;31:*.jar=01;31:*.war=01;31:*.ear=01;31:*.sar=01;31:*.rar=01;31:*.alz=01;31:*.ace=01;31:*.zoo=01;31:*.cpio=01;31:*.7z=01;31:*.rz=01;31:*.cab=01;31:*.wim=01;31:*.swm=01;31:*.dwm=01;31:*.esd=01;31:*.jpg=01;35:*.jpeg=01;35:*.mjpg=01;35:*.mjpeg=01;35:*.gif=01;35:*.bmp=01;35:*.pbm=01;35:*.pgm=01;35:*.ppm=01;35:*.tga=01;35:*.xbm=01;35:*.xpm=01;35:*.tif=01;35:*.tiff=01;35:*.png=01;35:*.svg=01;35:*.svgz=01;35:*.mng=01;35:*.pcx=01;35:*.mov=01;35:*.mpg=01;35:*.mpeg=01;35:*.m2v=01;35:*.mkv=01;35:*.webm=01;35:*.webp=01;35:*.ogm=01;35:*.mp4=01;35:*.m4v=01;35:*.mp4v=01;35:*.vob=01;35:*.qt=01;35:*.nuv=01;35:*.wmv=01;35:*.asf=01;35:*.rm=01;35:*.rmvb=01;35:*.flc=01;35:*.avi=01;35:*.fli=01;35:*.flv=01;35:*.gl=01;35:*.dl=01;35:*.xcf=01;35:*.xwd=01;35:*.yuv=01;35:*.cgm=01;35:*.emf=01;35:*.ogv=01;35:*.ogx=01;35:*.aac=00;36:*.au=00;36:*.flac=00;36:*.m4a=00;36:*.mid=00;36:*.midi=00;36:*.mka=00;36:*.mp3=00;36:*.mpc=00;36:*.ogg=00;36:*.ra=00;36:*.wav=00;36:*.oga=00;36:*.opus=00;36:*.spx=00;36:*.xspf=00;36:'), ('SSH_AGENT_LAUNCHER', 'gnome-keyring'), ('SSH_AUTH_SOCK', '/run/user/1000/keyring/ssh'), ('AMENT_PREFIX_PATH', '/opt/ros/humble'), ('SHELL', '/bin/bash'), ('LC_NAME', 'de_DE.UTF-8'), ('TERMINATOR_UUID', 'urn:uuid:1c72cd59-31a6-4f1a-b61b-5502cd39b2d2'), ('QT_ACCESSIBILITY', '1'), ('GDMSESSION', 'ubuntu'), ('LESSCLOSE', '/usr/bin/lesspipe %s %s'), ('LC_MEASUREMENT', 'de_DE.UTF-8'), ('LC_IDENTIFICATION', 'de_DE.UTF-8'), ('QT_IM_MODULE', 'ibus'), ('PWD', '/home/ashraful/HBRS/AMR/AMR_PROJECT/amr-team-bot/build/aws_robomaker_small_house_world'), ('XDG_CONFIG_DIRS', '/etc/xdg/xdg-ubuntu:/etc/xdg'), ('XDG_DATA_DIRS', '/usr/share/ubuntu:/usr/local/share/:/usr/share/:/var/lib/snapd/desktop'), ('PYTHONPATH', '/opt/ros/humble/lib/python3.10/site-packages:/opt/ros/humble/local/lib/python3.10/dist-packages'), ('LC_NUMERIC', 'de_DE.UTF-8'), ('LC_PAPER', 'de_DE.UTF-8'), ('COLCON', '1'), ('VTE_VERSION', '6800'), ('CMAKE_PREFIX_PATH', '/opt/ros/humble')]), 'shell': False}
[4.630606] (robile_interfaces) StdoutLine: {'line': b'[ 15%] \x1b[32mBuilding CXX object CMakeFiles/robile_interfaces__rosidl_typesupport_cpp.dir/rosidl_typesupport_cpp/robile_interfaces/msg/position_labelled__type_support.cpp.o\x1b[0m\n'}
[4.673581] (-) TimerEvent: {}
[4.689251] (robile_interfaces) StdoutLine: {'line': b'[ 17%] \x1b[32mBuilding CXX object CMakeFiles/robile_interfaces__rosidl_typesupport_cpp.dir/rosidl_typesupport_cpp/robile_interfaces/msg/position_labelled_array__type_support.cpp.o\x1b[0m\n'}
[4.722872] (robile_interfaces) StdoutLine: {'line': b'[ 20%] \x1b[32mBuilding CXX object CMakeFiles/robile_interfaces__rosidl_typesupport_introspection_cpp.dir/rosidl_typesupport_introspection_cpp/robile_interfaces/msg/detail/position_labelled_array__type_support.cpp.o\x1b[0m\n'}
[4.743918] (robile_interfaces) StdoutLine: {'line': b'[ 22%] \x1b[32mBuilding CXX object CMakeFiles/robile_interfaces__rosidl_typesupport_fastrtps_cpp.dir/rosidl_typesupport_fastrtps_cpp/robile_interfaces/msg/detail/dds_fastrtps/position_labelled__type_support.cpp.o\x1b[0m\n'}
[4.775574] (-) TimerEvent: {}
[4.852391] (aws_robomaker_small_house_world) StdoutLine: {'line': b'-- Install configuration: ""\n'}
[4.859996] (aws_robomaker_small_house_world) StdoutLine: {'line': b'-- Installing: /home/ashraful/HBRS/AMR/AMR_PROJECT/amr-team-bot/install/aws_robomaker_small_house_world/share/aws_robomaker_small_house_world/launch\n'}
[4.864200] (aws_robomaker_small_house_world) StdoutLine: {'line': b'-- Installing: /home/ashraful/HBRS/AMR/AMR_PROJECT/amr-team-bot/install/aws_robomaker_small_house_world/share/aws_robomaker_small_house_world/launch/small_house.launch.py\n'}
[4.865446] (aws_robomaker_small_house_world) StdoutLine: {'line': b'-- Installing: /home/ashraful/HBRS/AMR/AMR_PROJECT/amr-team-bot/install/aws_robomaker_small_house_world/share/aws_robomaker_small_house_world/models\n'}
[4.885808] (aws_robomaker_small_house_world) StdoutLine: {'line': b'-- Installing: /home/ashraful/HBRS/AMR/AMR_PROJECT/amr-team-bot/install/aws_robomaker_small_house_world/share/aws_robomaker_small_house_world/models/aws_robomaker_residential_Vase_01\n'}
[4.889112] (-) TimerEvent: {}
[4.893230] (aws_robomaker_small_house_world) StdoutLine: {'line': b'-- Installing: /home/ashraful/HBRS/AMR/AMR_PROJECT/amr-team-bot/install/aws_robomaker_small_house_world/share/aws_robomaker_small_house_world/models/aws_robomaker_residential_Vase_01/model.sdf\n'}
[4.893641] (aws_robomaker_small_house_world) StdoutLine: {'line': b'-- Installing: /home/ashraful/HBRS/AMR/AMR_PROJECT/amr-team-bot/install/aws_robomaker_small_house_world/share/aws_robomaker_small_house_world/models/aws_robomaker_residential_Vase_01/meshes\n'}
[4.897543] (aws_robomaker_small_house_world) StdoutLine: {'line': b'-- Installing: /home/ashraful/HBRS/AMR/AMR_PROJECT/amr-team-bot/install/aws_robomaker_small_house_world/share/aws_robomaker_small_house_world/models/aws_robomaker_residential_Vase_01/meshes/aws_Vase_01_collision.DAE\n'}
[4.900601] (aws_robomaker_small_house_world) StdoutLine: {'line': b'-- Installing: /home/ashraful/HBRS/AMR/AMR_PROJECT/amr-team-bot/install/aws_robomaker_small_house_world/share/aws_robomaker_small_house_world/models/aws_robomaker_residential_Vase_01/meshes/aws_Vase_01_visual.DAE\n'}
[4.908808] (aws_robomaker_small_house_world) StdoutLine: {'line': b'-- Installing: /home/ashraful/HBRS/AMR/AMR_PROJECT/amr-team-bot/install/aws_robomaker_small_house_world/share/aws_robomaker_small_house_world/models/aws_robomaker_residential_Vase_01/materials\n'}
[4.909106] (aws_robomaker_small_house_world) StdoutLine: {'line': b'-- Installing: /home/ashraful/HBRS/AMR/AMR_PROJECT/amr-team-bot/install/aws_robomaker_small_house_world/share/aws_robomaker_small_house_world/models/aws_robomaker_residential_Vase_01/materials/textures\n'}
[4.909331] (aws_robomaker_small_house_world) StdoutLine: {'line': b'-- Installing: /home/ashraful/HBRS/AMR/AMR_PROJECT/amr-team-bot/install/aws_robomaker_small_house_world/share/aws_robomaker_small_house_world/models/aws_robomaker_residential_Vase_01/materials/textures/aws_Vase_01.png\n'}
[4.914191] (aws_robomaker_small_house_world) StdoutLine: {'line': b'-- Installing: /home/ashraful/HBRS/AMR/AMR_PROJECT/amr-team-bot/install/aws_robomaker_small_house_world/share/aws_robomaker_small_house_world/models/aws_robomaker_residential_Vase_01/model.config\n'}
[4.917080] (aws_robomaker_small_house_world) StdoutLine: {'line': b'-- Installing: /home/ashraful/HBRS/AMR/AMR_PROJECT/amr-team-bot/install/aws_robomaker_small_house_world/share/aws_robomaker_small_house_world/models/aws_robomaker_residential_KitchenUtensils_01\n'}
[4.917491] (aws_robomaker_small_house_world) StdoutLine: {'line': b'-- Installing: /home/ashraful/HBRS/AMR/AMR_PROJECT/amr-team-bot/install/aws_robomaker_small_house_world/share/aws_robomaker_small_house_world/models/aws_robomaker_residential_KitchenUtensils_01/model.sdf\n'}
[4.917720] (aws_robomaker_small_house_world) StdoutLine: {'line': b'-- Installing: /home/ashraful/HBRS/AMR/AMR_PROJECT/amr-team-bot/install/aws_robomaker_small_house_world/share/aws_robomaker_small_house_world/models/aws_robomaker_residential_KitchenUtensils_01/meshes\n'}
[4.917910] (aws_robomaker_small_house_world) StdoutLine: {'line': b'-- Installing: /home/ashraful/HBRS/AMR/AMR_PROJECT/amr-team-bot/install/aws_robomaker_small_house_world/share/aws_robomaker_small_house_world/models/aws_robomaker_residential_KitchenUtensils_01/meshes/aws_KitchenUtensils_01_collision.DAE\n'}
[4.918123] (aws_robomaker_small_house_world) StdoutLine: {'line': b'-- Installing: /home/ashraful/HBRS/AMR/AMR_PROJECT/amr-team-bot/install/aws_robomaker_small_house_world/share/aws_robomaker_small_house_world/models/aws_robomaker_residential_KitchenUtensils_01/meshes/aws_KitchenUtensils_01_visual.DAE\n'}
[4.918560] (aws_robomaker_small_house_world) StdoutLine: {'line': b'-- Installing: /home/ashraful/HBRS/AMR/AMR_PROJECT/amr-team-bot/install/aws_robomaker_small_house_world/share/aws_robomaker_small_house_world/models/aws_robomaker_residential_KitchenUtensils_01/materials\n'}
[4.920037] (aws_robomaker_small_house_world) StdoutLine: {'line': b'-- Installing: /home/ashraful/HBRS/AMR/AMR_PROJECT/amr-team-bot/install/aws_robomaker_small_house_world/share/aws_robomaker_small_house_world/models/aws_robomaker_residential_KitchenUtensils_01/materials/textures\n'}
[4.922673] (aws_robomaker_small_house_world) StdoutLine: {'line': b'-- Installing: /home/ashraful/HBRS/AMR/AMR_PROJECT/amr-team-bot/install/aws_robomaker_small_house_world/share/aws_robomaker_small_house_world/models/aws_robomaker_residential_KitchenUtensils_01/materials/textures/aws_KitchenUtensils_01.png\n'}
[4.929867] (aws_robomaker_small_house_world) StdoutLine: {'line': b'-- Installing: /home/ashraful/HBRS/AMR/AMR_PROJECT/amr-team-bot/install/aws_robomaker_small_house_world/share/aws_robomaker_small_house_world/models/aws_robomaker_residential_KitchenUtensils_01/model.config\n'}
[4.930378] (aws_robomaker_small_house_world) StdoutLine: {'line': b'-- Installing: /home/ashraful/HBRS/AMR/AMR_PROJECT/amr-team-bot/install/aws_robomaker_small_house_world/share/aws_robomaker_small_house_world/models/aws_robomaker_residential_Trash_01\n'}
[4.931741] (aws_robomaker_small_house_world) StdoutLine: {'line': b'-- Installing: /home/ashraful/HBRS/AMR/AMR_PROJECT/amr-team-bot/install/aws_robomaker_small_house_world/share/aws_robomaker_small_house_world/models/aws_robomaker_residential_Trash_01/model.sdf\n'}
[4.932187] (aws_robomaker_small_house_world) StdoutLine: {'line': b'-- Installing: /home/ashraful/HBRS/AMR/AMR_PROJECT/amr-team-bot/install/aws_robomaker_small_house_world/share/aws_robomaker_small_house_world/models/aws_robomaker_residential_Trash_01/meshes\n'}
[4.933862] (aws_robomaker_small_house_world) StdoutLine: {'line': b'-- Installing: /home/ashraful/HBRS/AMR/AMR_PROJECT/amr-team-bot/install/aws_robomaker_small_house_world/share/aws_robomaker_small_house_world/models/aws_robomaker_residential_Trash_01/meshes/aws_Trash_01_collision.DAE\n'}
[4.944016] (aws_robomaker_small_house_world) StdoutLine: {'line': b'-- Installing: /home/ashraful/HBRS/AMR/AMR_PROJECT/amr-team-bot/install/aws_robomaker_small_house_world/share/aws_robomaker_small_house_world/models/aws_robomaker_residential_Trash_01/meshes/aws_Trash_01_visual.DAE\n'}
[4.949442] (aws_robomaker_small_house_world) StdoutLine: {'line': b'-- Installing: /home/ashraful/HBRS/AMR/AMR_PROJECT/amr-team-bot/install/aws_robomaker_small_house_world/share/aws_robomaker_small_house_world/models/aws_robomaker_residential_Trash_01/materials\n'}
[4.954836] (aws_robomaker_small_house_world) StdoutLine: {'line': b'-- Installing: /home/ashraful/HBRS/AMR/AMR_PROJECT/amr-team-bot/install/aws_robomaker_small_house_world/share/aws_robomaker_small_house_world/models/aws_robomaker_residential_Trash_01/materials/textures\n'}
[4.955100] (aws_robomaker_small_house_world) StdoutLine: {'line': b'-- Installing: /home/ashraful/HBRS/AMR/AMR_PROJECT/amr-team-bot/install/aws_robomaker_small_house_world/share/aws_robomaker_small_house_world/models/aws_robomaker_residential_Trash_01/materials/textures/aws_Trash_01.png\n'}
[4.955284] (aws_robomaker_small_house_world) StdoutLine: {'line': b'-- Installing: /home/ashraful/HBRS/AMR/AMR_PROJECT/amr-team-bot/install/aws_robomaker_small_house_world/share/aws_robomaker_small_house_world/models/aws_robomaker_residential_Trash_01/model.config\n'}
[4.955493] (aws_robomaker_small_house_world) StdoutLine: {'line': b'-- Installing: /home/ashraful/HBRS/AMR/AMR_PROJECT/amr-team-bot/install/aws_robomaker_small_house_world/share/aws_robomaker_small_house_world/models/aws_robomaker_residential_Handle_01\n'}
[4.958855] (aws_robomaker_small_house_world) StdoutLine: {'line': b'-- Installing: /home/ashraful/HBRS/AMR/AMR_PROJECT/amr-team-bot/install/aws_robomaker_small_house_world/share/aws_robomaker_small_house_world/models/aws_robomaker_residential_Handle_01/model.sdf\n'}
[4.961100] (aws_robomaker_small_house_world) StdoutLine: {'line': b'-- Installing: /home/ashraful/HBRS/AMR/AMR_PROJECT/amr-team-bot/install/aws_robomaker_small_house_world/share/aws_robomaker_small_house_world/models/aws_robomaker_residential_Handle_01/meshes\n'}
[4.961359] (aws_robomaker_small_house_world) StdoutLine: {'line': b'-- Installing: /home/ashraful/HBRS/AMR/AMR_PROJECT/amr-team-bot/install/aws_robomaker_small_house_world/share/aws_robomaker_small_house_world/models/aws_robomaker_residential_Handle_01/meshes/aws_Handle_01_collision.DAE\n'}
[4.962678] (aws_robomaker_small_house_world) StdoutLine: {'line': b'-- Installing: /home/ashraful/HBRS/AMR/AMR_PROJECT/amr-team-bot/install/aws_robomaker_small_house_world/share/aws_robomaker_small_house_world/models/aws_robomaker_residential_Handle_01/meshes/aws_Handle_01_visual.DAE\n'}
[4.964523] (aws_robomaker_small_house_world) StdoutLine: {'line': b'-- Installing: /home/ashraful/HBRS/AMR/AMR_PROJECT/amr-team-bot/install/aws_robomaker_small_house_world/share/aws_robomaker_small_house_world/models/aws_robomaker_residential_Handle_01/meshes/aws_ handle_01_collision.DAE\n'}
[4.965718] (aws_robomaker_small_house_world) StdoutLine: {'line': b'-- Installing: /home/ashraful/HBRS/AMR/AMR_PROJECT/amr-team-bot/install/aws_robomaker_small_house_world/share/aws_robomaker_small_house_world/models/aws_robomaker_residential_Handle_01/materials\n'}
[4.969914] (aws_robomaker_small_house_world) StdoutLine: {'line': b'-- Installing: /home/ashraful/HBRS/AMR/AMR_PROJECT/amr-team-bot/install/aws_robomaker_small_house_world/share/aws_robomaker_small_house_world/models/aws_robomaker_residential_Handle_01/materials/textures\n'}
[4.971718] (aws_robomaker_small_house_world) StdoutLine: {'line': b'-- Installing: /home/ashraful/HBRS/AMR/AMR_PROJECT/amr-team-bot/install/aws_robomaker_small_house_world/share/aws_robomaker_small_house_world/models/aws_robomaker_residential_Handle_01/materials/textures/aws_Handle_01.png\n'}
[4.975872] (aws_robomaker_small_house_world) StdoutLine: {'line': b'-- Installing: /home/ashraful/HBRS/AMR/AMR_PROJECT/amr-team-bot/install/aws_robomaker_small_house_world/share/aws_robomaker_small_house_world/models/aws_robomaker_residential_Handle_01/model.config\n'}
[4.981054] (aws_robomaker_small_house_world) StdoutLine: {'line': b'-- Installing: /home/ashraful/HBRS/AMR/AMR_PROJECT/amr-team-bot/install/aws_robomaker_small_house_world/share/aws_robomaker_small_house_world/models/aws_robomaker_residential_Sofa_01\n'}
[4.984373] (aws_robomaker_small_house_world) StdoutLine: {'line': b'-- Installing: /home/ashraful/HBRS/AMR/AMR_PROJECT/amr-team-bot/install/aws_robomaker_small_house_world/share/aws_robomaker_small_house_world/models/aws_robomaker_residential_Sofa_01/model.sdf\n'}
[4.989788] (-) TimerEvent: {}
[4.992400] (aws_robomaker_small_house_world) StdoutLine: {'line': b'-- Installing: /home/ashraful/HBRS/AMR/AMR_PROJECT/amr-team-bot/install/aws_robomaker_small_house_world/share/aws_robomaker_small_house_world/models/aws_robomaker_residential_Sofa_01/meshes\n'}
[4.994023] (aws_robomaker_small_house_world) StdoutLine: {'line': b'-- Installing: /home/ashraful/HBRS/AMR/AMR_PROJECT/amr-team-bot/install/aws_robomaker_small_house_world/share/aws_robomaker_small_house_world/models/aws_robomaker_residential_Sofa_01/meshes/aws_Sofa_01_visual.DAE\n'}
[5.001783] (aws_robomaker_small_house_world) StdoutLine: {'line': b'-- Installing: /home/ashraful/HBRS/AMR/AMR_PROJECT/amr-team-bot/install/aws_robomaker_small_house_world/share/aws_robomaker_small_house_world/models/aws_robomaker_residential_Sofa_01/meshes/aws_Sofa_01_collision.DAE\n'}
[5.012224] (aws_robomaker_small_house_world) StdoutLine: {'line': b'-- Installing: /home/ashraful/HBRS/AMR/AMR_PROJECT/amr-team-bot/install/aws_robomaker_small_house_world/share/aws_robomaker_small_house_world/models/aws_robomaker_residential_Sofa_01/meshes/aws_Sofa_01.DAE\n'}
[5.025835] (aws_robomaker_small_house_world) StdoutLine: {'line': b'-- Installing: /home/ashraful/HBRS/AMR/AMR_PROJECT/amr-team-bot/install/aws_robomaker_small_house_world/share/aws_robomaker_small_house_world/models/aws_robomaker_residential_Sofa_01/materials\n'}
[5.026334] (aws_robomaker_small_house_world) StdoutLine: {'line': b'-- Installing: /home/ashraful/HBRS/AMR/AMR_PROJECT/amr-team-bot/install/aws_robomaker_small_house_world/share/aws_robomaker_small_house_world/models/aws_robomaker_residential_Sofa_01/materials/textures\n'}
[5.026577] (aws_robomaker_small_house_world) StdoutLine: {'line': b'-- Installing: /home/ashraful/HBRS/AMR/AMR_PROJECT/amr-team-bot/install/aws_robomaker_small_house_world/share/aws_robomaker_small_house_world/models/aws_robomaker_residential_Sofa_01/materials/textures/aws_Sofa_01.png\n'}
[5.033954] (aws_robomaker_small_house_world) StdoutLine: {'line': b'-- Installing: /home/ashraful/HBRS/AMR/AMR_PROJECT/amr-team-bot/install/aws_robomaker_small_house_world/share/aws_robomaker_small_house_world/models/aws_robomaker_residential_Sofa_01/model.config\n'}
[5.035110] (aws_robomaker_small_house_world) StdoutLine: {'line': b'-- Installing: /home/ashraful/HBRS/AMR/AMR_PROJECT/amr-team-bot/install/aws_robomaker_small_house_world/share/aws_robomaker_small_house_world/models/aws_robomaker_residential_DeskPortraitA_02\n'}
[5.035360] (aws_robomaker_small_house_world) StdoutLine: {'line': b'-- Installing: /home/ashraful/HBRS/AMR/AMR_PROJECT/amr-team-bot/install/aws_robomaker_small_house_world/share/aws_robomaker_small_house_world/models/aws_robomaker_residential_DeskPortraitA_02/model.sdf\n'}
[5.035628] (aws_robomaker_small_house_world) StdoutLine: {'line': b'-- Installing: /home/ashraful/HBRS/AMR/AMR_PROJECT/amr-team-bot/install/aws_robomaker_small_house_world/share/aws_robomaker_small_house_world/models/aws_robomaker_residential_DeskPortraitA_02/meshes\n'}
[5.038704] (aws_robomaker_small_house_world) StdoutLine: {'line': b'-- Installing: /home/ashraful/HBRS/AMR/AMR_PROJECT/amr-team-bot/install/aws_robomaker_small_house_world/share/aws_robomaker_small_house_world/models/aws_robomaker_residential_DeskPortraitA_02/meshes/aws_DeskPortraitA_01_visual.DAE\n'}
[5.045541] (aws_robomaker_small_house_world) StdoutLine: {'line': b'-- Installing: /home/ashraful/HBRS/AMR/AMR_PROJECT/amr-team-bot/install/aws_robomaker_small_house_world/share/aws_robomaker_small_house_world/models/aws_robomaker_residential_DeskPortraitA_02/meshes/aws_DeskPortraitA_01_collision.DAE\n'}
[5.045949] (aws_robomaker_small_house_world) StdoutLine: {'line': b'-- Installing: /home/ashraful/HBRS/AMR/AMR_PROJECT/amr-team-bot/install/aws_robomaker_small_house_world/share/aws_robomaker_small_house_world/models/aws_robomaker_residential_DeskPortraitA_02/materials\n'}
[5.046167] (aws_robomaker_small_house_world) StdoutLine: {'line': b'-- Installing: /home/ashraful/HBRS/AMR/AMR_PROJECT/amr-team-bot/install/aws_robomaker_small_house_world/share/aws_robomaker_small_house_world/models/aws_robomaker_residential_DeskPortraitA_02/materials/textures\n'}
[5.046407] (aws_robomaker_small_house_world) StdoutLine: {'line': b'-- Installing: /home/ashraful/HBRS/AMR/AMR_PROJECT/amr-team-bot/install/aws_robomaker_small_house_world/share/aws_robomaker_small_house_world/models/aws_robomaker_residential_DeskPortraitA_02/materials/textures/aws_DeskPortraitA_01.png\n'}
[5.046651] (aws_robomaker_small_house_world) StdoutLine: {'line': b'-- Installing: /home/ashraful/HBRS/AMR/AMR_PROJECT/amr-team-bot/install/aws_robomaker_small_house_world/share/aws_robomaker_small_house_world/models/aws_robomaker_residential_DeskPortraitA_02/materials/textures/aws_DeskPortraitA_02.png\n'}
[5.057587] (aws_robomaker_small_house_world) StdoutLine: {'line': b'-- Installing: /home/ashraful/HBRS/AMR/AMR_PROJECT/amr-team-bot/install/aws_robomaker_small_house_world/share/aws_robomaker_small_house_world/models/aws_robomaker_residential_DeskPortraitA_02/model.config\n'}
[5.058041] (aws_robomaker_small_house_world) StdoutLine: {'line': b'-- Installing: /home/ashraful/HBRS/AMR/AMR_PROJECT/amr-team-bot/install/aws_robomaker_small_house_world/share/aws_robomaker_small_house_world/models/aws_robomaker_residential_DeskPortraitD_03\n'}
[5.062573] (aws_robomaker_small_house_world) StdoutLine: {'line': b'-- Installing: /home/ashraful/HBRS/AMR/AMR_PROJECT/amr-team-bot/install/aws_robomaker_small_house_world/share/aws_robomaker_small_house_world/models/aws_robomaker_residential_DeskPortraitD_03/model.sdf\n'}
[5.063176] (aws_robomaker_small_house_world) StdoutLine: {'line': b'-- Installing: /home/ashraful/HBRS/AMR/AMR_PROJECT/amr-team-bot/install/aws_robomaker_small_house_world/share/aws_robomaker_small_house_world/models/aws_robomaker_residential_DeskPortraitD_03/meshes\n'}
[5.063410] (aws_robomaker_small_house_world) StdoutLine: {'line': b'-- Installing: /home/ashraful/HBRS/AMR/AMR_PROJECT/amr-team-bot/install/aws_robomaker_small_house_world/share/aws_robomaker_small_house_world/models/aws_robomaker_residential_DeskPortraitD_03/meshes/aws_DeskPortraitD_01_visual.DAE\n'}
[5.071710] (aws_robomaker_small_house_world) StdoutLine: {'line': b'-- Installing: /home/ashraful/HBRS/AMR/AMR_PROJECT/amr-team-bot/install/aws_robomaker_small_house_world/share/aws_robomaker_small_house_world/models/aws_robomaker_residential_DeskPortraitD_03/meshes/aws_DeskPortraitD_01_collision.DAE\n'}
[5.076574] (aws_robomaker_small_house_world) StdoutLine: {'line': b'-- Installing: /home/ashraful/HBRS/AMR/AMR_PROJECT/amr-team-bot/install/aws_robomaker_small_house_world/share/aws_robomaker_small_house_world/models/aws_robomaker_residential_DeskPortraitD_03/materials\n'}
[5.077021] (aws_robomaker_small_house_world) StdoutLine: {'line': b'-- Installing: /home/ashraful/HBRS/AMR/AMR_PROJECT/amr-team-bot/install/aws_robomaker_small_house_world/share/aws_robomaker_small_house_world/models/aws_robomaker_residential_DeskPortraitD_03/materials/textures\n'}
[5.077237] (aws_robomaker_small_house_world) StdoutLine: {'line': b'-- Installing: /home/ashraful/HBRS/AMR/AMR_PROJECT/amr-team-bot/install/aws_robomaker_small_house_world/share/aws_robomaker_small_house_world/models/aws_robomaker_residential_DeskPortraitD_03/materials/textures/aws_DeskPortraitD_02.png\n'}
[5.084769] (aws_robomaker_small_house_world) StdoutLine: {'line': b'-- Installing: /home/ashraful/HBRS/AMR/AMR_PROJECT/amr-team-bot/install/aws_robomaker_small_house_world/share/aws_robomaker_small_house_world/models/aws_robomaker_residential_DeskPortraitD_03/materials/textures/aws_DeskPortraitD_01.png\n'}
[5.086730] (aws_robomaker_small_house_world) StdoutLine: {'line': b'-- Installing: /home/ashraful/HBRS/AMR/AMR_PROJECT/amr-team-bot/install/aws_robomaker_small_house_world/share/aws_robomaker_small_house_world/models/aws_robomaker_residential_DeskPortraitD_03/model.config\n'}
[5.087090] (aws_robomaker_small_house_world) StdoutLine: {'line': b'-- Installing: /home/ashraful/HBRS/AMR/AMR_PROJECT/amr-team-bot/install/aws_robomaker_small_house_world/share/aws_robomaker_small_house_world/models/aws_robomaker_residential_PortraitB_01\n'}
[5.092811] (-) TimerEvent: {}
[5.093248] (aws_robomaker_small_house_world) StdoutLine: {'line': b'-- Installing: /home/ashraful/HBRS/AMR/AMR_PROJECT/amr-team-bot/install/aws_robomaker_small_house_world/share/aws_robomaker_small_house_world/models/aws_robomaker_residential_PortraitB_01/model.sdf\n'}
[5.093574] (aws_robomaker_small_house_world) StdoutLine: {'line': b'-- Installing: /home/ashraful/HBRS/AMR/AMR_PROJECT/amr-team-bot/install/aws_robomaker_small_house_world/share/aws_robomaker_small_house_world/models/aws_robomaker_residential_PortraitB_01/meshes\n'}
[5.093791] (aws_robomaker_small_house_world) StdoutLine: {'line': b'-- Installing: /home/ashraful/HBRS/AMR/AMR_PROJECT/amr-team-bot/install/aws_robomaker_small_house_world/share/aws_robomaker_small_house_world/models/aws_robomaker_residential_PortraitB_01/meshes/aws_PortraitB_01_collision.DAE\n'}
[5.094015] (aws_robomaker_small_house_world) StdoutLine: {'line': b'-- Installing: /home/ashraful/HBRS/AMR/AMR_PROJECT/amr-team-bot/install/aws_robomaker_small_house_world/share/aws_robomaker_small_house_world/models/aws_robomaker_residential_PortraitB_01/meshes/aws_PortraitB_01_visual.DAE\n'}
[5.094214] (aws_robomaker_small_house_world) StdoutLine: {'line': b'-- Installing: /home/ashraful/HBRS/AMR/AMR_PROJECT/amr-team-bot/install/aws_robomaker_small_house_world/share/aws_robomaker_small_house_world/models/aws_robomaker_residential_PortraitB_01/materials\n'}
[5.094437] (aws_robomaker_small_house_world) StdoutLine: {'line': b'-- Installing: /home/ashraful/HBRS/AMR/AMR_PROJECT/amr-team-bot/install/aws_robomaker_small_house_world/share/aws_robomaker_small_house_world/models/aws_robomaker_residential_PortraitB_01/materials/textures\n'}
[5.105550] (aws_robomaker_small_house_world) StdoutLine: {'line': b'-- Installing: /home/ashraful/HBRS/AMR/AMR_PROJECT/amr-team-bot/install/aws_robomaker_small_house_world/share/aws_robomaker_small_house_world/models/aws_robomaker_residential_PortraitB_01/materials/textures/aws_PortraitB_01.png\n'}
[5.106278] (aws_robomaker_small_house_world) StdoutLine: {'line': b'-- Installing: /home/ashraful/HBRS/AMR/AMR_PROJECT/amr-team-bot/install/aws_robomaker_small_house_world/share/aws_robomaker_small_house_world/models/aws_robomaker_residential_PortraitB_01/materials/textures/aws_PortraitB_02.png\n'}
[5.106544] (aws_robomaker_small_house_world) StdoutLine: {'line': b'-- Installing: /home/ashraful/HBRS/AMR/AMR_PROJECT/amr-team-bot/install/aws_robomaker_small_house_world/share/aws_robomaker_small_house_world/models/aws_robomaker_residential_PortraitB_01/model.config\n'}
[5.106763] (aws_robomaker_small_house_world) StdoutLine: {'line': b'-- Installing: /home/ashraful/HBRS/AMR/AMR_PROJECT/amr-team-bot/install/aws_robomaker_small_house_world/share/aws_robomaker_small_house_world/models/aws_robomaker_residential_LightC_01\n'}
[5.106964] (aws_robomaker_small_house_world) StdoutLine: {'line': b'-- Installing: /home/ashraful/HBRS/AMR/AMR_PROJECT/amr-team-bot/install/aws_robomaker_small_house_world/share/aws_robomaker_small_house_world/models/aws_robomaker_residential_LightC_01/model.sdf\n'}
[5.107162] (aws_robomaker_small_house_world) StdoutLine: {'line': b'-- Installing: /home/ashraful/HBRS/AMR/AMR_PROJECT/amr-team-bot/install/aws_robomaker_small_house_world/share/aws_robomaker_small_house_world/models/aws_robomaker_residential_LightC_01/meshes\n'}
[5.107357] (aws_robomaker_small_house_world) StdoutLine: {'line': b'-- Installing: /home/ashraful/HBRS/AMR/AMR_PROJECT/amr-team-bot/install/aws_robomaker_small_house_world/share/aws_robomaker_small_house_world/models/aws_robomaker_residential_LightC_01/meshes/aws_LightC_01_collision.DAE\n'}
[5.107601] (aws_robomaker_small_house_world) StdoutLine: {'line': b'-- Installing: /home/ashraful/HBRS/AMR/AMR_PROJECT/amr-team-bot/install/aws_robomaker_small_house_world/share/aws_robomaker_small_house_world/models/aws_robomaker_residential_LightC_01/meshes/aws_LightC_01_visual.DAE\n'}
[5.109993] (aws_robomaker_small_house_world) StdoutLine: {'line': b'-- Installing: /home/ashraful/HBRS/AMR/AMR_PROJECT/amr-team-bot/install/aws_robomaker_small_house_world/share/aws_robomaker_small_house_world/models/aws_robomaker_residential_LightC_01/materials\n'}
[5.112558] (aws_robomaker_small_house_world) StdoutLine: {'line': b'-- Installing: /home/ashraful/HBRS/AMR/AMR_PROJECT/amr-team-bot/install/aws_robomaker_small_house_world/share/aws_robomaker_small_house_world/models/aws_robomaker_residential_LightC_01/materials/textures\n'}
[5.114168] (aws_robomaker_small_house_world) StdoutLine: {'line': b'-- Installing: /home/ashraful/HBRS/AMR/AMR_PROJECT/amr-team-bot/install/aws_robomaker_small_house_world/share/aws_robomaker_small_house_world/models/aws_robomaker_residential_LightC_01/materials/textures/aws_LightC_01.png\n'}
[5.118017] (aws_robomaker_small_house_world) StdoutLine: {'line': b'-- Installing: /home/ashraful/HBRS/AMR/AMR_PROJECT/amr-team-bot/install/aws_robomaker_small_house_world/share/aws_robomaker_small_house_world/models/aws_robomaker_residential_LightC_01/model.config\n'}
[5.119862] (aws_robomaker_small_house_world) StdoutLine: {'line': b'-- Installing: /home/ashraful/HBRS/AMR/AMR_PROJECT/amr-team-bot/install/aws_robomaker_small_house_world/share/aws_robomaker_small_house_world/models/aws_robomaker_residential_Wardrobe_01\n'}
[5.121919] (aws_robomaker_small_house_world) StdoutLine: {'line': b'-- Installing: /home/ashraful/HBRS/AMR/AMR_PROJECT/amr-team-bot/install/aws_robomaker_small_house_world/share/aws_robomaker_small_house_world/models/aws_robomaker_residential_Wardrobe_01/model.sdf\n'}
[5.123714] (aws_robomaker_small_house_world) StdoutLine: {'line': b'-- Installing: /home/ashraful/HBRS/AMR/AMR_PROJECT/amr-team-bot/install/aws_robomaker_small_house_world/share/aws_robomaker_small_house_world/models/aws_robomaker_residential_Wardrobe_01/meshes\n'}
[5.125243] (aws_robomaker_small_house_world) StdoutLine: {'line': b'-- Installing: /home/ashraful/HBRS/AMR/AMR_PROJECT/amr-team-bot/install/aws_robomaker_small_house_world/share/aws_robomaker_small_house_world/models/aws_robomaker_residential_Wardrobe_01/meshes/aws_Wardrobe_01_visual.DAE\n'}
[5.131873] (aws_robomaker_small_house_world) StdoutLine: {'line': b'-- Installing: /home/ashraful/HBRS/AMR/AMR_PROJECT/amr-team-bot/install/aws_robomaker_small_house_world/share/aws_robomaker_small_house_world/models/aws_robomaker_residential_Wardrobe_01/meshes/aws_Wardrobe_01_collision.DAE\n'}
[5.136842] (aws_robomaker_small_house_world) StdoutLine: {'line': b'-- Installing: /home/ashraful/HBRS/AMR/AMR_PROJECT/amr-team-bot/install/aws_robomaker_small_house_world/share/aws_robomaker_small_house_world/models/aws_robomaker_residential_Wardrobe_01/materials\n'}
[5.138133] (aws_robomaker_small_house_world) StdoutLine: {'line': b'-- Installing: /home/ashraful/HBRS/AMR/AMR_PROJECT/amr-team-bot/install/aws_robomaker_small_house_world/share/aws_robomaker_small_house_world/models/aws_robomaker_residential_Wardrobe_01/materials/textures\n'}
[5.140729] (aws_robomaker_small_house_world) StdoutLine: {'line': b'-- Installing: /home/ashraful/HBRS/AMR/AMR_PROJECT/amr-team-bot/install/aws_robomaker_small_house_world/share/aws_robomaker_small_house_world/models/aws_robomaker_residential_Wardrobe_01/materials/textures/aws_Wardrobe_01.png\n'}
[5.171801] (aws_robomaker_small_house_world) StdoutLine: {'line': b'-- Installing: /home/ashraful/HBRS/AMR/AMR_PROJECT/amr-team-bot/install/aws_robomaker_small_house_world/share/aws_robomaker_small_house_world/models/aws_robomaker_residential_Wardrobe_01/model.config\n'}
[5.172256] (aws_robomaker_small_house_world) StdoutLine: {'line': b'-- Installing: /home/ashraful/HBRS/AMR/AMR_PROJECT/amr-team-bot/install/aws_robomaker_small_house_world/share/aws_robomaker_small_house_world/models/aws_robomaker_residential_CoffeeTable_01\n'}
[5.172549] (aws_robomaker_small_house_world) StdoutLine: {'line': b'-- Installing: /home/ashraful/HBRS/AMR/AMR_PROJECT/amr-team-bot/install/aws_robomaker_small_house_world/share/aws_robomaker_small_house_world/models/aws_robomaker_residential_CoffeeTable_01/model.sdf\n'}
[5.172770] (aws_robomaker_small_house_world) StdoutLine: {'line': b'-- Installing: /home/ashraful/HBRS/AMR/AMR_PROJECT/amr-team-bot/install/aws_robomaker_small_house_world/share/aws_robomaker_small_house_world/models/aws_robomaker_residential_CoffeeTable_01/meshes\n'}
[5.172979] (aws_robomaker_small_house_world) StdoutLine: {'line': b'-- Installing: /home/ashraful/HBRS/AMR/AMR_PROJECT/amr-team-bot/install/aws_robomaker_small_house_world/share/aws_robomaker_small_house_world/models/aws_robomaker_residential_CoffeeTable_01/meshes/aws_CoffeeTable_01_visual.DAE\n'}
[5.173186] (aws_robomaker_small_house_world) StdoutLine: {'line': b'-- Installing: /home/ashraful/HBRS/AMR/AMR_PROJECT/amr-team-bot/install/aws_robomaker_small_house_world/share/aws_robomaker_small_house_world/models/aws_robomaker_residential_CoffeeTable_01/meshes/aws_CoffeeTable_01_collision.DAE\n'}
[5.173426] (aws_robomaker_small_house_world) StdoutLine: {'line': b'-- Installing: /home/ashraful/HBRS/AMR/AMR_PROJECT/amr-team-bot/install/aws_robomaker_small_house_world/share/aws_robomaker_small_house_world/models/aws_robomaker_residential_CoffeeTable_01/materials\n'}
[5.173654] (aws_robomaker_small_house_world) StdoutLine: {'line': b'-- Installing: /home/ashraful/HBRS/AMR/AMR_PROJECT/amr-team-bot/install/aws_robomaker_small_house_world/share/aws_robomaker_small_house_world/models/aws_robomaker_residential_CoffeeTable_01/materials/textures\n'}
[5.173861] (aws_robomaker_small_house_world) StdoutLine: {'line': b'-- Installing: /home/ashraful/HBRS/AMR/AMR_PROJECT/amr-team-bot/install/aws_robomaker_small_house_world/share/aws_robomaker_small_house_world/models/aws_robomaker_residential_CoffeeTable_01/materials/textures/aws_CoffeeTable_01.png\n'}
[5.192401] (aws_robomaker_small_house_world) StdoutLine: {'line': b'-- Installing: /home/ashraful/HBRS/AMR/AMR_PROJECT/amr-team-bot/install/aws_robomaker_small_house_world/share/aws_robomaker_small_house_world/models/aws_robomaker_residential_CoffeeTable_01/model.config\n'}
[5.195007] (-) TimerEvent: {}
[5.197847] (aws_robomaker_small_house_world) StdoutLine: {'line': b'-- Installing: /home/ashraful/HBRS/AMR/AMR_PROJECT/amr-team-bot/install/aws_robomaker_small_house_world/share/aws_robomaker_small_house_world/models/aws_robomaker_residential_Door_01\n'}
[5.199807] (aws_robomaker_small_house_world) StdoutLine: {'line': b'-- Installing: /home/ashraful/HBRS/AMR/AMR_PROJECT/amr-team-bot/install/aws_robomaker_small_house_world/share/aws_robomaker_small_house_world/models/aws_robomaker_residential_Door_01/model.sdf\n'}
[5.204131] (aws_robomaker_small_house_world) StdoutLine: {'line': b'-- Installing: /home/ashraful/HBRS/AMR/AMR_PROJECT/amr-team-bot/install/aws_robomaker_small_house_world/share/aws_robomaker_small_house_world/models/aws_robomaker_residential_Door_01/meshes\n'}
[5.210313] (aws_robomaker_small_house_world) StdoutLine: {'line': b'-- Installing: /home/ashraful/HBRS/AMR/AMR_PROJECT/amr-team-bot/install/aws_robomaker_small_house_world/share/aws_robomaker_small_house_world/models/aws_robomaker_residential_Door_01/meshes/aws_Door_01_collision.DAE\n'}
[5.211790] (aws_robomaker_small_house_world) StdoutLine: {'line': b'-- Installing: /home/ashraful/HBRS/AMR/AMR_PROJECT/amr-team-bot/install/aws_robomaker_small_house_world/share/aws_robomaker_small_house_world/models/aws_robomaker_residential_Door_01/meshes/aws_Door_01_visual.DAE\n'}
[5.217011] (aws_robomaker_small_house_world) StdoutLine: {'line': b'-- Installing: /home/ashraful/HBRS/AMR/AMR_PROJECT/amr-team-bot/install/aws_robomaker_small_house_world/share/aws_robomaker_small_house_world/models/aws_robomaker_residential_Door_01/materials\n'}
[5.219798] (aws_robomaker_small_house_world) StdoutLine: {'line': b'-- Installing: /home/ashraful/HBRS/AMR/AMR_PROJECT/amr-team-bot/install/aws_robomaker_small_house_world/share/aws_robomaker_small_house_world/models/aws_robomaker_residential_Door_01/materials/textures\n'}
[5.220095] (aws_robomaker_small_house_world) StdoutLine: {'line': b'-- Installing: /home/ashraful/HBRS/AMR/AMR_PROJECT/amr-team-bot/install/aws_robomaker_small_house_world/share/aws_robomaker_small_house_world/models/aws_robomaker_residential_Door_01/materials/textures/aws_Door_01.png\n'}
[5.223691] (aws_robomaker_small_house_world) StdoutLine: {'line': b'-- Installing: /home/ashraful/HBRS/AMR/AMR_PROJECT/amr-team-bot/install/aws_robomaker_small_house_world/share/aws_robomaker_small_house_world/models/aws_robomaker_residential_Door_01/model.config\n'}
[5.224758] (aws_robomaker_small_house_world) StdoutLine: {'line': b'-- Installing: /home/ashraful/HBRS/AMR/AMR_PROJECT/amr-team-bot/install/aws_robomaker_small_house_world/share/aws_robomaker_small_house_world/models/aws_robomaker_residential_SofaB_01\n'}
[5.225572] (aws_robomaker_small_house_world) StdoutLine: {'line': b'-- Installing: /home/ashraful/HBRS/AMR/AMR_PROJECT/amr-team-bot/install/aws_robomaker_small_house_world/share/aws_robomaker_small_house_world/models/aws_robomaker_residential_SofaB_01/model.sdf\n'}
[5.234034] (aws_robomaker_small_house_world) StdoutLine: {'line': b'-- Installing: /home/ashraful/HBRS/AMR/AMR_PROJECT/amr-team-bot/install/aws_robomaker_small_house_world/share/aws_robomaker_small_house_world/models/aws_robomaker_residential_SofaB_01/meshes\n'}
[5.237791] (aws_robomaker_small_house_world) StdoutLine: {'line': b'-- Installing: /home/ashraful/HBRS/AMR/AMR_PROJECT/amr-team-bot/install/aws_robomaker_small_house_world/share/aws_robomaker_small_house_world/models/aws_robomaker_residential_SofaB_01/meshes/aws_SofaB_01_visual.DAE\n'}
[5.239703] (aws_robomaker_small_house_world) StdoutLine: {'line': b'-- Installing: /home/ashraful/HBRS/AMR/AMR_PROJECT/amr-team-bot/install/aws_robomaker_small_house_world/share/aws_robomaker_small_house_world/models/aws_robomaker_residential_SofaB_01/meshes/aws_SofaB_01_collision.DAE\n'}
[5.243584] (aws_robomaker_small_house_world) StdoutLine: {'line': b'-- Installing: /home/ashraful/HBRS/AMR/AMR_PROJECT/amr-team-bot/install/aws_robomaker_small_house_world/share/aws_robomaker_small_house_world/models/aws_robomaker_residential_SofaB_01/materials\n'}
[5.246141] (aws_robomaker_small_house_world) StdoutLine: {'line': b'-- Installing: /home/ashraful/HBRS/AMR/AMR_PROJECT/amr-team-bot/install/aws_robomaker_small_house_world/share/aws_robomaker_small_house_world/models/aws_robomaker_residential_SofaB_01/materials/textures\n'}
[5.246422] (aws_robomaker_small_house_world) StdoutLine: {'line': b'-- Installing: /home/ashraful/HBRS/AMR/AMR_PROJECT/amr-team-bot/install/aws_robomaker_small_house_world/share/aws_robomaker_small_house_world/models/aws_robomaker_residential_SofaB_01/materials/textures/aws_SofaB_01.png\n'}
[5.255536] (aws_robomaker_small_house_world) StdoutLine: {'line': b'-- Installing: /home/ashraful/HBRS/AMR/AMR_PROJECT/amr-team-bot/install/aws_robomaker_small_house_world/share/aws_robomaker_small_house_world/models/aws_robomaker_residential_SofaB_01/model.config\n'}
[5.259526] (aws_robomaker_small_house_world) StdoutLine: {'line': b'-- Installing: /home/ashraful/HBRS/AMR/AMR_PROJECT/amr-team-bot/install/aws_robomaker_small_house_world/share/aws_robomaker_small_house_world/models/aws_robomaker_residential_PortraitA_01\n'}
[5.266185] (aws_robomaker_small_house_world) StdoutLine: {'line': b'-- Installing: /home/ashraful/HBRS/AMR/AMR_PROJECT/amr-team-bot/install/aws_robomaker_small_house_world/share/aws_robomaker_small_house_world/models/aws_robomaker_residential_PortraitA_01/model.sdf\n'}
[5.271239] (aws_robomaker_small_house_world) StdoutLine: {'line': b'-- Installing: /home/ashraful/HBRS/AMR/AMR_PROJECT/amr-team-bot/install/aws_robomaker_small_house_world/share/aws_robomaker_small_house_world/models/aws_robomaker_residential_PortraitA_01/meshes\n'}
[5.271533] (aws_robomaker_small_house_world) StdoutLine: {'line': b'-- Installing: /home/ashraful/HBRS/AMR/AMR_PROJECT/amr-team-bot/install/aws_robomaker_small_house_world/share/aws_robomaker_small_house_world/models/aws_robomaker_residential_PortraitA_01/meshes/aws_PortraitA_01_collision.DAE\n'}
[5.271734] (aws_robomaker_small_house_world) StdoutLine: {'line': b'-- Installing: /home/ashraful/HBRS/AMR/AMR_PROJECT/amr-team-bot/install/aws_robomaker_small_house_world/share/aws_robomaker_small_house_world/models/aws_robomaker_residential_PortraitA_01/meshes/aws_PortraitA_01_visual.DAE\n'}
[5.271923] (aws_robomaker_small_house_world) StdoutLine: {'line': b'-- Installing: /home/ashraful/HBRS/AMR/AMR_PROJECT/amr-team-bot/install/aws_robomaker_small_house_world/share/aws_robomaker_small_house_world/models/aws_robomaker_residential_PortraitA_01/materials\n'}
[5.272112] (aws_robomaker_small_house_world) StdoutLine: {'line': b'-- Installing: /home/ashraful/HBRS/AMR/AMR_PROJECT/amr-team-bot/install/aws_robomaker_small_house_world/share/aws_robomaker_small_house_world/models/aws_robomaker_residential_PortraitA_01/materials/textures\n'}
[5.272294] (aws_robomaker_small_house_world) StdoutLine: {'line': b'-- Installing: /home/ashraful/HBRS/AMR/AMR_PROJECT/amr-team-bot/install/aws_robomaker_small_house_world/share/aws_robomaker_small_house_world/models/aws_robomaker_residential_PortraitA_01/materials/textures/aws_PortraitA_01.png\n'}
[5.289816] (aws_robomaker_small_house_world) StdoutLine: {'line': b'-- Installing: /home/ashraful/HBRS/AMR/AMR_PROJECT/amr-team-bot/install/aws_robomaker_small_house_world/share/aws_robomaker_small_house_world/models/aws_robomaker_residential_PortraitA_01/materials/textures/aws_PortraitA_02.png\n'}
[5.290270] (aws_robomaker_small_house_world) StdoutLine: {'line': b'-- Installing: /home/ashraful/HBRS/AMR/AMR_PROJECT/amr-team-bot/install/aws_robomaker_small_house_world/share/aws_robomaker_small_house_world/models/aws_robomaker_residential_PortraitA_01/model.config\n'}
[5.292990] (aws_robomaker_small_house_world) StdoutLine: {'line': b'-- Installing: /home/ashraful/HBRS/AMR/AMR_PROJECT/amr-team-bot/install/aws_robomaker_small_house_world/share/aws_robomaker_small_house_world/models/aws_robomaker_residential_DeskPortraitD_04\n'}
[5.293418] (aws_robomaker_small_house_world) StdoutLine: {'line': b'-- Installing: /home/ashraful/HBRS/AMR/AMR_PROJECT/amr-team-bot/install/aws_robomaker_small_house_world/share/aws_robomaker_small_house_world/models/aws_robomaker_residential_DeskPortraitD_04/model.sdf\n'}
[5.293644] (aws_robomaker_small_house_world) StdoutLine: {'line': b'-- Installing: /home/ashraful/HBRS/AMR/AMR_PROJECT/amr-team-bot/install/aws_robomaker_small_house_world/share/aws_robomaker_small_house_world/models/aws_robomaker_residential_DeskPortraitD_04/meshes\n'}
[5.293844] (aws_robomaker_small_house_world) StdoutLine: {'line': b'-- Installing: /home/ashraful/HBRS/AMR/AMR_PROJECT/amr-team-bot/install/aws_robomaker_small_house_world/share/aws_robomaker_small_house_world/models/aws_robomaker_residential_DeskPortraitD_04/meshes/aws_DeskPortraitD_01_visual.DAE\n'}
[5.294040] (aws_robomaker_small_house_world) StdoutLine: {'line': b'-- Installing: /home/ashraful/HBRS/AMR/AMR_PROJECT/amr-team-bot/install/aws_robomaker_small_house_world/share/aws_robomaker_small_house_world/models/aws_robomaker_residential_DeskPortraitD_04/meshes/aws_DeskPortraitD_01_collision.DAE\n'}
[5.294232] (aws_robomaker_small_house_world) StdoutLine: {'line': b'-- Installing: /home/ashraful/HBRS/AMR/AMR_PROJECT/amr-team-bot/install/aws_robomaker_small_house_world/share/aws_robomaker_small_house_world/models/aws_robomaker_residential_DeskPortraitD_04/materials\n'}
[5.294432] (aws_robomaker_small_house_world) StdoutLine: {'line': b'-- Installing: /home/ashraful/HBRS/AMR/AMR_PROJECT/amr-team-bot/install/aws_robomaker_small_house_world/share/aws_robomaker_small_house_world/models/aws_robomaker_residential_DeskPortraitD_04/materials/textures\n'}
[5.306792] (-) TimerEvent: {}
[5.316614] (aws_robomaker_small_house_world) StdoutLine: {'line': b'-- Installing: /home/ashraful/HBRS/AMR/AMR_PROJECT/amr-team-bot/install/aws_robomaker_small_house_world/share/aws_robomaker_small_house_world/models/aws_robomaker_residential_DeskPortraitD_04/materials/textures/aws_DeskPortraitD_02.png\n'}
[5.320905] (aws_robomaker_small_house_world) StdoutLine: {'line': b'-- Installing: /home/ashraful/HBRS/AMR/AMR_PROJECT/amr-team-bot/install/aws_robomaker_small_house_world/share/aws_robomaker_small_house_world/models/aws_robomaker_residential_DeskPortraitD_04/materials/textures/aws_DeskPortraitD_01.png\n'}
[5.321321] (aws_robomaker_small_house_world) StdoutLine: {'line': b'-- Installing: /home/ashraful/HBRS/AMR/AMR_PROJECT/amr-team-bot/install/aws_robomaker_small_house_world/share/aws_robomaker_small_house_world/models/aws_robomaker_residential_DeskPortraitD_04/model.config\n'}
[5.330440] (aws_robomaker_small_house_world) StdoutLine: {'line': b'-- Installing: /home/ashraful/HBRS/AMR/AMR_PROJECT/amr-team-bot/install/aws_robomaker_small_house_world/share/aws_robomaker_small_house_world/models/aws_robomaker_residential_Tableware_01\n'}
[5.330831] (aws_robomaker_small_house_world) StdoutLine: {'line': b'-- Installing: /home/ashraful/HBRS/AMR/AMR_PROJECT/amr-team-bot/install/aws_robomaker_small_house_world/share/aws_robomaker_small_house_world/models/aws_robomaker_residential_Tableware_01/model.sdf\n'}
[5.331069] (aws_robomaker_small_house_world) StdoutLine: {'line': b'-- Installing: /home/ashraful/HBRS/AMR/AMR_PROJECT/amr-team-bot/install/aws_robomaker_small_house_world/share/aws_robomaker_small_house_world/models/aws_robomaker_residential_Tableware_01/meshes\n'}
[5.331277] (robile_interfaces) StdoutLine: {'line': b'[ 25%] \x1b[32mBuilding CXX object CMakeFiles/robile_interfaces__rosidl_typesupport_fastrtps_cpp.dir/rosidl_typesupport_fastrtps_cpp/robile_interfaces/msg/detail/dds_fastrtps/position_labelled_array__type_support.cpp.o\x1b[0m\n'}
[5.337774] (aws_robomaker_small_house_world) StdoutLine: {'line': b'-- Installing: /home/ashraful/HBRS/AMR/AMR_PROJECT/amr-team-bot/install/aws_robomaker_small_house_world/share/aws_robomaker_small_house_world/models/aws_robomaker_residential_Tableware_01/meshes/aws_Tableware_01_visual.DAE\n'}
[5.346106] (aws_robomaker_small_house_world) StdoutLine: {'line': b'-- Installing: /home/ashraful/HBRS/AMR/AMR_PROJECT/amr-team-bot/install/aws_robomaker_small_house_world/share/aws_robomaker_small_house_world/models/aws_robomaker_residential_Tableware_01/meshes/aws_Tableware_01_collision.DAE\n'}
[5.350836] (aws_robomaker_small_house_world) StdoutLine: {'line': b'-- Installing: /home/ashraful/HBRS/AMR/AMR_PROJECT/amr-team-bot/install/aws_robomaker_small_house_world/share/aws_robomaker_small_house_world/models/aws_robomaker_residential_Tableware_01/materials\n'}
[5.351244] (aws_robomaker_small_house_world) StdoutLine: {'line': b'-- Installing: /home/ashraful/HBRS/AMR/AMR_PROJECT/amr-team-bot/install/aws_robomaker_small_house_world/share/aws_robomaker_small_house_world/models/aws_robomaker_residential_Tableware_01/materials/textures\n'}
[5.358581] (aws_robomaker_small_house_world) StdoutLine: {'line': b'-- Installing: /home/ashraful/HBRS/AMR/AMR_PROJECT/amr-team-bot/install/aws_robomaker_small_house_world/share/aws_robomaker_small_house_world/models/aws_robomaker_residential_Tableware_01/materials/textures/aws_Tableware_01.png\n'}
[5.359512] (aws_robomaker_small_house_world) StdoutLine: {'line': b'-- Installing: /home/ashraful/HBRS/AMR/AMR_PROJECT/amr-team-bot/install/aws_robomaker_small_house_world/share/aws_robomaker_small_house_world/models/aws_robomaker_residential_Tableware_01/model.config\n'}
[5.365020] (aws_robomaker_small_house_world) StdoutLine: {'line': b'-- Installing: /home/ashraful/HBRS/AMR/AMR_PROJECT/amr-team-bot/install/aws_robomaker_small_house_world/share/aws_robomaker_small_house_world/models/aws_robomaker_residential_Dumbbell_01\n'}
[5.367060] (aws_robomaker_small_house_world) StdoutLine: {'line': b'-- Installing: /home/ashraful/HBRS/AMR/AMR_PROJECT/amr-team-bot/install/aws_robomaker_small_house_world/share/aws_robomaker_small_house_world/models/aws_robomaker_residential_Dumbbell_01/model.sdf\n'}
[5.375043] (aws_robomaker_small_house_world) StdoutLine: {'line': b'-- Installing: /home/ashraful/HBRS/AMR/AMR_PROJECT/amr-team-bot/install/aws_robomaker_small_house_world/share/aws_robomaker_small_house_world/models/aws_robomaker_residential_Dumbbell_01/meshes\n'}
[5.375870] (aws_robomaker_small_house_world) StdoutLine: {'line': b'-- Installing: /home/ashraful/HBRS/AMR/AMR_PROJECT/amr-team-bot/install/aws_robomaker_small_house_world/share/aws_robomaker_small_house_world/models/aws_robomaker_residential_Dumbbell_01/meshes/aws_Dumbbell_01_collision.DAE\n'}
[5.376824] (aws_robomaker_small_house_world) StdoutLine: {'line': b'-- Installing: /home/ashraful/HBRS/AMR/AMR_PROJECT/amr-team-bot/install/aws_robomaker_small_house_world/share/aws_robomaker_small_house_world/models/aws_robomaker_residential_Dumbbell_01/meshes/aws_Dumbbell_01_visual.DAE\n'}
[5.380025] (robile_interfaces) StdoutLine: {'line': b'[ 27%] \x1b[32m\x1b[1mLinking C shared library librobile_interfaces__rosidl_generator_c.so\x1b[0m\n'}
[5.381277] (aws_robomaker_small_house_world) StdoutLine: {'line': b'-- Installing: /home/ashraful/HBRS/AMR/AMR_PROJECT/amr-team-bot/install/aws_robomaker_small_house_world/share/aws_robomaker_small_house_world/models/aws_robomaker_residential_Dumbbell_01/materials\n'}
[5.381991] (aws_robomaker_small_house_world) StdoutLine: {'line': b'-- Installing: /home/ashraful/HBRS/AMR/AMR_PROJECT/amr-team-bot/install/aws_robomaker_small_house_world/share/aws_robomaker_small_house_world/models/aws_robomaker_residential_Dumbbell_01/materials/textures\n'}
[5.383778] (aws_robomaker_small_house_world) StdoutLine: {'line': b'-- Installing: /home/ashraful/HBRS/AMR/AMR_PROJECT/amr-team-bot/install/aws_robomaker_small_house_world/share/aws_robomaker_small_house_world/models/aws_robomaker_residential_Dumbbell_01/materials/textures/aws_Dumbbell_01.png\n'}
[5.386227] (aws_robomaker_small_house_world) StdoutLine: {'line': b'-- Installing: /home/ashraful/HBRS/AMR/AMR_PROJECT/amr-team-bot/install/aws_robomaker_small_house_world/share/aws_robomaker_small_house_world/models/aws_robomaker_residential_Dumbbell_01/model.config\n'}
[5.390243] (aws_robomaker_small_house_world) StdoutLine: {'line': b'-- Installing: /home/ashraful/HBRS/AMR/AMR_PROJECT/amr-team-bot/install/aws_robomaker_small_house_world/share/aws_robomaker_small_house_world/models/aws_robomaker_residential_FloorB_01\n'}
[5.395777] (aws_robomaker_small_house_world) StdoutLine: {'line': b'-- Installing: /home/ashraful/HBRS/AMR/AMR_PROJECT/amr-team-bot/install/aws_robomaker_small_house_world/share/aws_robomaker_small_house_world/models/aws_robomaker_residential_FloorB_01/model.sdf\n'}
[5.396713] (aws_robomaker_small_house_world) StdoutLine: {'line': b'-- Installing: /home/ashraful/HBRS/AMR/AMR_PROJECT/amr-team-bot/install/aws_robomaker_small_house_world/share/aws_robomaker_small_house_world/models/aws_robomaker_residential_FloorB_01/meshes\n'}
[5.398582] (aws_robomaker_small_house_world) StdoutLine: {'line': b'-- Installing: /home/ashraful/HBRS/AMR/AMR_PROJECT/amr-team-bot/install/aws_robomaker_small_house_world/share/aws_robomaker_small_house_world/models/aws_robomaker_residential_FloorB_01/meshes/aws_FloorB_01_visual.DAE\n'}
[5.402128] (aws_robomaker_small_house_world) StdoutLine: {'line': b'-- Installing: /home/ashraful/HBRS/AMR/AMR_PROJECT/amr-team-bot/install/aws_robomaker_small_house_world/share/aws_robomaker_small_house_world/models/aws_robomaker_residential_FloorB_01/meshes/aws_FloorB_01_collision.DAE\n'}
[5.403294] (aws_robomaker_small_house_world) StdoutLine: {'line': b'-- Installing: /home/ashraful/HBRS/AMR/AMR_PROJECT/amr-team-bot/install/aws_robomaker_small_house_world/share/aws_robomaker_small_house_world/models/aws_robomaker_residential_FloorB_01/materials\n'}
[5.405310] (aws_robomaker_small_house_world) StdoutLine: {'line': b'-- Installing: /home/ashraful/HBRS/AMR/AMR_PROJECT/amr-team-bot/install/aws_robomaker_small_house_world/share/aws_robomaker_small_house_world/models/aws_robomaker_residential_FloorB_01/materials/textures\n'}
[5.408103] (-) TimerEvent: {}
[5.408975] (aws_robomaker_small_house_world) StdoutLine: {'line': b'-- Installing: /home/ashraful/HBRS/AMR/AMR_PROJECT/amr-team-bot/install/aws_robomaker_small_house_world/share/aws_robomaker_small_house_world/models/aws_robomaker_residential_FloorB_01/materials/textures/aws_FloorB_01.png\n'}
[5.409701] (aws_robomaker_small_house_world) StdoutLine: {'line': b'-- Installing: /home/ashraful/HBRS/AMR/AMR_PROJECT/amr-team-bot/install/aws_robomaker_small_house_world/share/aws_robomaker_small_house_world/models/aws_robomaker_residential_FloorB_01/model.config\n'}
[5.409926] (aws_robomaker_small_house_world) StdoutLine: {'line': b'-- Installing: /home/ashraful/HBRS/AMR/AMR_PROJECT/amr-team-bot/install/aws_robomaker_small_house_world/share/aws_robomaker_small_house_world/models/aws_robomaker_residential_RoomWindow_01\n'}
[5.410122] (aws_robomaker_small_house_world) StdoutLine: {'line': b'-- Installing: /home/ashraful/HBRS/AMR/AMR_PROJECT/amr-team-bot/install/aws_robomaker_small_house_world/share/aws_robomaker_small_house_world/models/aws_robomaker_residential_RoomWindow_01/model.sdf\n'}
[5.420042] (aws_robomaker_small_house_world) StdoutLine: {'line': b'-- Installing: /home/ashraful/HBRS/AMR/AMR_PROJECT/amr-team-bot/install/aws_robomaker_small_house_world/share/aws_robomaker_small_house_world/models/aws_robomaker_residential_RoomWindow_01/meshes\n'}
[5.420783] (aws_robomaker_small_house_world) StdoutLine: {'line': b'-- Installing: /home/ashraful/HBRS/AMR/AMR_PROJECT/amr-team-bot/install/aws_robomaker_small_house_world/share/aws_robomaker_small_house_world/models/aws_robomaker_residential_RoomWindow_01/meshes/aws_RoomWindow_01_visual.DAE\n'}
[5.430060] (aws_robomaker_small_house_world) StdoutLine: {'line': b'-- Installing: /home/ashraful/HBRS/AMR/AMR_PROJECT/amr-team-bot/install/aws_robomaker_small_house_world/share/aws_robomaker_small_house_world/models/aws_robomaker_residential_RoomWindow_01/meshes/aws_RoomWindow_01_collision.DAE\n'}
[5.432262] (aws_robomaker_small_house_world) StdoutLine: {'line': b'-- Installing: /home/ashraful/HBRS/AMR/AMR_PROJECT/amr-team-bot/install/aws_robomaker_small_house_world/share/aws_robomaker_small_house_world/models/aws_robomaker_residential_RoomWindow_01/materials\n'}
[5.432586] (aws_robomaker_small_house_world) StdoutLine: {'line': b'-- Installing: /home/ashraful/HBRS/AMR/AMR_PROJECT/amr-team-bot/install/aws_robomaker_small_house_world/share/aws_robomaker_small_house_world/models/aws_robomaker_residential_RoomWindow_01/materials/textures\n'}
[5.432822] (aws_robomaker_small_house_world) StdoutLine: {'line': b'-- Installing: /home/ashraful/HBRS/AMR/AMR_PROJECT/amr-team-bot/install/aws_robomaker_small_house_world/share/aws_robomaker_small_house_world/models/aws_robomaker_residential_RoomWindow_01/materials/textures/aws_RoomWindow_01.png\n'}
[5.433014] (aws_robomaker_small_house_world) StdoutLine: {'line': b'-- Installing: /home/ashraful/HBRS/AMR/AMR_PROJECT/amr-team-bot/install/aws_robomaker_small_house_world/share/aws_robomaker_small_house_world/models/aws_robomaker_residential_RoomWindow_01/model.config\n'}
[5.439866] (aws_robomaker_small_house_world) StdoutLine: {'line': b'-- Installing: /home/ashraful/HBRS/AMR/AMR_PROJECT/amr-team-bot/install/aws_robomaker_small_house_world/share/aws_robomaker_small_house_world/models/aws_robomaker_residential_PortraitB_03\n'}
[5.442439] (aws_robomaker_small_house_world) StdoutLine: {'line': b'-- Installing: /home/ashraful/HBRS/AMR/AMR_PROJECT/amr-team-bot/install/aws_robomaker_small_house_world/share/aws_robomaker_small_house_world/models/aws_robomaker_residential_PortraitB_03/model.sdf\n'}
[5.443529] (aws_robomaker_small_house_world) StdoutLine: {'line': b'-- Installing: /home/ashraful/HBRS/AMR/AMR_PROJECT/amr-team-bot/install/aws_robomaker_small_house_world/share/aws_robomaker_small_house_world/models/aws_robomaker_residential_PortraitB_03/meshes\n'}
[5.444364] (aws_robomaker_small_house_world) StdoutLine: {'line': b'-- Installing: /home/ashraful/HBRS/AMR/AMR_PROJECT/amr-team-bot/install/aws_robomaker_small_house_world/share/aws_robomaker_small_house_world/models/aws_robomaker_residential_PortraitB_03/meshes/aws_PortraitB_01_collision.DAE\n'}
[5.444588] (aws_robomaker_small_house_world) StdoutLine: {'line': b'-- Installing: /home/ashraful/HBRS/AMR/AMR_PROJECT/amr-team-bot/install/aws_robomaker_small_house_world/share/aws_robomaker_small_house_world/models/aws_robomaker_residential_PortraitB_03/meshes/aws_PortraitB_01_visual.DAE\n'}
[5.444777] (aws_robomaker_small_house_world) StdoutLine: {'line': b'-- Installing: /home/ashraful/HBRS/AMR/AMR_PROJECT/amr-team-bot/install/aws_robomaker_small_house_world/share/aws_robomaker_small_house_world/models/aws_robomaker_residential_PortraitB_03/materials\n'}
[5.453885] (aws_robomaker_small_house_world) StdoutLine: {'line': b'-- Installing: /home/ashraful/HBRS/AMR/AMR_PROJECT/amr-team-bot/install/aws_robomaker_small_house_world/share/aws_robomaker_small_house_world/models/aws_robomaker_residential_PortraitB_03/materials/textures\n'}
[5.455797] (aws_robomaker_small_house_world) StdoutLine: {'line': b'-- Installing: /home/ashraful/HBRS/AMR/AMR_PROJECT/amr-team-bot/install/aws_robomaker_small_house_world/share/aws_robomaker_small_house_world/models/aws_robomaker_residential_PortraitB_03/materials/textures/aws_PortraitB_01.png\n'}
[5.456063] (aws_robomaker_small_house_world) StdoutLine: {'line': b'-- Installing: /home/ashraful/HBRS/AMR/AMR_PROJECT/amr-team-bot/install/aws_robomaker_small_house_world/share/aws_robomaker_small_house_world/models/aws_robomaker_residential_PortraitB_03/materials/textures/aws_PortraitB_02.png\n'}
[5.463938] (aws_robomaker_small_house_world) StdoutLine: {'line': b'-- Installing: /home/ashraful/HBRS/AMR/AMR_PROJECT/amr-team-bot/install/aws_robomaker_small_house_world/share/aws_robomaker_small_house_world/models/aws_robomaker_residential_PortraitB_03/model.config\n'}
[5.465824] (aws_robomaker_small_house_world) StdoutLine: {'line': b'-- Installing: /home/ashraful/HBRS/AMR/AMR_PROJECT/amr-team-bot/install/aws_robomaker_small_house_world/share/aws_robomaker_small_house_world/models/aws_robomaker_residential_AirconditionerB_01\n'}
[5.466100] (aws_robomaker_small_house_world) StdoutLine: {'line': b'-- Installing: /home/ashraful/HBRS/AMR/AMR_PROJECT/amr-team-bot/install/aws_robomaker_small_house_world/share/aws_robomaker_small_house_world/models/aws_robomaker_residential_AirconditionerB_01/model.sdf\n'}
[5.470133] (aws_robomaker_small_house_world) StdoutLine: {'line': b'-- Installing: /home/ashraful/HBRS/AMR/AMR_PROJECT/amr-team-bot/install/aws_robomaker_small_house_world/share/aws_robomaker_small_house_world/models/aws_robomaker_residential_AirconditionerB_01/meshes\n'}
[5.471394] (aws_robomaker_small_house_world) StdoutLine: {'line': b'-- Installing: /home/ashraful/HBRS/AMR/AMR_PROJECT/amr-team-bot/install/aws_robomaker_small_house_world/share/aws_robomaker_small_house_world/models/aws_robomaker_residential_AirconditionerB_01/meshes/aws_AirconditionerB_01_collision.DAE\n'}
[5.476538] (aws_robomaker_small_house_world) StdoutLine: {'line': b'-- Installing: /home/ashraful/HBRS/AMR/AMR_PROJECT/amr-team-bot/install/aws_robomaker_small_house_world/share/aws_robomaker_small_house_world/models/aws_robomaker_residential_AirconditionerB_01/meshes/aws_AirconditionerB_01_visual.DAE\n'}
[5.476927] (aws_robomaker_small_house_world) StdoutLine: {'line': b'-- Installing: /home/ashraful/HBRS/AMR/AMR_PROJECT/amr-team-bot/install/aws_robomaker_small_house_world/share/aws_robomaker_small_house_world/models/aws_robomaker_residential_AirconditionerB_01/materials\n'}
[5.480763] (aws_robomaker_small_house_world) StdoutLine: {'line': b'-- Installing: /home/ashraful/HBRS/AMR/AMR_PROJECT/amr-team-bot/install/aws_robomaker_small_house_world/share/aws_robomaker_small_house_world/models/aws_robomaker_residential_AirconditionerB_01/materials/textures\n'}
[5.486471] (aws_robomaker_small_house_world) StdoutLine: {'line': b'-- Installing: /home/ashraful/HBRS/AMR/AMR_PROJECT/amr-team-bot/install/aws_robomaker_small_house_world/share/aws_robomaker_small_house_world/models/aws_robomaker_residential_AirconditionerB_01/materials/textures/aws_AirconditionerB_01.png\n'}
[5.487270] (aws_robomaker_small_house_world) StdoutLine: {'line': b'-- Installing: /home/ashraful/HBRS/AMR/AMR_PROJECT/amr-team-bot/install/aws_robomaker_small_house_world/share/aws_robomaker_small_house_world/models/aws_robomaker_residential_AirconditionerB_01/model.config\n'}
[5.487986] (aws_robomaker_small_house_world) StdoutLine: {'line': b'-- Installing: /home/ashraful/HBRS/AMR/AMR_PROJECT/amr-team-bot/install/aws_robomaker_small_house_world/share/aws_robomaker_small_house_world/models/aws_robomaker_residential_DeskPortraitA_01\n'}
[5.488508] (aws_robomaker_small_house_world) StdoutLine: {'line': b'-- Installing: /home/ashraful/HBRS/AMR/AMR_PROJECT/amr-team-bot/install/aws_robomaker_small_house_world/share/aws_robomaker_small_house_world/models/aws_robomaker_residential_DeskPortraitA_01/model.sdf\n'}
[5.489153] (aws_robomaker_small_house_world) StdoutLine: {'line': b'-- Installing: /home/ashraful/HBRS/AMR/AMR_PROJECT/amr-team-bot/install/aws_robomaker_small_house_world/share/aws_robomaker_small_house_world/models/aws_robomaker_residential_DeskPortraitA_01/meshes\n'}
[5.489675] (aws_robomaker_small_house_world) StdoutLine: {'line': b'-- Installing: /home/ashraful/HBRS/AMR/AMR_PROJECT/amr-team-bot/install/aws_robomaker_small_house_world/share/aws_robomaker_small_house_world/models/aws_robomaker_residential_DeskPortraitA_01/meshes/aws_DeskPortraitA_01_visual.DAE\n'}
[5.493783] (aws_robomaker_small_house_world) StdoutLine: {'line': b'-- Installing: /home/ashraful/HBRS/AMR/AMR_PROJECT/amr-team-bot/install/aws_robomaker_small_house_world/share/aws_robomaker_small_house_world/models/aws_robomaker_residential_DeskPortraitA_01/meshes/aws_DeskPortraitA_01_collision.DAE\n'}
[5.494810] (aws_robomaker_small_house_world) StdoutLine: {'line': b'-- Installing: /home/ashraful/HBRS/AMR/AMR_PROJECT/amr-team-bot/install/aws_robomaker_small_house_world/share/aws_robomaker_small_house_world/models/aws_robomaker_residential_DeskPortraitA_01/materials\n'}
[5.495815] (aws_robomaker_small_house_world) StdoutLine: {'line': b'-- Installing: /home/ashraful/HBRS/AMR/AMR_PROJECT/amr-team-bot/install/aws_robomaker_small_house_world/share/aws_robomaker_small_house_world/models/aws_robomaker_residential_DeskPortraitA_01/materials/textures\n'}
[5.496651] (aws_robomaker_small_house_world) StdoutLine: {'line': b'-- Installing: /home/ashraful/HBRS/AMR/AMR_PROJECT/amr-team-bot/install/aws_robomaker_small_house_world/share/aws_robomaker_small_house_world/models/aws_robomaker_residential_DeskPortraitA_01/materials/textures/aws_DeskPortraitA_01.png\n'}
[5.497884] (aws_robomaker_small_house_world) StdoutLine: {'line': b'-- Installing: /home/ashraful/HBRS/AMR/AMR_PROJECT/amr-team-bot/install/aws_robomaker_small_house_world/share/aws_robomaker_small_house_world/models/aws_robomaker_residential_DeskPortraitA_01/materials/textures/aws_DeskPortraitA_02.png\n'}
[5.504213] (aws_robomaker_small_house_world) StdoutLine: {'line': b'-- Installing: /home/ashraful/HBRS/AMR/AMR_PROJECT/amr-team-bot/install/aws_robomaker_small_house_world/share/aws_robomaker_small_house_world/models/aws_robomaker_residential_DeskPortraitA_01/model.config\n'}
[5.505471] (aws_robomaker_small_house_world) StdoutLine: {'line': b'-- Installing: /home/ashraful/HBRS/AMR/AMR_PROJECT/amr-team-bot/install/aws_robomaker_small_house_world/share/aws_robomaker_small_house_world/models/aws_robomaker_residential_TVCabinet_01\n'}
[5.506455] (aws_robomaker_small_house_world) StdoutLine: {'line': b'-- Installing: /home/ashraful/HBRS/AMR/AMR_PROJECT/amr-team-bot/install/aws_robomaker_small_house_world/share/aws_robomaker_small_house_world/models/aws_robomaker_residential_TVCabinet_01/model.sdf\n'}
[5.507107] (aws_robomaker_small_house_world) StdoutLine: {'line': b'-- Installing: /home/ashraful/HBRS/AMR/AMR_PROJECT/amr-team-bot/install/aws_robomaker_small_house_world/share/aws_robomaker_small_house_world/models/aws_robomaker_residential_TVCabinet_01/meshes\n'}
[5.508019] (aws_robomaker_small_house_world) StdoutLine: {'line': b'-- Installing: /home/ashraful/HBRS/AMR/AMR_PROJECT/amr-team-bot/install/aws_robomaker_small_house_world/share/aws_robomaker_small_house_world/models/aws_robomaker_residential_TVCabinet_01/meshes/aws_TVCabinet_01_collision.DAE\n'}
[5.509440] (-) TimerEvent: {}
[5.510238] (aws_robomaker_small_house_world) StdoutLine: {'line': b'-- Installing: /home/ashraful/HBRS/AMR/AMR_PROJECT/amr-team-bot/install/aws_robomaker_small_house_world/share/aws_robomaker_small_house_world/models/aws_robomaker_residential_TVCabinet_01/meshes/aws_TVCabinet_01_visual.DAE\n'}
[5.511153] (aws_robomaker_small_house_world) StdoutLine: {'line': b'-- Installing: /home/ashraful/HBRS/AMR/AMR_PROJECT/amr-team-bot/install/aws_robomaker_small_house_world/share/aws_robomaker_small_house_world/models/aws_robomaker_residential_TVCabinet_01/materials\n'}
[5.512040] (aws_robomaker_small_house_world) StdoutLine: {'line': b'-- Installing: /home/ashraful/HBRS/AMR/AMR_PROJECT/amr-team-bot/install/aws_robomaker_small_house_world/share/aws_robomaker_small_house_world/models/aws_robomaker_residential_TVCabinet_01/materials/textures\n'}
[5.512969] (aws_robomaker_small_house_world) StdoutLine: {'line': b'-- Installing: /home/ashraful/HBRS/AMR/AMR_PROJECT/amr-team-bot/install/aws_robomaker_small_house_world/share/aws_robomaker_small_house_world/models/aws_robomaker_residential_TVCabinet_01/materials/textures/aws_TVCabinet_01.png\n'}
[5.520052] (aws_robomaker_small_house_world) StdoutLine: {'line': b'-- Installing: /home/ashraful/HBRS/AMR/AMR_PROJECT/amr-team-bot/install/aws_robomaker_small_house_world/share/aws_robomaker_small_house_world/models/aws_robomaker_residential_TVCabinet_01/model.config\n'}
[5.521823] (aws_robomaker_small_house_world) StdoutLine: {'line': b'-- Installing: /home/ashraful/HBRS/AMR/AMR_PROJECT/amr-team-bot/install/aws_robomaker_small_house_world/share/aws_robomaker_small_house_world/models/aws_robomaker_residential_ShoeRack_01\n'}
[5.523725] (aws_robomaker_small_house_world) StdoutLine: {'line': b'-- Installing: /home/ashraful/HBRS/AMR/AMR_PROJECT/amr-team-bot/install/aws_robomaker_small_house_world/share/aws_robomaker_small_house_world/models/aws_robomaker_residential_ShoeRack_01/model.sdf\n'}
[5.528378] (aws_robomaker_small_house_world) StdoutLine: {'line': b'-- Installing: /home/ashraful/HBRS/AMR/AMR_PROJECT/amr-team-bot/install/aws_robomaker_small_house_world/share/aws_robomaker_small_house_world/models/aws_robomaker_residential_ShoeRack_01/meshes\n'}
[5.537526] (aws_robomaker_small_house_world) StdoutLine: {'line': b'-- Installing: /home/ashraful/HBRS/AMR/AMR_PROJECT/amr-team-bot/install/aws_robomaker_small_house_world/share/aws_robomaker_small_house_world/models/aws_robomaker_residential_ShoeRack_01/meshes/aws_ShoeRack_01_visual.DAE\n'}
[5.538738] (aws_robomaker_small_house_world) StdoutLine: {'line': b'-- Installing: /home/ashraful/HBRS/AMR/AMR_PROJECT/amr-team-bot/install/aws_robomaker_small_house_world/share/aws_robomaker_small_house_world/models/aws_robomaker_residential_ShoeRack_01/meshes/aws_ShoeRack_01_collision.DAE\n'}
[5.541067] (aws_robomaker_small_house_world) StdoutLine: {'line': b'-- Installing: /home/ashraful/HBRS/AMR/AMR_PROJECT/amr-team-bot/install/aws_robomaker_small_house_world/share/aws_robomaker_small_house_world/models/aws_robomaker_residential_ShoeRack_01/materials\n'}
[5.542531] (aws_robomaker_small_house_world) StdoutLine: {'line': b'-- Installing: /home/ashraful/HBRS/AMR/AMR_PROJECT/amr-team-bot/install/aws_robomaker_small_house_world/share/aws_robomaker_small_house_world/models/aws_robomaker_residential_ShoeRack_01/materials/textures\n'}
[5.544452] (aws_robomaker_small_house_world) StdoutLine: {'line': b'-- Installing: /home/ashraful/HBRS/AMR/AMR_PROJECT/amr-team-bot/install/aws_robomaker_small_house_world/share/aws_robomaker_small_house_world/models/aws_robomaker_residential_ShoeRack_01/materials/textures/aws_ShoeRack_01.png\n'}
[5.551801] (aws_robomaker_small_house_world) StdoutLine: {'line': b'-- Installing: /home/ashraful/HBRS/AMR/AMR_PROJECT/amr-team-bot/install/aws_robomaker_small_house_world/share/aws_robomaker_small_house_world/models/aws_robomaker_residential_ShoeRack_01/model.config\n'}
[5.556568] (aws_robomaker_small_house_world) StdoutLine: {'line': b'-- Installing: /home/ashraful/HBRS/AMR/AMR_PROJECT/amr-team-bot/install/aws_robomaker_small_house_world/share/aws_robomaker_small_house_world/models/aws_robomaker_residential_CookingBench_01\n'}
[5.559844] (aws_robomaker_small_house_world) StdoutLine: {'line': b'-- Installing: /home/ashraful/HBRS/AMR/AMR_PROJECT/amr-team-bot/install/aws_robomaker_small_house_world/share/aws_robomaker_small_house_world/models/aws_robomaker_residential_CookingBench_01/model.sdf\n'}
[5.561686] (aws_robomaker_small_house_world) StdoutLine: {'line': b'-- Installing: /home/ashraful/HBRS/AMR/AMR_PROJECT/amr-team-bot/install/aws_robomaker_small_house_world/share/aws_robomaker_small_house_world/models/aws_robomaker_residential_CookingBench_01/meshes\n'}
[5.562011] (aws_robomaker_small_house_world) StdoutLine: {'line': b'-- Installing: /home/ashraful/HBRS/AMR/AMR_PROJECT/amr-team-bot/install/aws_robomaker_small_house_world/share/aws_robomaker_small_house_world/models/aws_robomaker_residential_CookingBench_01/meshes/aws_CookingBench_01_collision.DAE\n'}
[5.565468] (aws_robomaker_small_house_world) StdoutLine: {'line': b'-- Installing: /home/ashraful/HBRS/AMR/AMR_PROJECT/amr-team-bot/install/aws_robomaker_small_house_world/share/aws_robomaker_small_house_world/models/aws_robomaker_residential_CookingBench_01/meshes/aws_CookingBench_01.DAE\n'}
[5.568606] (aws_robomaker_small_house_world) StdoutLine: {'line': b'-- Installing: /home/ashraful/HBRS/AMR/AMR_PROJECT/amr-team-bot/install/aws_robomaker_small_house_world/share/aws_robomaker_small_house_world/models/aws_robomaker_residential_CookingBench_01/meshes/aws_CookingBench_01_visual.DAE\n'}
[5.573264] (aws_robomaker_small_house_world) StdoutLine: {'line': b'-- Installing: /home/ashraful/HBRS/AMR/AMR_PROJECT/amr-team-bot/install/aws_robomaker_small_house_world/share/aws_robomaker_small_house_world/models/aws_robomaker_residential_CookingBench_01/materials\n'}
[5.576811] (aws_robomaker_small_house_world) StdoutLine: {'line': b'-- Installing: /home/ashraful/HBRS/AMR/AMR_PROJECT/amr-team-bot/install/aws_robomaker_small_house_world/share/aws_robomaker_small_house_world/models/aws_robomaker_residential_CookingBench_01/materials/textures\n'}
[5.580304] (aws_robomaker_small_house_world) StdoutLine: {'line': b'-- Installing: /home/ashraful/HBRS/AMR/AMR_PROJECT/amr-team-bot/install/aws_robomaker_small_house_world/share/aws_robomaker_small_house_world/models/aws_robomaker_residential_CookingBench_01/materials/textures/aws_CookingBench_01.png\n'}
[5.588185] (aws_robomaker_small_house_world) StdoutLine: {'line': b'-- Installing: /home/ashraful/HBRS/AMR/AMR_PROJECT/amr-team-bot/install/aws_robomaker_small_house_world/share/aws_robomaker_small_house_world/models/aws_robomaker_residential_CookingBench_01/model.config\n'}
[5.592089] (aws_robomaker_small_house_world) StdoutLine: {'line': b'-- Installing: /home/ashraful/HBRS/AMR/AMR_PROJECT/amr-team-bot/install/aws_robomaker_small_house_world/share/aws_robomaker_small_house_world/models/aws_robomaker_residential_TV_01\n'}
[5.593429] (aws_robomaker_small_house_world) StdoutLine: {'line': b'-- Installing: /home/ashraful/HBRS/AMR/AMR_PROJECT/amr-team-bot/install/aws_robomaker_small_house_world/share/aws_robomaker_small_house_world/models/aws_robomaker_residential_TV_01/model.sdf\n'}
[5.596892] (aws_robomaker_small_house_world) StdoutLine: {'line': b'-- Installing: /home/ashraful/HBRS/AMR/AMR_PROJECT/amr-team-bot/install/aws_robomaker_small_house_world/share/aws_robomaker_small_house_world/models/aws_robomaker_residential_TV_01/meshes\n'}
[5.603882] (aws_robomaker_small_house_world) StdoutLine: {'line': b'-- Installing: /home/ashraful/HBRS/AMR/AMR_PROJECT/amr-team-bot/install/aws_robomaker_small_house_world/share/aws_robomaker_small_house_world/models/aws_robomaker_residential_TV_01/meshes/aws_TV_01_visual.DAE\n'}
[5.604159] (aws_robomaker_small_house_world) StdoutLine: {'line': b'-- Installing: /home/ashraful/HBRS/AMR/AMR_PROJECT/amr-team-bot/install/aws_robomaker_small_house_world/share/aws_robomaker_small_house_world/models/aws_robomaker_residential_TV_01/meshes/aws_TV_01_collision.DAE\n'}
[5.604667] (aws_robomaker_small_house_world) StdoutLine: {'line': b'-- Installing: /home/ashraful/HBRS/AMR/AMR_PROJECT/amr-team-bot/install/aws_robomaker_small_house_world/share/aws_robomaker_small_house_world/models/aws_robomaker_residential_TV_01/materials\n'}
[5.604881] (aws_robomaker_small_house_world) StdoutLine: {'line': b'-- Installing: /home/ashraful/HBRS/AMR/AMR_PROJECT/amr-team-bot/install/aws_robomaker_small_house_world/share/aws_robomaker_small_house_world/models/aws_robomaker_residential_TV_01/materials/textures\n'}
[5.605066] (aws_robomaker_small_house_world) StdoutLine: {'line': b'-- Installing: /home/ashraful/HBRS/AMR/AMR_PROJECT/amr-team-bot/install/aws_robomaker_small_house_world/share/aws_robomaker_small_house_world/models/aws_robomaker_residential_TV_01/materials/textures/aws_TV_01.png\n'}
[5.605271] (aws_robomaker_small_house_world) StdoutLine: {'line': b'-- Installing: /home/ashraful/HBRS/AMR/AMR_PROJECT/amr-team-bot/install/aws_robomaker_small_house_world/share/aws_robomaker_small_house_world/models/aws_robomaker_residential_TV_01/model.config\n'}
[5.614788] (aws_robomaker_small_house_world) StdoutLine: {'line': b'-- Installing: /home/ashraful/HBRS/AMR/AMR_PROJECT/amr-team-bot/install/aws_robomaker_small_house_world/share/aws_robomaker_small_house_world/models/aws_robomaker_residential_DeskPortraitC_01\n'}
[5.615391] (-) TimerEvent: {}
[5.616056] (aws_robomaker_small_house_world) StdoutLine: {'line': b'-- Installing: /home/ashraful/HBRS/AMR/AMR_PROJECT/amr-team-bot/install/aws_robomaker_small_house_world/share/aws_robomaker_small_house_world/models/aws_robomaker_residential_DeskPortraitC_01/model.sdf\n'}
[5.616360] (aws_robomaker_small_house_world) StdoutLine: {'line': b'-- Installing: /home/ashraful/HBRS/AMR/AMR_PROJECT/amr-team-bot/install/aws_robomaker_small_house_world/share/aws_robomaker_small_house_world/models/aws_robomaker_residential_DeskPortraitC_01/meshes\n'}
[5.616604] (aws_robomaker_small_house_world) StdoutLine: {'line': b'-- Installing: /home/ashraful/HBRS/AMR/AMR_PROJECT/amr-team-bot/install/aws_robomaker_small_house_world/share/aws_robomaker_small_house_world/models/aws_robomaker_residential_DeskPortraitC_01/meshes/aws_DeskPortraitC_01_visual.DAE\n'}
[5.616811] (aws_robomaker_small_house_world) StdoutLine: {'line': b'-- Installing: /home/ashraful/HBRS/AMR/AMR_PROJECT/amr-team-bot/install/aws_robomaker_small_house_world/share/aws_robomaker_small_house_world/models/aws_robomaker_residential_DeskPortraitC_01/meshes/aws_DeskPortraitC_01_collision.DAE\n'}
[5.616986] (aws_robomaker_small_house_world) StdoutLine: {'line': b'-- Installing: /home/ashraful/HBRS/AMR/AMR_PROJECT/amr-team-bot/install/aws_robomaker_small_house_world/share/aws_robomaker_small_house_world/models/aws_robomaker_residential_DeskPortraitC_01/materials\n'}
[5.617151] (aws_robomaker_small_house_world) StdoutLine: {'line': b'-- Installing: /home/ashraful/HBRS/AMR/AMR_PROJECT/amr-team-bot/install/aws_robomaker_small_house_world/share/aws_robomaker_small_house_world/models/aws_robomaker_residential_DeskPortraitC_01/materials/textures\n'}
[5.617370] (aws_robomaker_small_house_world) StdoutLine: {'line': b'-- Installing: /home/ashraful/HBRS/AMR/AMR_PROJECT/amr-team-bot/install/aws_robomaker_small_house_world/share/aws_robomaker_small_house_world/models/aws_robomaker_residential_DeskPortraitC_01/materials/textures/aws_DeskPortraitC_02.png\n'}
[5.620419] (aws_robomaker_small_house_world) StdoutLine: {'line': b'-- Installing: /home/ashraful/HBRS/AMR/AMR_PROJECT/amr-team-bot/install/aws_robomaker_small_house_world/share/aws_robomaker_small_house_world/models/aws_robomaker_residential_DeskPortraitC_01/materials/textures/aws_DeskPortraitC_01.png\n'}
[5.622041] (aws_robomaker_small_house_world) StdoutLine: {'line': b'-- Installing: /home/ashraful/HBRS/AMR/AMR_PROJECT/amr-team-bot/install/aws_robomaker_small_house_world/share/aws_robomaker_small_house_world/models/aws_robomaker_residential_DeskPortraitC_01/model.config\n'}
[5.622236] (aws_robomaker_small_house_world) StdoutLine: {'line': b'-- Installing: /home/ashraful/HBRS/AMR/AMR_PROJECT/amr-team-bot/install/aws_robomaker_small_house_world/share/aws_robomaker_small_house_world/models/aws_robomaker_residential_Tablet_01\n'}
[5.622415] (aws_robomaker_small_house_world) StdoutLine: {'line': b'-- Installing: /home/ashraful/HBRS/AMR/AMR_PROJECT/amr-team-bot/install/aws_robomaker_small_house_world/share/aws_robomaker_small_house_world/models/aws_robomaker_residential_Tablet_01/model.sdf\n'}
[5.628864] (aws_robomaker_small_house_world) StdoutLine: {'line': b'-- Installing: /home/ashraful/HBRS/AMR/AMR_PROJECT/amr-team-bot/install/aws_robomaker_small_house_world/share/aws_robomaker_small_house_world/models/aws_robomaker_residential_Tablet_01/meshes\n'}
[5.629693] (aws_robomaker_small_house_world) StdoutLine: {'line': b'-- Installing: /home/ashraful/HBRS/AMR/AMR_PROJECT/amr-team-bot/install/aws_robomaker_small_house_world/share/aws_robomaker_small_house_world/models/aws_robomaker_residential_Tablet_01/meshes/aws_Tablet_01_visual.DAE\n'}
[5.629946] (aws_robomaker_small_house_world) StdoutLine: {'line': b'-- Installing: /home/ashraful/HBRS/AMR/AMR_PROJECT/amr-team-bot/install/aws_robomaker_small_house_world/share/aws_robomaker_small_house_world/models/aws_robomaker_residential_Tablet_01/meshes/aws_Tablet_01_collision.DAE\n'}
[5.630158] (aws_robomaker_small_house_world) StdoutLine: {'line': b'-- Installing: /home/ashraful/HBRS/AMR/AMR_PROJECT/amr-team-bot/install/aws_robomaker_small_house_world/share/aws_robomaker_small_house_world/models/aws_robomaker_residential_Tablet_01/materials\n'}
[5.630348] (aws_robomaker_small_house_world) StdoutLine: {'line': b'-- Installing: /home/ashraful/HBRS/AMR/AMR_PROJECT/amr-team-bot/install/aws_robomaker_small_house_world/share/aws_robomaker_small_house_world/models/aws_robomaker_residential_Tablet_01/materials/textures\n'}
[5.633293] (aws_robomaker_small_house_world) StdoutLine: {'line': b'-- Installing: /home/ashraful/HBRS/AMR/AMR_PROJECT/amr-team-bot/install/aws_robomaker_small_house_world/share/aws_robomaker_small_house_world/models/aws_robomaker_residential_Tablet_01/materials/textures/aws_Tablet_01_nologo.png\n'}
[5.635903] (aws_robomaker_small_house_world) StdoutLine: {'line': b'-- Installing: /home/ashraful/HBRS/AMR/AMR_PROJECT/amr-team-bot/install/aws_robomaker_small_house_world/share/aws_robomaker_small_house_world/models/aws_robomaker_residential_Tablet_01/model.config\n'}
[5.636181] (aws_robomaker_small_house_world) StdoutLine: {'line': b'-- Installing: /home/ashraful/HBRS/AMR/AMR_PROJECT/amr-team-bot/install/aws_robomaker_small_house_world/share/aws_robomaker_small_house_world/models/aws_robomaker_residential_TV_02\n'}
[5.636383] (aws_robomaker_small_house_world) StdoutLine: {'line': b'-- Installing: /home/ashraful/HBRS/AMR/AMR_PROJECT/amr-team-bot/install/aws_robomaker_small_house_world/share/aws_robomaker_small_house_world/models/aws_robomaker_residential_TV_02/model.sdf\n'}
[5.641786] (aws_robomaker_small_house_world) StdoutLine: {'line': b'-- Installing: /home/ashraful/HBRS/AMR/AMR_PROJECT/amr-team-bot/install/aws_robomaker_small_house_world/share/aws_robomaker_small_house_world/models/aws_robomaker_residential_TV_02/meshes\n'}
[5.642552] (aws_robomaker_small_house_world) StdoutLine: {'line': b'-- Installing: /home/ashraful/HBRS/AMR/AMR_PROJECT/amr-team-bot/install/aws_robomaker_small_house_world/share/aws_robomaker_small_house_world/models/aws_robomaker_residential_TV_02/meshes/aws_TV_01_visual.DAE\n'}
[5.642803] (aws_robomaker_small_house_world) StdoutLine: {'line': b'-- Installing: /home/ashraful/HBRS/AMR/AMR_PROJECT/amr-team-bot/install/aws_robomaker_small_house_world/share/aws_robomaker_small_house_world/models/aws_robomaker_residential_TV_02/meshes/aws_TV_01_collision.DAE\n'}
[5.642999] (aws_robomaker_small_house_world) StdoutLine: {'line': b'-- Installing: /home/ashraful/HBRS/AMR/AMR_PROJECT/amr-team-bot/install/aws_robomaker_small_house_world/share/aws_robomaker_small_house_world/models/aws_robomaker_residential_TV_02/materials\n'}
[5.647976] (aws_robomaker_small_house_world) StdoutLine: {'line': b'-- Installing: /home/ashraful/HBRS/AMR/AMR_PROJECT/amr-team-bot/install/aws_robomaker_small_house_world/share/aws_robomaker_small_house_world/models/aws_robomaker_residential_TV_02/materials/textures\n'}
[5.649467] (aws_robomaker_small_house_world) StdoutLine: {'line': b'-- Installing: /home/ashraful/HBRS/AMR/AMR_PROJECT/amr-team-bot/install/aws_robomaker_small_house_world/share/aws_robomaker_small_house_world/models/aws_robomaker_residential_TV_02/materials/textures/aws_TV_01.png\n'}
[5.649967] (aws_robomaker_small_house_world) StdoutLine: {'line': b'-- Installing: /home/ashraful/HBRS/AMR/AMR_PROJECT/amr-team-bot/install/aws_robomaker_small_house_world/share/aws_robomaker_small_house_world/models/aws_robomaker_residential_TV_02/model.config\n'}
[5.650169] (aws_robomaker_small_house_world) StdoutLine: {'line': b'-- Installing: /home/ashraful/HBRS/AMR/AMR_PROJECT/amr-team-bot/install/aws_robomaker_small_house_world/share/aws_robomaker_small_house_world/models/aws_robomaker_residential_RoomCeiling_01\n'}
[5.650361] (aws_robomaker_small_house_world) StdoutLine: {'line': b'-- Installing: /home/ashraful/HBRS/AMR/AMR_PROJECT/amr-team-bot/install/aws_robomaker_small_house_world/share/aws_robomaker_small_house_world/models/aws_robomaker_residential_RoomCeiling_01/model.sdf\n'}
[5.654787] (aws_robomaker_small_house_world) StdoutLine: {'line': b'-- Installing: /home/ashraful/HBRS/AMR/AMR_PROJECT/amr-team-bot/install/aws_robomaker_small_house_world/share/aws_robomaker_small_house_world/models/aws_robomaker_residential_RoomCeiling_01/meshes\n'}
[5.655063] (aws_robomaker_small_house_world) StdoutLine: {'line': b'-- Installing: /home/ashraful/HBRS/AMR/AMR_PROJECT/amr-team-bot/install/aws_robomaker_small_house_world/share/aws_robomaker_small_house_world/models/aws_robomaker_residential_RoomCeiling_01/meshes/aws_RoomCeiling_01_collision.DAE\n'}
[5.655277] (aws_robomaker_small_house_world) StdoutLine: {'line': b'-- Installing: /home/ashraful/HBRS/AMR/AMR_PROJECT/amr-team-bot/install/aws_robomaker_small_house_world/share/aws_robomaker_small_house_world/models/aws_robomaker_residential_RoomCeiling_01/meshes/aws_RoomCeiling_01_visual.DAE\n'}
[5.655493] (aws_robomaker_small_house_world) StdoutLine: {'line': b'-- Installing: /home/ashraful/HBRS/AMR/AMR_PROJECT/amr-team-bot/install/aws_robomaker_small_house_world/share/aws_robomaker_small_house_world/models/aws_robomaker_residential_RoomCeiling_01/materials\n'}
[5.655702] (aws_robomaker_small_house_world) StdoutLine: {'line': b'-- Installing: /home/ashraful/HBRS/AMR/AMR_PROJECT/amr-team-bot/install/aws_robomaker_small_house_world/share/aws_robomaker_small_house_world/models/aws_robomaker_residential_RoomCeiling_01/materials/textures\n'}
[5.662325] (aws_robomaker_small_house_world) StdoutLine: {'line': b'-- Installing: /home/ashraful/HBRS/AMR/AMR_PROJECT/amr-team-bot/install/aws_robomaker_small_house_world/share/aws_robomaker_small_house_world/models/aws_robomaker_residential_RoomCeiling_01/materials/textures/aws_RoomCeiling_01.png\n'}
[5.663007] (aws_robomaker_small_house_world) StdoutLine: {'line': b'-- Installing: /home/ashraful/HBRS/AMR/AMR_PROJECT/amr-team-bot/install/aws_robomaker_small_house_world/share/aws_robomaker_small_house_world/models/aws_robomaker_residential_RoomCeiling_01/model.config\n'}
[5.663535] (aws_robomaker_small_house_world) StdoutLine: {'line': b'-- Installing: /home/ashraful/HBRS/AMR/AMR_PROJECT/amr-team-bot/install/aws_robomaker_small_house_world/share/aws_robomaker_small_house_world/models/aws_robomaker_residential_DeskPortraitB_01\n'}
[5.664084] (aws_robomaker_small_house_world) StdoutLine: {'line': b'-- Installing: /home/ashraful/HBRS/AMR/AMR_PROJECT/amr-team-bot/install/aws_robomaker_small_house_world/share/aws_robomaker_small_house_world/models/aws_robomaker_residential_DeskPortraitB_01/model.sdf\n'}
[5.667338] (aws_robomaker_small_house_world) StdoutLine: {'line': b'-- Installing: /home/ashraful/HBRS/AMR/AMR_PROJECT/amr-team-bot/install/aws_robomaker_small_house_world/share/aws_robomaker_small_house_world/models/aws_robomaker_residential_DeskPortraitB_01/meshes\n'}
[5.668506] (aws_robomaker_small_house_world) StdoutLine: {'line': b'-- Installing: /home/ashraful/HBRS/AMR/AMR_PROJECT/amr-team-bot/install/aws_robomaker_small_house_world/share/aws_robomaker_small_house_world/models/aws_robomaker_residential_DeskPortraitB_01/meshes/aws_DeskPortraitB_01_visual.DAE\n'}
[5.669060] (aws_robomaker_small_house_world) StdoutLine: {'line': b'-- Installing: /home/ashraful/HBRS/AMR/AMR_PROJECT/amr-team-bot/install/aws_robomaker_small_house_world/share/aws_robomaker_small_house_world/models/aws_robomaker_residential_DeskPortraitB_01/meshes/aws_DeskPortraitB_01_collision.DAE\n'}
[5.669509] (aws_robomaker_small_house_world) StdoutLine: {'line': b'-- Installing: /home/ashraful/HBRS/AMR/AMR_PROJECT/amr-team-bot/install/aws_robomaker_small_house_world/share/aws_robomaker_small_house_world/models/aws_robomaker_residential_DeskPortraitB_01/materials\n'}
[5.669956] (aws_robomaker_small_house_world) StdoutLine: {'line': b'-- Installing: /home/ashraful/HBRS/AMR/AMR_PROJECT/amr-team-bot/install/aws_robomaker_small_house_world/share/aws_robomaker_small_house_world/models/aws_robomaker_residential_DeskPortraitB_01/materials/textures\n'}
[5.670161] (aws_robomaker_small_house_world) StdoutLine: {'line': b'-- Installing: /home/ashraful/HBRS/AMR/AMR_PROJECT/amr-team-bot/install/aws_robomaker_small_house_world/share/aws_robomaker_small_house_world/models/aws_robomaker_residential_DeskPortraitB_01/materials/textures/aws_DeskPortraitB_01.png\n'}
[5.670379] (aws_robomaker_small_house_world) StdoutLine: {'line': b'-- Installing: /home/ashraful/HBRS/AMR/AMR_PROJECT/amr-team-bot/install/aws_robomaker_small_house_world/share/aws_robomaker_small_house_world/models/aws_robomaker_residential_DeskPortraitB_01/materials/textures/aws_DeskPortraitB_02.png\n'}
[5.670608] (aws_robomaker_small_house_world) StdoutLine: {'line': b'-- Installing: /home/ashraful/HBRS/AMR/AMR_PROJECT/amr-team-bot/install/aws_robomaker_small_house_world/share/aws_robomaker_small_house_world/models/aws_robomaker_residential_DeskPortraitB_01/model.config\n'}
[5.670801] (aws_robomaker_small_house_world) StdoutLine: {'line': b'-- Installing: /home/ashraful/HBRS/AMR/AMR_PROJECT/amr-team-bot/install/aws_robomaker_small_house_world/share/aws_robomaker_small_house_world/models/aws_robomaker_residential_SeasoningBox_01\n'}
[5.670984] (aws_robomaker_small_house_world) StdoutLine: {'line': b'-- Installing: /home/ashraful/HBRS/AMR/AMR_PROJECT/amr-team-bot/install/aws_robomaker_small_house_world/share/aws_robomaker_small_house_world/models/aws_robomaker_residential_SeasoningBox_01/model.sdf\n'}
[5.671164] (aws_robomaker_small_house_world) StdoutLine: {'line': b'-- Installing: /home/ashraful/HBRS/AMR/AMR_PROJECT/amr-team-bot/install/aws_robomaker_small_house_world/share/aws_robomaker_small_house_world/models/aws_robomaker_residential_SeasoningBox_01/meshes\n'}
[5.671344] (aws_robomaker_small_house_world) StdoutLine: {'line': b'-- Installing: /home/ashraful/HBRS/AMR/AMR_PROJECT/amr-team-bot/install/aws_robomaker_small_house_world/share/aws_robomaker_small_house_world/models/aws_robomaker_residential_SeasoningBox_01/meshes/aws_SeasoningBox_01_collision.DAE\n'}
[5.680896] (aws_robomaker_small_house_world) StdoutLine: {'line': b'-- Installing: /home/ashraful/HBRS/AMR/AMR_PROJECT/amr-team-bot/install/aws_robomaker_small_house_world/share/aws_robomaker_small_house_world/models/aws_robomaker_residential_SeasoningBox_01/meshes/aws_SeasoningBox_01_visual.DAE\n'}
[5.690989] (aws_robomaker_small_house_world) StdoutLine: {'line': b'-- Installing: /home/ashraful/HBRS/AMR/AMR_PROJECT/amr-team-bot/install/aws_robomaker_small_house_world/share/aws_robomaker_small_house_world/models/aws_robomaker_residential_SeasoningBox_01/materials\n'}
[5.692434] (aws_robomaker_small_house_world) StdoutLine: {'line': b'-- Installing: /home/ashraful/HBRS/AMR/AMR_PROJECT/amr-team-bot/install/aws_robomaker_small_house_world/share/aws_robomaker_small_house_world/models/aws_robomaker_residential_SeasoningBox_01/materials/textures\n'}
[5.696543] (aws_robomaker_small_house_world) StdoutLine: {'line': b'-- Installing: /home/ashraful/HBRS/AMR/AMR_PROJECT/amr-team-bot/install/aws_robomaker_small_house_world/share/aws_robomaker_small_house_world/models/aws_robomaker_residential_SeasoningBox_01/materials/textures/aws_SeasoningBox_01.png\n'}
[5.697258] (aws_robomaker_small_house_world) StdoutLine: {'line': b'-- Installing: /home/ashraful/HBRS/AMR/AMR_PROJECT/amr-team-bot/install/aws_robomaker_small_house_world/share/aws_robomaker_small_house_world/models/aws_robomaker_residential_SeasoningBox_01/model.config\n'}
[5.700937] (aws_robomaker_small_house_world) StdoutLine: {'line': b'-- Installing: /home/ashraful/HBRS/AMR/AMR_PROJECT/amr-team-bot/install/aws_robomaker_small_house_world/share/aws_robomaker_small_house_world/models/aws_robomaker_residential_Pillow_01\n'}
[5.701497] (aws_robomaker_small_house_world) StdoutLine: {'line': b'-- Installing: /home/ashraful/HBRS/AMR/AMR_PROJECT/amr-team-bot/install/aws_robomaker_small_house_world/share/aws_robomaker_small_house_world/models/aws_robomaker_residential_Pillow_01/model.sdf\n'}
[5.701976] (aws_robomaker_small_house_world) StdoutLine: {'line': b'-- Installing: /home/ashraful/HBRS/AMR/AMR_PROJECT/amr-team-bot/install/aws_robomaker_small_house_world/share/aws_robomaker_small_house_world/models/aws_robomaker_residential_Pillow_01/meshes\n'}
[5.702449] (aws_robomaker_small_house_world) StdoutLine: {'line': b'-- Installing: /home/ashraful/HBRS/AMR/AMR_PROJECT/amr-team-bot/install/aws_robomaker_small_house_world/share/aws_robomaker_small_house_world/models/aws_robomaker_residential_Pillow_01/meshes/aws_Pillow_01_visual.DAE\n'}
[5.703648] (aws_robomaker_small_house_world) StdoutLine: {'line': b'-- Installing: /home/ashraful/HBRS/AMR/AMR_PROJECT/amr-team-bot/install/aws_robomaker_small_house_world/share/aws_robomaker_small_house_world/models/aws_robomaker_residential_Pillow_01/meshes/aws_Pillow_01_collision.DAE\n'}
[5.705073] (aws_robomaker_small_house_world) StdoutLine: {'line': b'-- Installing: /home/ashraful/HBRS/AMR/AMR_PROJECT/amr-team-bot/install/aws_robomaker_small_house_world/share/aws_robomaker_small_house_world/models/aws_robomaker_residential_Pillow_01/materials\n'}
[5.705615] (aws_robomaker_small_house_world) StdoutLine: {'line': b'-- Installing: /home/ashraful/HBRS/AMR/AMR_PROJECT/amr-team-bot/install/aws_robomaker_small_house_world/share/aws_robomaker_small_house_world/models/aws_robomaker_residential_Pillow_01/materials/textures\n'}
[5.711564] (aws_robomaker_small_house_world) StdoutLine: {'line': b'-- Installing: /home/ashraful/HBRS/AMR/AMR_PROJECT/amr-team-bot/install/aws_robomaker_small_house_world/share/aws_robomaker_small_house_world/models/aws_robomaker_residential_Pillow_01/materials/textures/aws_Pillow_01.png\n'}
[5.718989] (aws_robomaker_small_house_world) StdoutLine: {'line': b'-- Installing: /home/ashraful/HBRS/AMR/AMR_PROJECT/amr-team-bot/install/aws_robomaker_small_house_world/share/aws_robomaker_small_house_world/models/aws_robomaker_residential_Pillow_01/model.config\n'}
[5.719773] (-) TimerEvent: {}
[5.720486] (aws_robomaker_small_house_world) StdoutLine: {'line': b'-- Installing: /home/ashraful/HBRS/AMR/AMR_PROJECT/amr-team-bot/install/aws_robomaker_small_house_world/share/aws_robomaker_small_house_world/models/aws_robomaker_residential_HouseWallB_01\n'}
[5.720858] (aws_robomaker_small_house_world) StdoutLine: {'line': b'-- Installing: /home/ashraful/HBRS/AMR/AMR_PROJECT/amr-team-bot/install/aws_robomaker_small_house_world/share/aws_robomaker_small_house_world/models/aws_robomaker_residential_HouseWallB_01/model.sdf\n'}
[5.727871] (aws_robomaker_small_house_world) StdoutLine: {'line': b'-- Installing: /home/ashraful/HBRS/AMR/AMR_PROJECT/amr-team-bot/install/aws_robomaker_small_house_world/share/aws_robomaker_small_house_world/models/aws_robomaker_residential_HouseWallB_01/meshes\n'}
[5.728295] (aws_robomaker_small_house_world) StdoutLine: {'line': b'-- Installing: /home/ashraful/HBRS/AMR/AMR_PROJECT/amr-team-bot/install/aws_robomaker_small_house_world/share/aws_robomaker_small_house_world/models/aws_robomaker_residential_HouseWallB_01/meshes/aws_HouseWallB_01_collision.DAE\n'}
[5.728554] (aws_robomaker_small_house_world) StdoutLine: {'line': b'-- Installing: /home/ashraful/HBRS/AMR/AMR_PROJECT/amr-team-bot/install/aws_robomaker_small_house_world/share/aws_robomaker_small_house_world/models/aws_robomaker_residential_HouseWallB_01/meshes/aws_HouseWallB_01_visual.DAE\n'}
[5.734512] (aws_robomaker_small_house_world) StdoutLine: {'line': b'-- Installing: /home/ashraful/HBRS/AMR/AMR_PROJECT/amr-team-bot/install/aws_robomaker_small_house_world/share/aws_robomaker_small_house_world/models/aws_robomaker_residential_HouseWallB_01/materials\n'}
[5.734752] (aws_robomaker_small_house_world) StdoutLine: {'line': b'-- Installing: /home/ashraful/HBRS/AMR/AMR_PROJECT/amr-team-bot/install/aws_robomaker_small_house_world/share/aws_robomaker_small_house_world/models/aws_robomaker_residential_HouseWallB_01/materials/textures\n'}
[5.734943] (aws_robomaker_small_house_world) StdoutLine: {'line': b'-- Installing: /home/ashraful/HBRS/AMR/AMR_PROJECT/amr-team-bot/install/aws_robomaker_small_house_world/share/aws_robomaker_small_house_world/models/aws_robomaker_residential_HouseWallB_01/materials/textures/aws_HouseWallB_01.png\n'}
[5.735127] (aws_robomaker_small_house_world) StdoutLine: {'line': b'-- Installing: /home/ashraful/HBRS/AMR/AMR_PROJECT/amr-team-bot/install/aws_robomaker_small_house_world/share/aws_robomaker_small_house_world/models/aws_robomaker_residential_HouseWallB_01/model.config\n'}
[5.735349] (aws_robomaker_small_house_world) StdoutLine: {'line': b'-- Installing: /home/ashraful/HBRS/AMR/AMR_PROJECT/amr-team-bot/install/aws_robomaker_small_house_world/share/aws_robomaker_small_house_world/models/aws_robomaker_residential_DeskPortraitD_01\n'}
[5.735567] (aws_robomaker_small_house_world) StdoutLine: {'line': b'-- Installing: /home/ashraful/HBRS/AMR/AMR_PROJECT/amr-team-bot/install/aws_robomaker_small_house_world/share/aws_robomaker_small_house_world/models/aws_robomaker_residential_DeskPortraitD_01/model.sdf\n'}
[5.735757] (aws_robomaker_small_house_world) StdoutLine: {'line': b'-- Installing: /home/ashraful/HBRS/AMR/AMR_PROJECT/amr-team-bot/install/aws_robomaker_small_house_world/share/aws_robomaker_small_house_world/models/aws_robomaker_residential_DeskPortraitD_01/meshes\n'}
[5.735932] (aws_robomaker_small_house_world) StdoutLine: {'line': b'-- Installing: /home/ashraful/HBRS/AMR/AMR_PROJECT/amr-team-bot/install/aws_robomaker_small_house_world/share/aws_robomaker_small_house_world/models/aws_robomaker_residential_DeskPortraitD_01/meshes/aws_DeskPortraitD_01_visual.DAE\n'}
[5.736130] (aws_robomaker_small_house_world) StdoutLine: {'line': b'-- Installing: /home/ashraful/HBRS/AMR/AMR_PROJECT/amr-team-bot/install/aws_robomaker_small_house_world/share/aws_robomaker_small_house_world/models/aws_robomaker_residential_DeskPortraitD_01/meshes/aws_DeskPortraitD_01_collision.DAE\n'}
[5.746842] (aws_robomaker_small_house_world) StdoutLine: {'line': b'-- Installing: /home/ashraful/HBRS/AMR/AMR_PROJECT/amr-team-bot/install/aws_robomaker_small_house_world/share/aws_robomaker_small_house_world/models/aws_robomaker_residential_DeskPortraitD_01/materials\n'}
[5.747456] (aws_robomaker_small_house_world) StdoutLine: {'line': b'-- Installing: /home/ashraful/HBRS/AMR/AMR_PROJECT/amr-team-bot/install/aws_robomaker_small_house_world/share/aws_robomaker_small_house_world/models/aws_robomaker_residential_DeskPortraitD_01/materials/textures\n'}
[5.752021] (aws_robomaker_small_house_world) StdoutLine: {'line': b'-- Installing: /home/ashraful/HBRS/AMR/AMR_PROJECT/amr-team-bot/install/aws_robomaker_small_house_world/share/aws_robomaker_small_house_world/models/aws_robomaker_residential_DeskPortraitD_01/materials/textures/aws_DeskPortraitD_02.png\n'}
[5.757028] (aws_robomaker_small_house_world) StdoutLine: {'line': b'-- Installing: /home/ashraful/HBRS/AMR/AMR_PROJECT/amr-team-bot/install/aws_robomaker_small_house_world/share/aws_robomaker_small_house_world/models/aws_robomaker_residential_DeskPortraitD_01/materials/textures/aws_DeskPortraitD_01.png\n'}
[5.757897] (aws_robomaker_small_house_world) StdoutLine: {'line': b'-- Installing: /home/ashraful/HBRS/AMR/AMR_PROJECT/amr-team-bot/install/aws_robomaker_small_house_world/share/aws_robomaker_small_house_world/models/aws_robomaker_residential_DeskPortraitD_01/model.config\n'}
[5.762042] (aws_robomaker_small_house_world) StdoutLine: {'line': b'-- Installing: /home/ashraful/HBRS/AMR/AMR_PROJECT/amr-team-bot/install/aws_robomaker_small_house_world/share/aws_robomaker_small_house_world/models/aws_robomaker_residential_PortraitD_02\n'}
[5.762647] (aws_robomaker_small_house_world) StdoutLine: {'line': b'-- Installing: /home/ashraful/HBRS/AMR/AMR_PROJECT/amr-team-bot/install/aws_robomaker_small_house_world/share/aws_robomaker_small_house_world/models/aws_robomaker_residential_PortraitD_02/model.sdf\n'}
[5.763106] (aws_robomaker_small_house_world) StdoutLine: {'line': b'-- Installing: /home/ashraful/HBRS/AMR/AMR_PROJECT/amr-team-bot/install/aws_robomaker_small_house_world/share/aws_robomaker_small_house_world/models/aws_robomaker_residential_PortraitD_02/meshes\n'}
[5.763512] (aws_robomaker_small_house_world) StdoutLine: {'line': b'-- Installing: /home/ashraful/HBRS/AMR/AMR_PROJECT/amr-team-bot/install/aws_robomaker_small_house_world/share/aws_robomaker_small_house_world/models/aws_robomaker_residential_PortraitD_02/meshes/aws_PortraitD_01_visual.DAE\n'}
[5.763955] (aws_robomaker_small_house_world) StdoutLine: {'line': b'-- Installing: /home/ashraful/HBRS/AMR/AMR_PROJECT/amr-team-bot/install/aws_robomaker_small_house_world/share/aws_robomaker_small_house_world/models/aws_robomaker_residential_PortraitD_02/meshes/aws_PortraitD_01_collision.DAE\n'}
[5.764379] (aws_robomaker_small_house_world) StdoutLine: {'line': b'-- Installing: /home/ashraful/HBRS/AMR/AMR_PROJECT/amr-team-bot/install/aws_robomaker_small_house_world/share/aws_robomaker_small_house_world/models/aws_robomaker_residential_PortraitD_02/materials\n'}
[5.769833] (aws_robomaker_small_house_world) StdoutLine: {'line': b'-- Installing: /home/ashraful/HBRS/AMR/AMR_PROJECT/amr-team-bot/install/aws_robomaker_small_house_world/share/aws_robomaker_small_house_world/models/aws_robomaker_residential_PortraitD_02/materials/textures\n'}
[5.773669] (aws_robomaker_small_house_world) StdoutLine: {'line': b'-- Installing: /home/ashraful/HBRS/AMR/AMR_PROJECT/amr-team-bot/install/aws_robomaker_small_house_world/share/aws_robomaker_small_house_world/models/aws_robomaker_residential_PortraitD_02/materials/textures/aws_PortraitD_01.png\n'}
[5.778660] (aws_robomaker_small_house_world) StdoutLine: {'line': b'-- Installing: /home/ashraful/HBRS/AMR/AMR_PROJECT/amr-team-bot/install/aws_robomaker_small_house_world/share/aws_robomaker_small_house_world/models/aws_robomaker_residential_PortraitD_02/materials/textures/aws_PortraitD_02.png\n'}
[5.781294] (aws_robomaker_small_house_world) StdoutLine: {'line': b'-- Installing: /home/ashraful/HBRS/AMR/AMR_PROJECT/amr-team-bot/install/aws_robomaker_small_house_world/share/aws_robomaker_small_house_world/models/aws_robomaker_residential_PortraitD_02/model.config\n'}
[5.782328] (aws_robomaker_small_house_world) StdoutLine: {'line': b'-- Installing: /home/ashraful/HBRS/AMR/AMR_PROJECT/amr-team-bot/install/aws_robomaker_small_house_world/share/aws_robomaker_small_house_world/models/aws_robomaker_residential_FoldingDoor_01\n'}
[5.788030] (aws_robomaker_small_house_world) StdoutLine: {'line': b'-- Installing: /home/ashraful/HBRS/AMR/AMR_PROJECT/amr-team-bot/install/aws_robomaker_small_house_world/share/aws_robomaker_small_house_world/models/aws_robomaker_residential_FoldingDoor_01/model.sdf\n'}
[5.791128] (aws_robomaker_small_house_world) StdoutLine: {'line': b'-- Installing: /home/ashraful/HBRS/AMR/AMR_PROJECT/amr-team-bot/install/aws_robomaker_small_house_world/share/aws_robomaker_small_house_world/models/aws_robomaker_residential_FoldingDoor_01/meshes\n'}
[5.799521] (aws_robomaker_small_house_world) StdoutLine: {'line': b'-- Installing: /home/ashraful/HBRS/AMR/AMR_PROJECT/amr-team-bot/install/aws_robomaker_small_house_world/share/aws_robomaker_small_house_world/models/aws_robomaker_residential_FoldingDoor_01/meshes/aws_FoldingDoor_01_visual.DAE\n'}
[5.799835] (aws_robomaker_small_house_world) StdoutLine: {'line': b'-- Installing: /home/ashraful/HBRS/AMR/AMR_PROJECT/amr-team-bot/install/aws_robomaker_small_house_world/share/aws_robomaker_small_house_world/models/aws_robomaker_residential_FoldingDoor_01/meshes/aws_FoldingDoor_01_collision.DAE\n'}
[5.800047] (aws_robomaker_small_house_world) StdoutLine: {'line': b'-- Installing: /home/ashraful/HBRS/AMR/AMR_PROJECT/amr-team-bot/install/aws_robomaker_small_house_world/share/aws_robomaker_small_house_world/models/aws_robomaker_residential_FoldingDoor_01/materials\n'}
[5.806289] (aws_robomaker_small_house_world) StdoutLine: {'line': b'-- Installing: /home/ashraful/HBRS/AMR/AMR_PROJECT/amr-team-bot/install/aws_robomaker_small_house_world/share/aws_robomaker_small_house_world/models/aws_robomaker_residential_FoldingDoor_01/materials/textures\n'}
[5.812992] (aws_robomaker_small_house_world) StdoutLine: {'line': b'-- Installing: /home/ashraful/HBRS/AMR/AMR_PROJECT/amr-team-bot/install/aws_robomaker_small_house_world/share/aws_robomaker_small_house_world/models/aws_robomaker_residential_FoldingDoor_01/materials/textures/aws_FoldingDoor_01.png\n'}
[5.815492] (aws_robomaker_small_house_world) StdoutLine: {'line': b'-- Installing: /home/ashraful/HBRS/AMR/AMR_PROJECT/amr-team-bot/install/aws_robomaker_small_house_world/share/aws_robomaker_small_house_world/models/aws_robomaker_residential_FoldingDoor_01/model.config\n'}
[5.815777] (aws_robomaker_small_house_world) StdoutLine: {'line': b'-- Installing: /home/ashraful/HBRS/AMR/AMR_PROJECT/amr-team-bot/install/aws_robomaker_small_house_world/share/aws_robomaker_small_house_world/models/aws_robomaker_residential_DeskPortraitB_02\n'}
[5.815995] (aws_robomaker_small_house_world) StdoutLine: {'line': b'-- Installing: /home/ashraful/HBRS/AMR/AMR_PROJECT/amr-team-bot/install/aws_robomaker_small_house_world/share/aws_robomaker_small_house_world/models/aws_robomaker_residential_DeskPortraitB_02/model.sdf\n'}
[5.816230] (aws_robomaker_small_house_world) StdoutLine: {'line': b'-- Installing: /home/ashraful/HBRS/AMR/AMR_PROJECT/amr-team-bot/install/aws_robomaker_small_house_world/share/aws_robomaker_small_house_world/models/aws_robomaker_residential_DeskPortraitB_02/meshes\n'}
[5.816431] (aws_robomaker_small_house_world) StdoutLine: {'line': b'-- Installing: /home/ashraful/HBRS/AMR/AMR_PROJECT/amr-team-bot/install/aws_robomaker_small_house_world/share/aws_robomaker_small_house_world/models/aws_robomaker_residential_DeskPortraitB_02/meshes/aws_DeskPortraitB_01_visual.DAE\n'}
[5.820423] (-) TimerEvent: {}
[5.824038] (aws_robomaker_small_house_world) StdoutLine: {'line': b'-- Installing: /home/ashraful/HBRS/AMR/AMR_PROJECT/amr-team-bot/install/aws_robomaker_small_house_world/share/aws_robomaker_small_house_world/models/aws_robomaker_residential_DeskPortraitB_02/meshes/aws_DeskPortraitB_01_collision.DAE\n'}
[5.824413] (aws_robomaker_small_house_world) StdoutLine: {'line': b'-- Installing: /home/ashraful/HBRS/AMR/AMR_PROJECT/amr-team-bot/install/aws_robomaker_small_house_world/share/aws_robomaker_small_house_world/models/aws_robomaker_residential_DeskPortraitB_02/materials\n'}
[5.833627] (robile_interfaces) StdoutLine: {'line': b'[ 30%] Built target robile_interfaces__rosidl_generator_c\n'}
[5.833959] (aws_robomaker_small_house_world) StdoutLine: {'line': b'-- Installing: /home/ashraful/HBRS/AMR/AMR_PROJECT/amr-team-bot/install/aws_robomaker_small_house_world/share/aws_robomaker_small_house_world/models/aws_robomaker_residential_DeskPortraitB_02/materials/textures\n'}
[5.834182] (aws_robomaker_small_house_world) StdoutLine: {'line': b'-- Installing: /home/ashraful/HBRS/AMR/AMR_PROJECT/amr-team-bot/install/aws_robomaker_small_house_world/share/aws_robomaker_small_house_world/models/aws_robomaker_residential_DeskPortraitB_02/materials/textures/aws_DeskPortraitB_01.png\n'}
[5.834392] (aws_robomaker_small_house_world) StdoutLine: {'line': b'-- Installing: /home/ashraful/HBRS/AMR/AMR_PROJECT/amr-team-bot/install/aws_robomaker_small_house_world/share/aws_robomaker_small_house_world/models/aws_robomaker_residential_DeskPortraitB_02/materials/textures/aws_DeskPortraitB_02.png\n'}
[5.834620] (aws_robomaker_small_house_world) StdoutLine: {'line': b'-- Installing: /home/ashraful/HBRS/AMR/AMR_PROJECT/amr-team-bot/install/aws_robomaker_small_house_world/share/aws_robomaker_small_house_world/models/aws_robomaker_residential_DeskPortraitB_02/model.config\n'}
[5.839526] (aws_robomaker_small_house_world) StdoutLine: {'line': b'-- Installing: /home/ashraful/HBRS/AMR/AMR_PROJECT/amr-team-bot/install/aws_robomaker_small_house_world/share/aws_robomaker_small_house_world/models/aws_robomaker_residential_KitchenTable_01\n'}
[5.851832] (aws_robomaker_small_house_world) StdoutLine: {'line': b'-- Installing: /home/ashraful/HBRS/AMR/AMR_PROJECT/amr-team-bot/install/aws_robomaker_small_house_world/share/aws_robomaker_small_house_world/models/aws_robomaker_residential_KitchenTable_01/model.sdf\n'}
[5.852447] (aws_robomaker_small_house_world) StdoutLine: {'line': b'-- Installing: /home/ashraful/HBRS/AMR/AMR_PROJECT/amr-team-bot/install/aws_robomaker_small_house_world/share/aws_robomaker_small_house_world/models/aws_robomaker_residential_KitchenTable_01/meshes\n'}
[5.852785] (aws_robomaker_small_house_world) StdoutLine: {'line': b'-- Installing: /home/ashraful/HBRS/AMR/AMR_PROJECT/amr-team-bot/install/aws_robomaker_small_house_world/share/aws_robomaker_small_house_world/models/aws_robomaker_residential_KitchenTable_01/meshes/aws_KitchenTable_01_collision.DAE\n'}
[5.855273] (aws_robomaker_small_house_world) StdoutLine: {'line': b'-- Installing: /home/ashraful/HBRS/AMR/AMR_PROJECT/amr-team-bot/install/aws_robomaker_small_house_world/share/aws_robomaker_small_house_world/models/aws_robomaker_residential_KitchenTable_01/meshes/aws_KitchenTable_01_visual.DAE\n'}
[5.862571] (aws_robomaker_small_house_world) StdoutLine: {'line': b'-- Installing: /home/ashraful/HBRS/AMR/AMR_PROJECT/amr-team-bot/install/aws_robomaker_small_house_world/share/aws_robomaker_small_house_world/models/aws_robomaker_residential_KitchenTable_01/materials\n'}
[5.863525] (aws_robomaker_small_house_world) StdoutLine: {'line': b'-- Installing: /home/ashraful/HBRS/AMR/AMR_PROJECT/amr-team-bot/install/aws_robomaker_small_house_world/share/aws_robomaker_small_house_world/models/aws_robomaker_residential_KitchenTable_01/materials/textures\n'}
[5.864626] (aws_robomaker_small_house_world) StdoutLine: {'line': b'-- Installing: /home/ashraful/HBRS/AMR/AMR_PROJECT/amr-team-bot/install/aws_robomaker_small_house_world/share/aws_robomaker_small_house_world/models/aws_robomaker_residential_KitchenTable_01/materials/textures/aws_KitchenTable_01.png\n'}
[5.877480] (aws_robomaker_small_house_world) StdoutLine: {'line': b'-- Installing: /home/ashraful/HBRS/AMR/AMR_PROJECT/amr-team-bot/install/aws_robomaker_small_house_world/share/aws_robomaker_small_house_world/models/aws_robomaker_residential_KitchenTable_01/model.config\n'}
[5.878560] (aws_robomaker_small_house_world) StdoutLine: {'line': b'-- Installing: /home/ashraful/HBRS/AMR/AMR_PROJECT/amr-team-bot/install/aws_robomaker_small_house_world/share/aws_robomaker_small_house_world/models/aws_robomaker_residential_PortraitE_01\n'}
[5.878827] (aws_robomaker_small_house_world) StdoutLine: {'line': b'-- Installing: /home/ashraful/HBRS/AMR/AMR_PROJECT/amr-team-bot/install/aws_robomaker_small_house_world/share/aws_robomaker_small_house_world/models/aws_robomaker_residential_PortraitE_01/model.sdf\n'}
[5.879062] (aws_robomaker_small_house_world) StdoutLine: {'line': b'-- Installing: /home/ashraful/HBRS/AMR/AMR_PROJECT/amr-team-bot/install/aws_robomaker_small_house_world/share/aws_robomaker_small_house_world/models/aws_robomaker_residential_PortraitE_01/meshes\n'}
[5.879258] (aws_robomaker_small_house_world) StdoutLine: {'line': b'-- Installing: /home/ashraful/HBRS/AMR/AMR_PROJECT/amr-team-bot/install/aws_robomaker_small_house_world/share/aws_robomaker_small_house_world/models/aws_robomaker_residential_PortraitE_01/meshes/aws_PortraitE_01_collision.DAE\n'}
[5.884584] (aws_robomaker_small_house_world) StdoutLine: {'line': b'-- Installing: /home/ashraful/HBRS/AMR/AMR_PROJECT/amr-team-bot/install/aws_robomaker_small_house_world/share/aws_robomaker_small_house_world/models/aws_robomaker_residential_PortraitE_01/meshes/aws_PortraitE_01_visual.DAE\n'}
[5.885755] (aws_robomaker_small_house_world) StdoutLine: {'line': b'-- Installing: /home/ashraful/HBRS/AMR/AMR_PROJECT/amr-team-bot/install/aws_robomaker_small_house_world/share/aws_robomaker_small_house_world/models/aws_robomaker_residential_PortraitE_01/materials\n'}
[5.889950] (aws_robomaker_small_house_world) StdoutLine: {'line': b'-- Installing: /home/ashraful/HBRS/AMR/AMR_PROJECT/amr-team-bot/install/aws_robomaker_small_house_world/share/aws_robomaker_small_house_world/models/aws_robomaker_residential_PortraitE_01/materials/textures\n'}
[5.892689] (aws_robomaker_small_house_world) StdoutLine: {'line': b'-- Installing: /home/ashraful/HBRS/AMR/AMR_PROJECT/amr-team-bot/install/aws_robomaker_small_house_world/share/aws_robomaker_small_house_world/models/aws_robomaker_residential_PortraitE_01/materials/textures/aws_PortraitE_01.png\n'}
[5.898615] (aws_robomaker_small_house_world) StdoutLine: {'line': b'-- Installing: /home/ashraful/HBRS/AMR/AMR_PROJECT/amr-team-bot/install/aws_robomaker_small_house_world/share/aws_robomaker_small_house_world/models/aws_robomaker_residential_PortraitE_01/materials/textures/aws_PortraitE_02.png\n'}
[5.912806] (aws_robomaker_small_house_world) StdoutLine: {'line': b'-- Installing: /home/ashraful/HBRS/AMR/AMR_PROJECT/amr-team-bot/install/aws_robomaker_small_house_world/share/aws_robomaker_small_house_world/models/aws_robomaker_residential_PortraitE_01/model.config\n'}
[5.917977] (aws_robomaker_small_house_world) StdoutLine: {'line': b'-- Installing: /home/ashraful/HBRS/AMR/AMR_PROJECT/amr-team-bot/install/aws_robomaker_small_house_world/share/aws_robomaker_small_house_world/models/aws_robomaker_residential_Ball_01\n'}
[5.920125] (aws_robomaker_small_house_world) StdoutLine: {'line': b'-- Installing: /home/ashraful/HBRS/AMR/AMR_PROJECT/amr-team-bot/install/aws_robomaker_small_house_world/share/aws_robomaker_small_house_world/models/aws_robomaker_residential_Ball_01/model.sdf\n'}
[5.922983] (-) TimerEvent: {}
[5.925923] (robile_interfaces) StdoutLine: {'line': b'\x1b[35m\x1b[1mConsolidate compiler generated dependencies of target robile_interfaces__rosidl_typesupport_fastrtps_c\x1b[0m\n'}
[5.929835] (aws_robomaker_small_house_world) StdoutLine: {'line': b'-- Installing: /home/ashraful/HBRS/AMR/AMR_PROJECT/amr-team-bot/install/aws_robomaker_small_house_world/share/aws_robomaker_small_house_world/models/aws_robomaker_residential_Ball_01/meshes\n'}
[5.930179] (aws_robomaker_small_house_world) StdoutLine: {'line': b'-- Installing: /home/ashraful/HBRS/AMR/AMR_PROJECT/amr-team-bot/install/aws_robomaker_small_house_world/share/aws_robomaker_small_house_world/models/aws_robomaker_residential_Ball_01/meshes/aws_Ball_01_visual.DAE\n'}
[5.936090] (aws_robomaker_small_house_world) StdoutLine: {'line': b'-- Installing: /home/ashraful/HBRS/AMR/AMR_PROJECT/amr-team-bot/install/aws_robomaker_small_house_world/share/aws_robomaker_small_house_world/models/aws_robomaker_residential_Ball_01/meshes/aws_Ball_01_collision.DAE\n'}
[5.939850] (aws_robomaker_small_house_world) StdoutLine: {'line': b'-- Installing: /home/ashraful/HBRS/AMR/AMR_PROJECT/amr-team-bot/install/aws_robomaker_small_house_world/share/aws_robomaker_small_house_world/models/aws_robomaker_residential_Ball_01/materials\n'}
[5.942830] (aws_robomaker_small_house_world) StdoutLine: {'line': b'-- Installing: /home/ashraful/HBRS/AMR/AMR_PROJECT/amr-team-bot/install/aws_robomaker_small_house_world/share/aws_robomaker_small_house_world/models/aws_robomaker_residential_Ball_01/materials/textures\n'}
[5.944512] (aws_robomaker_small_house_world) StdoutLine: {'line': b'-- Installing: /home/ashraful/HBRS/AMR/AMR_PROJECT/amr-team-bot/install/aws_robomaker_small_house_world/share/aws_robomaker_small_house_world/models/aws_robomaker_residential_Ball_01/materials/textures/aws_Ball_01.png\n'}
[5.946450] (aws_robomaker_small_house_world) StdoutLine: {'line': b'-- Installing: /home/ashraful/HBRS/AMR/AMR_PROJECT/amr-team-bot/install/aws_robomaker_small_house_world/share/aws_robomaker_small_house_world/models/aws_robomaker_residential_Ball_01/model.config\n'}
[5.951211] (aws_robomaker_small_house_world) StdoutLine: {'line': b'-- Installing: /home/ashraful/HBRS/AMR/AMR_PROJECT/amr-team-bot/install/aws_robomaker_small_house_world/share/aws_robomaker_small_house_world/models/aws_robomaker_residential_SofaC_01\n'}
[5.951491] (aws_robomaker_small_house_world) StdoutLine: {'line': b'-- Installing: /home/ashraful/HBRS/AMR/AMR_PROJECT/amr-team-bot/install/aws_robomaker_small_house_world/share/aws_robomaker_small_house_world/models/aws_robomaker_residential_SofaC_01/model.sdf\n'}
[5.951814] (aws_robomaker_small_house_world) StdoutLine: {'line': b'-- Installing: /home/ashraful/HBRS/AMR/AMR_PROJECT/amr-team-bot/install/aws_robomaker_small_house_world/share/aws_robomaker_small_house_world/models/aws_robomaker_residential_SofaC_01/meshes\n'}
[5.952052] (aws_robomaker_small_house_world) StdoutLine: {'line': b'-- Installing: /home/ashraful/HBRS/AMR/AMR_PROJECT/amr-team-bot/install/aws_robomaker_small_house_world/share/aws_robomaker_small_house_world/models/aws_robomaker_residential_SofaC_01/meshes/aws_SofaC_01_collision.DAE\n'}
[5.952251] (aws_robomaker_small_house_world) StdoutLine: {'line': b'-- Installing: /home/ashraful/HBRS/AMR/AMR_PROJECT/amr-team-bot/install/aws_robomaker_small_house_world/share/aws_robomaker_small_house_world/models/aws_robomaker_residential_SofaC_01/meshes/aws_SofaC_01_visual.DAE\n'}
[5.952478] (aws_robomaker_small_house_world) StdoutLine: {'line': b'-- Installing: /home/ashraful/HBRS/AMR/AMR_PROJECT/amr-team-bot/install/aws_robomaker_small_house_world/share/aws_robomaker_small_house_world/models/aws_robomaker_residential_SofaC_01/materials\n'}
[5.952702] (aws_robomaker_small_house_world) StdoutLine: {'line': b'-- Installing: /home/ashraful/HBRS/AMR/AMR_PROJECT/amr-team-bot/install/aws_robomaker_small_house_world/share/aws_robomaker_small_house_world/models/aws_robomaker_residential_SofaC_01/materials/textures\n'}
[5.952893] (aws_robomaker_small_house_world) StdoutLine: {'line': b'-- Installing: /home/ashraful/HBRS/AMR/AMR_PROJECT/amr-team-bot/install/aws_robomaker_small_house_world/share/aws_robomaker_small_house_world/models/aws_robomaker_residential_SofaC_01/materials/textures/aws_SofaC_01.png\n'}
[5.953078] (aws_robomaker_small_house_world) StdoutLine: {'line': b'-- Installing: /home/ashraful/HBRS/AMR/AMR_PROJECT/amr-team-bot/install/aws_robomaker_small_house_world/share/aws_robomaker_small_house_world/models/aws_robomaker_residential_SofaC_01/model.config\n'}
[5.953258] (aws_robomaker_small_house_world) StdoutLine: {'line': b'-- Installing: /home/ashraful/HBRS/AMR/AMR_PROJECT/amr-team-bot/install/aws_robomaker_small_house_world/share/aws_robomaker_small_house_world/models/aws_robomaker_residential_FoldingDoor_02\n'}
[5.953449] (aws_robomaker_small_house_world) StdoutLine: {'line': b'-- Installing: /home/ashraful/HBRS/AMR/AMR_PROJECT/amr-team-bot/install/aws_robomaker_small_house_world/share/aws_robomaker_small_house_world/models/aws_robomaker_residential_FoldingDoor_02/model.sdf\n'}
[5.953671] (aws_robomaker_small_house_world) StdoutLine: {'line': b'-- Installing: /home/ashraful/HBRS/AMR/AMR_PROJECT/amr-team-bot/install/aws_robomaker_small_house_world/share/aws_robomaker_small_house_world/models/aws_robomaker_residential_FoldingDoor_02/meshes\n'}
[5.953862] (aws_robomaker_small_house_world) StdoutLine: {'line': b'-- Installing: /home/ashraful/HBRS/AMR/AMR_PROJECT/amr-team-bot/install/aws_robomaker_small_house_world/share/aws_robomaker_small_house_world/models/aws_robomaker_residential_FoldingDoor_02/meshes/aws_FoldingDoor_02_visual.DAE\n'}
[5.954062] (aws_robomaker_small_house_world) StdoutLine: {'line': b'-- Installing: /home/ashraful/HBRS/AMR/AMR_PROJECT/amr-team-bot/install/aws_robomaker_small_house_world/share/aws_robomaker_small_house_world/models/aws_robomaker_residential_FoldingDoor_02/meshes/aws_FoldingDoor_02_collision.DAE\n'}
[5.954243] (aws_robomaker_small_house_world) StdoutLine: {'line': b'-- Installing: /home/ashraful/HBRS/AMR/AMR_PROJECT/amr-team-bot/install/aws_robomaker_small_house_world/share/aws_robomaker_small_house_world/models/aws_robomaker_residential_FoldingDoor_02/materials\n'}
[5.954442] (aws_robomaker_small_house_world) StdoutLine: {'line': b'-- Installing: /home/ashraful/HBRS/AMR/AMR_PROJECT/amr-team-bot/install/aws_robomaker_small_house_world/share/aws_robomaker_small_house_world/models/aws_robomaker_residential_FoldingDoor_02/materials/textures\n'}
[5.966645] (aws_robomaker_small_house_world) StdoutLine: {'line': b'-- Installing: /home/ashraful/HBRS/AMR/AMR_PROJECT/amr-team-bot/install/aws_robomaker_small_house_world/share/aws_robomaker_small_house_world/models/aws_robomaker_residential_FoldingDoor_02/materials/textures/aws_FoldingDoor_02.png\n'}
[5.966913] (aws_robomaker_small_house_world) StdoutLine: {'line': b'-- Installing: /home/ashraful/HBRS/AMR/AMR_PROJECT/amr-team-bot/install/aws_robomaker_small_house_world/share/aws_robomaker_small_house_world/models/aws_robomaker_residential_FoldingDoor_02/model.config\n'}
[5.967107] (aws_robomaker_small_house_world) StdoutLine: {'line': b'-- Installing: /home/ashraful/HBRS/AMR/AMR_PROJECT/amr-team-bot/install/aws_robomaker_small_house_world/share/aws_robomaker_small_house_world/models/aws_robomaker_residential_SecurityCamera_01\n'}
[5.967315] (aws_robomaker_small_house_world) StdoutLine: {'line': b'-- Installing: /home/ashraful/HBRS/AMR/AMR_PROJECT/amr-team-bot/install/aws_robomaker_small_house_world/share/aws_robomaker_small_house_world/models/aws_robomaker_residential_SecurityCamera_01/model.sdf\n'}
[5.970621] (aws_robomaker_small_house_world) StdoutLine: {'line': b'-- Installing: /home/ashraful/HBRS/AMR/AMR_PROJECT/amr-team-bot/install/aws_robomaker_small_house_world/share/aws_robomaker_small_house_world/models/aws_robomaker_residential_SecurityCamera_01/meshes\n'}
[5.970898] (aws_robomaker_small_house_world) StdoutLine: {'line': b'-- Installing: /home/ashraful/HBRS/AMR/AMR_PROJECT/amr-team-bot/install/aws_robomaker_small_house_world/share/aws_robomaker_small_house_world/models/aws_robomaker_residential_SecurityCamera_01/meshes/aws_SecurityCamera_01_collision.DAE\n'}
[5.971527] (aws_robomaker_small_house_world) StdoutLine: {'line': b'-- Installing: /home/ashraful/HBRS/AMR/AMR_PROJECT/amr-team-bot/install/aws_robomaker_small_house_world/share/aws_robomaker_small_house_world/models/aws_robomaker_residential_SecurityCamera_01/meshes/aws_SecurityCamera_01_visual.DAE\n'}
[5.974294] (aws_robomaker_small_house_world) StdoutLine: {'line': b'-- Installing: /home/ashraful/HBRS/AMR/AMR_PROJECT/amr-team-bot/install/aws_robomaker_small_house_world/share/aws_robomaker_small_house_world/models/aws_robomaker_residential_SecurityCamera_01/materials\n'}
[5.974561] (aws_robomaker_small_house_world) StdoutLine: {'line': b'-- Installing: /home/ashraful/HBRS/AMR/AMR_PROJECT/amr-team-bot/install/aws_robomaker_small_house_world/share/aws_robomaker_small_house_world/models/aws_robomaker_residential_SecurityCamera_01/materials/textures\n'}
[5.974781] (aws_robomaker_small_house_world) StdoutLine: {'line': b'-- Installing: /home/ashraful/HBRS/AMR/AMR_PROJECT/amr-team-bot/install/aws_robomaker_small_house_world/share/aws_robomaker_small_house_world/models/aws_robomaker_residential_SecurityCamera_01/materials/textures/aws_SecurityCamera_01.png\n'}
[5.974998] (aws_robomaker_small_house_world) StdoutLine: {'line': b'-- Installing: /home/ashraful/HBRS/AMR/AMR_PROJECT/amr-team-bot/install/aws_robomaker_small_house_world/share/aws_robomaker_small_house_world/models/aws_robomaker_residential_SecurityCamera_01/model.config\n'}
[5.975191] (aws_robomaker_small_house_world) StdoutLine: {'line': b'-- Installing: /home/ashraful/HBRS/AMR/AMR_PROJECT/amr-team-bot/install/aws_robomaker_small_house_world/share/aws_robomaker_small_house_world/models/aws_robomaker_residential_FitnessEquipment_01\n'}
[5.975387] (aws_robomaker_small_house_world) StdoutLine: {'line': b'-- Installing: /home/ashraful/HBRS/AMR/AMR_PROJECT/amr-team-bot/install/aws_robomaker_small_house_world/share/aws_robomaker_small_house_world/models/aws_robomaker_residential_FitnessEquipment_01/model.sdf\n'}
[5.975612] (aws_robomaker_small_house_world) StdoutLine: {'line': b'-- Installing: /home/ashraful/HBRS/AMR/AMR_PROJECT/amr-team-bot/install/aws_robomaker_small_house_world/share/aws_robomaker_small_house_world/models/aws_robomaker_residential_FitnessEquipment_01/meshes\n'}
[5.975817] (aws_robomaker_small_house_world) StdoutLine: {'line': b'-- Installing: /home/ashraful/HBRS/AMR/AMR_PROJECT/amr-team-bot/install/aws_robomaker_small_house_world/share/aws_robomaker_small_house_world/models/aws_robomaker_residential_FitnessEquipment_01/meshes/aws_FitnessEquipment_01_visual.DAE\n'}
[5.976022] (aws_robomaker_small_house_world) StdoutLine: {'line': b'-- Installing: /home/ashraful/HBRS/AMR/AMR_PROJECT/amr-team-bot/install/aws_robomaker_small_house_world/share/aws_robomaker_small_house_world/models/aws_robomaker_residential_FitnessEquipment_01/meshes/aws_FitnessEquipment_01_collision.DAE\n'}
[5.976222] (aws_robomaker_small_house_world) StdoutLine: {'line': b'-- Installing: /home/ashraful/HBRS/AMR/AMR_PROJECT/amr-team-bot/install/aws_robomaker_small_house_world/share/aws_robomaker_small_house_world/models/aws_robomaker_residential_FitnessEquipment_01/materials\n'}
[5.976449] (aws_robomaker_small_house_world) StdoutLine: {'line': b'-- Installing: /home/ashraful/HBRS/AMR/AMR_PROJECT/amr-team-bot/install/aws_robomaker_small_house_world/share/aws_robomaker_small_house_world/models/aws_robomaker_residential_FitnessEquipment_01/materials/textures\n'}
[5.976677] (aws_robomaker_small_house_world) StdoutLine: {'line': b'-- Installing: /home/ashraful/HBRS/AMR/AMR_PROJECT/amr-team-bot/install/aws_robomaker_small_house_world/share/aws_robomaker_small_house_world/models/aws_robomaker_residential_FitnessEquipment_01/materials/textures/aws_FitnessEquipment_01.png\n'}
[5.977683] (aws_robomaker_small_house_world) StdoutLine: {'line': b'-- Installing: /home/ashraful/HBRS/AMR/AMR_PROJECT/amr-team-bot/install/aws_robomaker_small_house_world/share/aws_robomaker_small_house_world/models/aws_robomaker_residential_FitnessEquipment_01/model.config\n'}
[5.978557] (aws_robomaker_small_house_world) StdoutLine: {'line': b'-- Installing: /home/ashraful/HBRS/AMR/AMR_PROJECT/amr-team-bot/install/aws_robomaker_small_house_world/share/aws_robomaker_small_house_world/models/aws_robomaker_residential_PortraitE_02\n'}
[5.979207] (aws_robomaker_small_house_world) StdoutLine: {'line': b'-- Installing: /home/ashraful/HBRS/AMR/AMR_PROJECT/amr-team-bot/install/aws_robomaker_small_house_world/share/aws_robomaker_small_house_world/models/aws_robomaker_residential_PortraitE_02/model.sdf\n'}
[5.979907] (aws_robomaker_small_house_world) StdoutLine: {'line': b'-- Installing: /home/ashraful/HBRS/AMR/AMR_PROJECT/amr-team-bot/install/aws_robomaker_small_house_world/share/aws_robomaker_small_house_world/models/aws_robomaker_residential_PortraitE_02/meshes\n'}
[5.980614] (aws_robomaker_small_house_world) StdoutLine: {'line': b'-- Installing: /home/ashraful/HBRS/AMR/AMR_PROJECT/amr-team-bot/install/aws_robomaker_small_house_world/share/aws_robomaker_small_house_world/models/aws_robomaker_residential_PortraitE_02/meshes/aws_PortraitE_01_collision.DAE\n'}
[5.981371] (aws_robomaker_small_house_world) StdoutLine: {'line': b'-- Installing: /home/ashraful/HBRS/AMR/AMR_PROJECT/amr-team-bot/install/aws_robomaker_small_house_world/share/aws_robomaker_small_house_world/models/aws_robomaker_residential_PortraitE_02/meshes/aws_PortraitE_01_visual.DAE\n'}
[5.992415] (aws_robomaker_small_house_world) StdoutLine: {'line': b'-- Installing: /home/ashraful/HBRS/AMR/AMR_PROJECT/amr-team-bot/install/aws_robomaker_small_house_world/share/aws_robomaker_small_house_world/models/aws_robomaker_residential_PortraitE_02/materials\n'}
[5.992932] (aws_robomaker_small_house_world) StdoutLine: {'line': b'-- Installing: /home/ashraful/HBRS/AMR/AMR_PROJECT/amr-team-bot/install/aws_robomaker_small_house_world/share/aws_robomaker_small_house_world/models/aws_robomaker_residential_PortraitE_02/materials/textures\n'}
[5.993182] (aws_robomaker_small_house_world) StdoutLine: {'line': b'-- Installing: /home/ashraful/HBRS/AMR/AMR_PROJECT/amr-team-bot/install/aws_robomaker_small_house_world/share/aws_robomaker_small_house_world/models/aws_robomaker_residential_PortraitE_02/materials/textures/aws_PortraitE_01.png\n'}
[5.993397] (aws_robomaker_small_house_world) StdoutLine: {'line': b'-- Installing: /home/ashraful/HBRS/AMR/AMR_PROJECT/amr-team-bot/install/aws_robomaker_small_house_world/share/aws_robomaker_small_house_world/models/aws_robomaker_residential_PortraitE_02/materials/textures/aws_PortraitE_02.png\n'}
[6.012540] (aws_robomaker_small_house_world) StdoutLine: {'line': b'-- Installing: /home/ashraful/HBRS/AMR/AMR_PROJECT/amr-team-bot/install/aws_robomaker_small_house_world/share/aws_robomaker_small_house_world/models/aws_robomaker_residential_PortraitE_02/model.config\n'}
[6.014649] (aws_robomaker_small_house_world) StdoutLine: {'line': b'-- Installing: /home/ashraful/HBRS/AMR/AMR_PROJECT/amr-team-bot/install/aws_robomaker_small_house_world/share/aws_robomaker_small_house_world/models/aws_robomaker_residential_Curtain_01\n'}
[6.014912] (aws_robomaker_small_house_world) StdoutLine: {'line': b'-- Installing: /home/ashraful/HBRS/AMR/AMR_PROJECT/amr-team-bot/install/aws_robomaker_small_house_world/share/aws_robomaker_small_house_world/models/aws_robomaker_residential_Curtain_01/model.sdf\n'}
[6.020166] (aws_robomaker_small_house_world) StdoutLine: {'line': b'-- Installing: /home/ashraful/HBRS/AMR/AMR_PROJECT/amr-team-bot/install/aws_robomaker_small_house_world/share/aws_robomaker_small_house_world/models/aws_robomaker_residential_Curtain_01/meshes\n'}
[6.021144] (aws_robomaker_small_house_world) StdoutLine: {'line': b'-- Installing: /home/ashraful/HBRS/AMR/AMR_PROJECT/amr-team-bot/install/aws_robomaker_small_house_world/share/aws_robomaker_small_house_world/models/aws_robomaker_residential_Curtain_01/meshes/aws_Curtain_01_visual.DAE\n'}
[6.021454] (aws_robomaker_small_house_world) StdoutLine: {'line': b'-- Installing: /home/ashraful/HBRS/AMR/AMR_PROJECT/amr-team-bot/install/aws_robomaker_small_house_world/share/aws_robomaker_small_house_world/models/aws_robomaker_residential_Curtain_01/meshes/aws_Curtain_01_collision.DAE\n'}
[6.021680] (aws_robomaker_small_house_world) StdoutLine: {'line': b'-- Installing: /home/ashraful/HBRS/AMR/AMR_PROJECT/amr-team-bot/install/aws_robomaker_small_house_world/share/aws_robomaker_small_house_world/models/aws_robomaker_residential_Curtain_01/materials\n'}
[6.021865] (aws_robomaker_small_house_world) StdoutLine: {'line': b'-- Installing: /home/ashraful/HBRS/AMR/AMR_PROJECT/amr-team-bot/install/aws_robomaker_small_house_world/share/aws_robomaker_small_house_world/models/aws_robomaker_residential_Curtain_01/materials/textures\n'}
[6.022054] (aws_robomaker_small_house_world) StdoutLine: {'line': b'-- Installing: /home/ashraful/HBRS/AMR/AMR_PROJECT/amr-team-bot/install/aws_robomaker_small_house_world/share/aws_robomaker_small_house_world/models/aws_robomaker_residential_Curtain_01/materials/textures/aws_Curtain_01.png\n'}
[6.022261] (aws_robomaker_small_house_world) StdoutLine: {'line': b'-- Installing: /home/ashraful/HBRS/AMR/AMR_PROJECT/amr-team-bot/install/aws_robomaker_small_house_world/share/aws_robomaker_small_house_world/models/aws_robomaker_residential_Curtain_01/model.config\n'}
[6.022440] (aws_robomaker_small_house_world) StdoutLine: {'line': b'-- Installing: /home/ashraful/HBRS/AMR/AMR_PROJECT/amr-team-bot/install/aws_robomaker_small_house_world/share/aws_robomaker_small_house_world/models/aws_robomaker_residential_DeskPortraitC_02\n'}
[6.029941] (-) TimerEvent: {}
[6.030450] (aws_robomaker_small_house_world) StdoutLine: {'line': b'-- Installing: /home/ashraful/HBRS/AMR/AMR_PROJECT/amr-team-bot/install/aws_robomaker_small_house_world/share/aws_robomaker_small_house_world/models/aws_robomaker_residential_DeskPortraitC_02/model.sdf\n'}
[6.031001] (aws_robomaker_small_house_world) StdoutLine: {'line': b'-- Installing: /home/ashraful/HBRS/AMR/AMR_PROJECT/amr-team-bot/install/aws_robomaker_small_house_world/share/aws_robomaker_small_house_world/models/aws_robomaker_residential_DeskPortraitC_02/meshes\n'}
[6.031492] (aws_robomaker_small_house_world) StdoutLine: {'line': b'-- Installing: /home/ashraful/HBRS/AMR/AMR_PROJECT/amr-team-bot/install/aws_robomaker_small_house_world/share/aws_robomaker_small_house_world/models/aws_robomaker_residential_DeskPortraitC_02/meshes/aws_DeskPortraitC_01_visual.DAE\n'}
[6.038605] (aws_robomaker_small_house_world) StdoutLine: {'line': b'-- Installing: /home/ashraful/HBRS/AMR/AMR_PROJECT/amr-team-bot/install/aws_robomaker_small_house_world/share/aws_robomaker_small_house_world/models/aws_robomaker_residential_DeskPortraitC_02/meshes/aws_DeskPortraitC_01_collision.DAE\n'}
[6.038883] (aws_robomaker_small_house_world) StdoutLine: {'line': b'-- Installing: /home/ashraful/HBRS/AMR/AMR_PROJECT/amr-team-bot/install/aws_robomaker_small_house_world/share/aws_robomaker_small_house_world/models/aws_robomaker_residential_DeskPortraitC_02/materials\n'}
[6.039124] (aws_robomaker_small_house_world) StdoutLine: {'line': b'-- Installing: /home/ashraful/HBRS/AMR/AMR_PROJECT/amr-team-bot/install/aws_robomaker_small_house_world/share/aws_robomaker_small_house_world/models/aws_robomaker_residential_DeskPortraitC_02/materials/textures\n'}
[6.039339] (aws_robomaker_small_house_world) StdoutLine: {'line': b'-- Installing: /home/ashraful/HBRS/AMR/AMR_PROJECT/amr-team-bot/install/aws_robomaker_small_house_world/share/aws_robomaker_small_house_world/models/aws_robomaker_residential_DeskPortraitC_02/materials/textures/aws_DeskPortraitC_02.png\n'}
[6.039557] (aws_robomaker_small_house_world) StdoutLine: {'line': b'-- Installing: /home/ashraful/HBRS/AMR/AMR_PROJECT/amr-team-bot/install/aws_robomaker_small_house_world/share/aws_robomaker_small_house_world/models/aws_robomaker_residential_DeskPortraitC_02/materials/textures/aws_DeskPortraitC_01.png\n'}
[6.041058] (aws_robomaker_small_house_world) StdoutLine: {'line': b'-- Installing: /home/ashraful/HBRS/AMR/AMR_PROJECT/amr-team-bot/install/aws_robomaker_small_house_world/share/aws_robomaker_small_house_world/models/aws_robomaker_residential_DeskPortraitC_02/model.config\n'}
[6.042225] (aws_robomaker_small_house_world) StdoutLine: {'line': b'-- Installing: /home/ashraful/HBRS/AMR/AMR_PROJECT/amr-team-bot/install/aws_robomaker_small_house_world/share/aws_robomaker_small_house_world/models/aws_robomaker_residential_ReadingDesk_01\n'}
[6.043826] (aws_robomaker_small_house_world) StdoutLine: {'line': b'-- Installing: /home/ashraful/HBRS/AMR/AMR_PROJECT/amr-team-bot/install/aws_robomaker_small_house_world/share/aws_robomaker_small_house_world/models/aws_robomaker_residential_ReadingDesk_01/model.sdf\n'}
[6.051277] (aws_robomaker_small_house_world) StdoutLine: {'line': b'-- Installing: /home/ashraful/HBRS/AMR/AMR_PROJECT/amr-team-bot/install/aws_robomaker_small_house_world/share/aws_robomaker_small_house_world/models/aws_robomaker_residential_ReadingDesk_01/meshes\n'}
[6.052408] (aws_robomaker_small_house_world) StdoutLine: {'line': b'-- Installing: /home/ashraful/HBRS/AMR/AMR_PROJECT/amr-team-bot/install/aws_robomaker_small_house_world/share/aws_robomaker_small_house_world/models/aws_robomaker_residential_ReadingDesk_01/meshes/aws_ReadingDesk_01_visual.DAE\n'}
[6.053015] (aws_robomaker_small_house_world) StdoutLine: {'line': b'-- Installing: /home/ashraful/HBRS/AMR/AMR_PROJECT/amr-team-bot/install/aws_robomaker_small_house_world/share/aws_robomaker_small_house_world/models/aws_robomaker_residential_ReadingDesk_01/meshes/aws_ReadingDesk_01_collision.DAE\n'}
[6.056668] (aws_robomaker_small_house_world) StdoutLine: {'line': b'-- Installing: /home/ashraful/HBRS/AMR/AMR_PROJECT/amr-team-bot/install/aws_robomaker_small_house_world/share/aws_robomaker_small_house_world/models/aws_robomaker_residential_ReadingDesk_01/materials\n'}
[6.059741] (aws_robomaker_small_house_world) StdoutLine: {'line': b'-- Installing: /home/ashraful/HBRS/AMR/AMR_PROJECT/amr-team-bot/install/aws_robomaker_small_house_world/share/aws_robomaker_small_house_world/models/aws_robomaker_residential_ReadingDesk_01/materials/textures\n'}
[6.060051] (aws_robomaker_small_house_world) StdoutLine: {'line': b'-- Installing: /home/ashraful/HBRS/AMR/AMR_PROJECT/amr-team-bot/install/aws_robomaker_small_house_world/share/aws_robomaker_small_house_world/models/aws_robomaker_residential_ReadingDesk_01/materials/textures/aws_ReadingDesk_01.png\n'}
[6.060258] (robile_interfaces) StdoutLine: {'line': b'[ 32%] \x1b[32mBuilding CXX object CMakeFiles/robile_interfaces__rosidl_typesupport_fastrtps_c.dir/rosidl_typesupport_fastrtps_c/robile_interfaces/msg/detail/position_labelled__type_support_c.cpp.o\x1b[0m\n'}
[6.071108] (aws_robomaker_small_house_world) StdoutLine: {'line': b'-- Installing: /home/ashraful/HBRS/AMR/AMR_PROJECT/amr-team-bot/install/aws_robomaker_small_house_world/share/aws_robomaker_small_house_world/models/aws_robomaker_residential_ReadingDesk_01/model.config\n'}
[6.073258] (aws_robomaker_small_house_world) StdoutLine: {'line': b'-- Installing: /home/ashraful/HBRS/AMR/AMR_PROJECT/amr-team-bot/install/aws_robomaker_small_house_world/share/aws_robomaker_small_house_world/models/aws_robomaker_residential_Bed_01\n'}
[6.073576] (aws_robomaker_small_house_world) StdoutLine: {'line': b'-- Installing: /home/ashraful/HBRS/AMR/AMR_PROJECT/amr-team-bot/install/aws_robomaker_small_house_world/share/aws_robomaker_small_house_world/models/aws_robomaker_residential_Bed_01/model.sdf\n'}
[6.076519] (aws_robomaker_small_house_world) StdoutLine: {'line': b'-- Installing: /home/ashraful/HBRS/AMR/AMR_PROJECT/amr-team-bot/install/aws_robomaker_small_house_world/share/aws_robomaker_small_house_world/models/aws_robomaker_residential_Bed_01/meshes\n'}
[6.079662] (aws_robomaker_small_house_world) StdoutLine: {'line': b'-- Installing: /home/ashraful/HBRS/AMR/AMR_PROJECT/amr-team-bot/install/aws_robomaker_small_house_world/share/aws_robomaker_small_house_world/models/aws_robomaker_residential_Bed_01/meshes/aws_Bed_01_visual.DAE\n'}
[6.084985] (aws_robomaker_small_house_world) StdoutLine: {'line': b'-- Installing: /home/ashraful/HBRS/AMR/AMR_PROJECT/amr-team-bot/install/aws_robomaker_small_house_world/share/aws_robomaker_small_house_world/models/aws_robomaker_residential_Bed_01/meshes/aws_Bed_01_collision.DAE\n'}
[6.089754] (aws_robomaker_small_house_world) StdoutLine: {'line': b'-- Installing: /home/ashraful/HBRS/AMR/AMR_PROJECT/amr-team-bot/install/aws_robomaker_small_house_world/share/aws_robomaker_small_house_world/models/aws_robomaker_residential_Bed_01/materials\n'}
[6.094665] (aws_robomaker_small_house_world) StdoutLine: {'line': b'-- Installing: /home/ashraful/HBRS/AMR/AMR_PROJECT/amr-team-bot/install/aws_robomaker_small_house_world/share/aws_robomaker_small_house_world/models/aws_robomaker_residential_Bed_01/materials/textures\n'}
[6.095533] (aws_robomaker_small_house_world) StdoutLine: {'line': b'-- Installing: /home/ashraful/HBRS/AMR/AMR_PROJECT/amr-team-bot/install/aws_robomaker_small_house_world/share/aws_robomaker_small_house_world/models/aws_robomaker_residential_Bed_01/materials/textures/aws_BedB_01.png\n'}
[6.110347] (aws_robomaker_small_house_world) StdoutLine: {'line': b'-- Installing: /home/ashraful/HBRS/AMR/AMR_PROJECT/amr-team-bot/install/aws_robomaker_small_house_world/share/aws_robomaker_small_house_world/models/aws_robomaker_residential_Bed_01/materials/textures/aws_BedC_01.png\n'}
[6.122578] (aws_robomaker_small_house_world) StdoutLine: {'line': b'-- Installing: /home/ashraful/HBRS/AMR/AMR_PROJECT/amr-team-bot/install/aws_robomaker_small_house_world/share/aws_robomaker_small_house_world/models/aws_robomaker_residential_Bed_01/materials/textures/aws_BedA_01.png\n'}
[6.123048] (aws_robomaker_small_house_world) StdoutLine: {'line': b'-- Installing: /home/ashraful/HBRS/AMR/AMR_PROJECT/amr-team-bot/install/aws_robomaker_small_house_world/share/aws_robomaker_small_house_world/models/aws_robomaker_residential_Bed_01/materials/textures/aws_Bed_01.png\n'}
[6.123538] (aws_robomaker_small_house_world) StdoutLine: {'line': b'-- Installing: /home/ashraful/HBRS/AMR/AMR_PROJECT/amr-team-bot/install/aws_robomaker_small_house_world/share/aws_robomaker_small_house_world/models/aws_robomaker_residential_Bed_01/model.config\n'}
[6.130082] (-) TimerEvent: {}
[6.136246] (aws_robomaker_small_house_world) StdoutLine: {'line': b'-- Installing: /home/ashraful/HBRS/AMR/AMR_PROJECT/amr-team-bot/install/aws_robomaker_small_house_world/share/aws_robomaker_small_house_world/models/box_bot\n'}
[6.137168] (aws_robomaker_small_house_world) StdoutLine: {'line': b'-- Installing: /home/ashraful/HBRS/AMR/AMR_PROJECT/amr-team-bot/install/aws_robomaker_small_house_world/share/aws_robomaker_small_house_world/models/box_bot/urdf\n'}
[6.137804] (aws_robomaker_small_house_world) StdoutLine: {'line': b'-- Installing: /home/ashraful/HBRS/AMR/AMR_PROJECT/amr-team-bot/install/aws_robomaker_small_house_world/share/aws_robomaker_small_house_world/models/box_bot/urdf/box_bot_description.urdf\n'}
[6.139175] (aws_robomaker_small_house_world) StdoutLine: {'line': b'-- Installing: /home/ashraful/HBRS/AMR/AMR_PROJECT/amr-team-bot/install/aws_robomaker_small_house_world/share/aws_robomaker_small_house_world/models/aws_robomaker_residential_NightStand_01\n'}
[6.140252] (aws_robomaker_small_house_world) StdoutLine: {'line': b'-- Installing: /home/ashraful/HBRS/AMR/AMR_PROJECT/amr-team-bot/install/aws_robomaker_small_house_world/share/aws_robomaker_small_house_world/models/aws_robomaker_residential_NightStand_01/model.sdf\n'}
[6.143972] (aws_robomaker_small_house_world) StdoutLine: {'line': b'-- Installing: /home/ashraful/HBRS/AMR/AMR_PROJECT/amr-team-bot/install/aws_robomaker_small_house_world/share/aws_robomaker_small_house_world/models/aws_robomaker_residential_NightStand_01/meshes\n'}
[6.146264] (aws_robomaker_small_house_world) StdoutLine: {'line': b'-- Installing: /home/ashraful/HBRS/AMR/AMR_PROJECT/amr-team-bot/install/aws_robomaker_small_house_world/share/aws_robomaker_small_house_world/models/aws_robomaker_residential_NightStand_01/meshes/aws_NightStand_01_collision.DAE\n'}
[6.151530] (aws_robomaker_small_house_world) StdoutLine: {'line': b'-- Installing: /home/ashraful/HBRS/AMR/AMR_PROJECT/amr-team-bot/install/aws_robomaker_small_house_world/share/aws_robomaker_small_house_world/models/aws_robomaker_residential_NightStand_01/meshes/aws_NightStand_01_visual.DAE\n'}
[6.153105] (aws_robomaker_small_house_world) StdoutLine: {'line': b'-- Installing: /home/ashraful/HBRS/AMR/AMR_PROJECT/amr-team-bot/install/aws_robomaker_small_house_world/share/aws_robomaker_small_house_world/models/aws_robomaker_residential_NightStand_01/materials\n'}
[6.153354] (aws_robomaker_small_house_world) StdoutLine: {'line': b'-- Installing: /home/ashraful/HBRS/AMR/AMR_PROJECT/amr-team-bot/install/aws_robomaker_small_house_world/share/aws_robomaker_small_house_world/models/aws_robomaker_residential_NightStand_01/materials/textures\n'}
[6.153581] (aws_robomaker_small_house_world) StdoutLine: {'line': b'-- Installing: /home/ashraful/HBRS/AMR/AMR_PROJECT/amr-team-bot/install/aws_robomaker_small_house_world/share/aws_robomaker_small_house_world/models/aws_robomaker_residential_NightStand_01/materials/textures/aws_NightStand_01.png\n'}
[6.153788] (aws_robomaker_small_house_world) StdoutLine: {'line': b'-- Installing: /home/ashraful/HBRS/AMR/AMR_PROJECT/amr-team-bot/install/aws_robomaker_small_house_world/share/aws_robomaker_small_house_world/models/aws_robomaker_residential_NightStand_01/model.config\n'}
[6.153983] (aws_robomaker_small_house_world) StdoutLine: {'line': b'-- Installing: /home/ashraful/HBRS/AMR/AMR_PROJECT/amr-team-bot/install/aws_robomaker_small_house_world/share/aws_robomaker_small_house_world/models/aws_robomaker_residential_Refrigerator_01\n'}
[6.154177] (aws_robomaker_small_house_world) StdoutLine: {'line': b'-- Installing: /home/ashraful/HBRS/AMR/AMR_PROJECT/amr-team-bot/install/aws_robomaker_small_house_world/share/aws_robomaker_small_house_world/models/aws_robomaker_residential_Refrigerator_01/model.sdf\n'}
[6.154366] (aws_robomaker_small_house_world) StdoutLine: {'line': b'-- Installing: /home/ashraful/HBRS/AMR/AMR_PROJECT/amr-team-bot/install/aws_robomaker_small_house_world/share/aws_robomaker_small_house_world/models/aws_robomaker_residential_Refrigerator_01/meshes\n'}
[6.157062] (aws_robomaker_small_house_world) StdoutLine: {'line': b'-- Installing: /home/ashraful/HBRS/AMR/AMR_PROJECT/amr-team-bot/install/aws_robomaker_small_house_world/share/aws_robomaker_small_house_world/models/aws_robomaker_residential_Refrigerator_01/meshes/aws_Refrigerator_01_collision.DAE\n'}
[6.158121] (aws_robomaker_small_house_world) StdoutLine: {'line': b'-- Installing: /home/ashraful/HBRS/AMR/AMR_PROJECT/amr-team-bot/install/aws_robomaker_small_house_world/share/aws_robomaker_small_house_world/models/aws_robomaker_residential_Refrigerator_01/meshes/aws_Refrigerator_01_visual.DAE\n'}
[6.158362] (aws_robomaker_small_house_world) StdoutLine: {'line': b'-- Installing: /home/ashraful/HBRS/AMR/AMR_PROJECT/amr-team-bot/install/aws_robomaker_small_house_world/share/aws_robomaker_small_house_world/models/aws_robomaker_residential_Refrigerator_01/meshes/aws_Refrigerator_01.DAE\n'}
[6.165800] (aws_robomaker_small_house_world) StdoutLine: {'line': b'-- Installing: /home/ashraful/HBRS/AMR/AMR_PROJECT/amr-team-bot/install/aws_robomaker_small_house_world/share/aws_robomaker_small_house_world/models/aws_robomaker_residential_Refrigerator_01/materials\n'}
[6.167188] (aws_robomaker_small_house_world) StdoutLine: {'line': b'-- Installing: /home/ashraful/HBRS/AMR/AMR_PROJECT/amr-team-bot/install/aws_robomaker_small_house_world/share/aws_robomaker_small_house_world/models/aws_robomaker_residential_Refrigerator_01/materials/textures\n'}
[6.169337] (aws_robomaker_small_house_world) StdoutLine: {'line': b'-- Installing: /home/ashraful/HBRS/AMR/AMR_PROJECT/amr-team-bot/install/aws_robomaker_small_house_world/share/aws_robomaker_small_house_world/models/aws_robomaker_residential_Refrigerator_01/materials/textures/aws_Refrigerator_02.png\n'}
[6.170122] (aws_robomaker_small_house_world) StdoutLine: {'line': b'-- Installing: /home/ashraful/HBRS/AMR/AMR_PROJECT/amr-team-bot/install/aws_robomaker_small_house_world/share/aws_robomaker_small_house_world/models/aws_robomaker_residential_Refrigerator_01/materials/textures/aws_Refrigerator_01.png\n'}
[6.174917] (aws_robomaker_small_house_world) StdoutLine: {'line': b'-- Installing: /home/ashraful/HBRS/AMR/AMR_PROJECT/amr-team-bot/install/aws_robomaker_small_house_world/share/aws_robomaker_small_house_world/models/aws_robomaker_residential_Refrigerator_01/model.config\n'}
[6.175294] (aws_robomaker_small_house_world) StdoutLine: {'line': b'-- Installing: /home/ashraful/HBRS/AMR/AMR_PROJECT/amr-team-bot/install/aws_robomaker_small_house_world/share/aws_robomaker_small_house_world/models/aws_robomaker_residential_Quilt_01\n'}
[6.182208] (aws_robomaker_small_house_world) StdoutLine: {'line': b'-- Installing: /home/ashraful/HBRS/AMR/AMR_PROJECT/amr-team-bot/install/aws_robomaker_small_house_world/share/aws_robomaker_small_house_world/models/aws_robomaker_residential_Quilt_01/model.sdf\n'}
[6.183222] (aws_robomaker_small_house_world) StdoutLine: {'line': b'-- Installing: /home/ashraful/HBRS/AMR/AMR_PROJECT/amr-team-bot/install/aws_robomaker_small_house_world/share/aws_robomaker_small_house_world/models/aws_robomaker_residential_Quilt_01/meshes\n'}
[6.185621] (aws_robomaker_small_house_world) StdoutLine: {'line': b'-- Installing: /home/ashraful/HBRS/AMR/AMR_PROJECT/amr-team-bot/install/aws_robomaker_small_house_world/share/aws_robomaker_small_house_world/models/aws_robomaker_residential_Quilt_01/meshes/aws_Quilt_01_visual.DAE\n'}
[6.187634] (aws_robomaker_small_house_world) StdoutLine: {'line': b'-- Installing: /home/ashraful/HBRS/AMR/AMR_PROJECT/amr-team-bot/install/aws_robomaker_small_house_world/share/aws_robomaker_small_house_world/models/aws_robomaker_residential_Quilt_01/meshes/aws_Quilt_01_collision.DAE\n'}
[6.191118] (aws_robomaker_small_house_world) StdoutLine: {'line': b'-- Installing: /home/ashraful/HBRS/AMR/AMR_PROJECT/amr-team-bot/install/aws_robomaker_small_house_world/share/aws_robomaker_small_house_world/models/aws_robomaker_residential_Quilt_01/materials\n'}
[6.195324] (aws_robomaker_small_house_world) StdoutLine: {'line': b'-- Installing: /home/ashraful/HBRS/AMR/AMR_PROJECT/amr-team-bot/install/aws_robomaker_small_house_world/share/aws_robomaker_small_house_world/models/aws_robomaker_residential_Quilt_01/materials/textures\n'}
[6.201740] (aws_robomaker_small_house_world) StdoutLine: {'line': b'-- Installing: /home/ashraful/HBRS/AMR/AMR_PROJECT/amr-team-bot/install/aws_robomaker_small_house_world/share/aws_robomaker_small_house_world/models/aws_robomaker_residential_Quilt_01/materials/textures/aws_Quilt_01.png\n'}
[6.202435] (aws_robomaker_small_house_world) StdoutLine: {'line': b'-- Installing: /home/ashraful/HBRS/AMR/AMR_PROJECT/amr-team-bot/install/aws_robomaker_small_house_world/share/aws_robomaker_small_house_world/models/aws_robomaker_residential_Quilt_01/model.config\n'}
[6.203307] (aws_robomaker_small_house_world) StdoutLine: {'line': b'-- Installing: /home/ashraful/HBRS/AMR/AMR_PROJECT/amr-team-bot/install/aws_robomaker_small_house_world/share/aws_robomaker_small_house_world/models/aws_robomaker_residential_PortraitA_02\n'}
[6.210654] (aws_robomaker_small_house_world) StdoutLine: {'line': b'-- Installing: /home/ashraful/HBRS/AMR/AMR_PROJECT/amr-team-bot/install/aws_robomaker_small_house_world/share/aws_robomaker_small_house_world/models/aws_robomaker_residential_PortraitA_02/model.sdf\n'}
[6.213076] (aws_robomaker_small_house_world) StdoutLine: {'line': b'-- Installing: /home/ashraful/HBRS/AMR/AMR_PROJECT/amr-team-bot/install/aws_robomaker_small_house_world/share/aws_robomaker_small_house_world/models/aws_robomaker_residential_PortraitA_02/meshes\n'}
[6.215987] (aws_robomaker_small_house_world) StdoutLine: {'line': b'-- Installing: /home/ashraful/HBRS/AMR/AMR_PROJECT/amr-team-bot/install/aws_robomaker_small_house_world/share/aws_robomaker_small_house_world/models/aws_robomaker_residential_PortraitA_02/meshes/aws_PortraitA_01_collision.DAE\n'}
[6.216802] (aws_robomaker_small_house_world) StdoutLine: {'line': b'-- Installing: /home/ashraful/HBRS/AMR/AMR_PROJECT/amr-team-bot/install/aws_robomaker_small_house_world/share/aws_robomaker_small_house_world/models/aws_robomaker_residential_PortraitA_02/meshes/aws_PortraitA_01_visual.DAE\n'}
[6.217350] (aws_robomaker_small_house_world) StdoutLine: {'line': b'-- Installing: /home/ashraful/HBRS/AMR/AMR_PROJECT/amr-team-bot/install/aws_robomaker_small_house_world/share/aws_robomaker_small_house_world/models/aws_robomaker_residential_PortraitA_02/materials\n'}
[6.218210] (aws_robomaker_small_house_world) StdoutLine: {'line': b'-- Installing: /home/ashraful/HBRS/AMR/AMR_PROJECT/amr-team-bot/install/aws_robomaker_small_house_world/share/aws_robomaker_small_house_world/models/aws_robomaker_residential_PortraitA_02/materials/textures\n'}
[6.220206] (aws_robomaker_small_house_world) StdoutLine: {'line': b'-- Installing: /home/ashraful/HBRS/AMR/AMR_PROJECT/amr-team-bot/install/aws_robomaker_small_house_world/share/aws_robomaker_small_house_world/models/aws_robomaker_residential_PortraitA_02/materials/textures/aws_PortraitA_01.png\n'}
[6.222306] (aws_robomaker_small_house_world) StdoutLine: {'line': b'-- Installing: /home/ashraful/HBRS/AMR/AMR_PROJECT/amr-team-bot/install/aws_robomaker_small_house_world/share/aws_robomaker_small_house_world/models/aws_robomaker_residential_PortraitA_02/materials/textures/aws_PortraitA_02.png\n'}
[6.225868] (aws_robomaker_small_house_world) StdoutLine: {'line': b'-- Installing: /home/ashraful/HBRS/AMR/AMR_PROJECT/amr-team-bot/install/aws_robomaker_small_house_world/share/aws_robomaker_small_house_world/models/aws_robomaker_residential_PortraitA_02/model.config\n'}
[6.227910] (aws_robomaker_small_house_world) StdoutLine: {'line': b'-- Installing: /home/ashraful/HBRS/AMR/AMR_PROJECT/amr-team-bot/install/aws_robomaker_small_house_world/share/aws_robomaker_small_house_world/models/aws_robomaker_residential_AirconditionerA_01\n'}
[6.228224] (aws_robomaker_small_house_world) StdoutLine: {'line': b'-- Installing: /home/ashraful/HBRS/AMR/AMR_PROJECT/amr-team-bot/install/aws_robomaker_small_house_world/share/aws_robomaker_small_house_world/models/aws_robomaker_residential_AirconditionerA_01/model.sdf\n'}
[6.228447] (aws_robomaker_small_house_world) StdoutLine: {'line': b'-- Installing: /home/ashraful/HBRS/AMR/AMR_PROJECT/amr-team-bot/install/aws_robomaker_small_house_world/share/aws_robomaker_small_house_world/models/aws_robomaker_residential_AirconditionerA_01/meshes\n'}
[6.228673] (aws_robomaker_small_house_world) StdoutLine: {'line': b'-- Installing: /home/ashraful/HBRS/AMR/AMR_PROJECT/amr-team-bot/install/aws_robomaker_small_house_world/share/aws_robomaker_small_house_world/models/aws_robomaker_residential_AirconditionerA_01/meshes/aws__Air conditioner_01.DAE\n'}
[6.228877] (aws_robomaker_small_house_world) StdoutLine: {'line': b'-- Installing: /home/ashraful/HBRS/AMR/AMR_PROJECT/amr-team-bot/install/aws_robomaker_small_house_world/share/aws_robomaker_small_house_world/models/aws_robomaker_residential_AirconditionerA_01/meshes/aws_AirconditionerA_01_visual.DAE\n'}
[6.229083] (aws_robomaker_small_house_world) StdoutLine: {'line': b'-- Installing: /home/ashraful/HBRS/AMR/AMR_PROJECT/amr-team-bot/install/aws_robomaker_small_house_world/share/aws_robomaker_small_house_world/models/aws_robomaker_residential_AirconditionerA_01/meshes/aws_AirconditionerA_01_collision.DAE\n'}
[6.229304] (aws_robomaker_small_house_world) StdoutLine: {'line': b'-- Installing: /home/ashraful/HBRS/AMR/AMR_PROJECT/amr-team-bot/install/aws_robomaker_small_house_world/share/aws_robomaker_small_house_world/models/aws_robomaker_residential_AirconditionerA_01/materials\n'}
[6.239213] (-) TimerEvent: {}
[6.243035] (aws_robomaker_small_house_world) StdoutLine: {'line': b'-- Installing: /home/ashraful/HBRS/AMR/AMR_PROJECT/amr-team-bot/install/aws_robomaker_small_house_world/share/aws_robomaker_small_house_world/models/aws_robomaker_residential_AirconditionerA_01/materials/textures\n'}
[6.247425] (aws_robomaker_small_house_world) StdoutLine: {'line': b'-- Installing: /home/ashraful/HBRS/AMR/AMR_PROJECT/amr-team-bot/install/aws_robomaker_small_house_world/share/aws_robomaker_small_house_world/models/aws_robomaker_residential_AirconditionerA_01/materials/textures/aws_AirconditionerA_01.png\n'}
[6.249619] (aws_robomaker_small_house_world) StdoutLine: {'line': b'-- Installing: /home/ashraful/HBRS/AMR/AMR_PROJECT/amr-team-bot/install/aws_robomaker_small_house_world/share/aws_robomaker_small_house_world/models/aws_robomaker_residential_AirconditionerA_01/model.config\n'}
[6.253417] (aws_robomaker_small_house_world) StdoutLine: {'line': b'-- Installing: /home/ashraful/HBRS/AMR/AMR_PROJECT/amr-team-bot/install/aws_robomaker_small_house_world/share/aws_robomaker_small_house_world/models/aws_robomaker_residential_KitchenCabinet_01\n'}
[6.256609] (aws_robomaker_small_house_world) StdoutLine: {'line': b'-- Installing: /home/ashraful/HBRS/AMR/AMR_PROJECT/amr-team-bot/install/aws_robomaker_small_house_world/share/aws_robomaker_small_house_world/models/aws_robomaker_residential_KitchenCabinet_01/model.sdf\n'}
[6.257006] (aws_robomaker_small_house_world) StdoutLine: {'line': b'-- Installing: /home/ashraful/HBRS/AMR/AMR_PROJECT/amr-team-bot/install/aws_robomaker_small_house_world/share/aws_robomaker_small_house_world/models/aws_robomaker_residential_KitchenCabinet_01/meshes\n'}
[6.257238] (aws_robomaker_small_house_world) StdoutLine: {'line': b'-- Installing: /home/ashraful/HBRS/AMR/AMR_PROJECT/amr-team-bot/install/aws_robomaker_small_house_world/share/aws_robomaker_small_house_world/models/aws_robomaker_residential_KitchenCabinet_01/meshes/aws_KitchenCabinet_01_visual.DAE\n'}
[6.257453] (aws_robomaker_small_house_world) StdoutLine: {'line': b'-- Installing: /home/ashraful/HBRS/AMR/AMR_PROJECT/amr-team-bot/install/aws_robomaker_small_house_world/share/aws_robomaker_small_house_world/models/aws_robomaker_residential_KitchenCabinet_01/meshes/aws_KitchenCabinet_01_collision.DAE\n'}
[6.269719] (aws_robomaker_small_house_world) StdoutLine: {'line': b'-- Installing: /home/ashraful/HBRS/AMR/AMR_PROJECT/amr-team-bot/install/aws_robomaker_small_house_world/share/aws_robomaker_small_house_world/models/aws_robomaker_residential_KitchenCabinet_01/materials\n'}
[6.270538] (aws_robomaker_small_house_world) StdoutLine: {'line': b'-- Installing: /home/ashraful/HBRS/AMR/AMR_PROJECT/amr-team-bot/install/aws_robomaker_small_house_world/share/aws_robomaker_small_house_world/models/aws_robomaker_residential_KitchenCabinet_01/materials/textures\n'}
[6.270802] (aws_robomaker_small_house_world) StdoutLine: {'line': b'-- Installing: /home/ashraful/HBRS/AMR/AMR_PROJECT/amr-team-bot/install/aws_robomaker_small_house_world/share/aws_robomaker_small_house_world/models/aws_robomaker_residential_KitchenCabinet_01/materials/textures/aws_KitchenCabinet_01.png\n'}
[6.271014] (aws_robomaker_small_house_world) StdoutLine: {'line': b'-- Installing: /home/ashraful/HBRS/AMR/AMR_PROJECT/amr-team-bot/install/aws_robomaker_small_house_world/share/aws_robomaker_small_house_world/models/aws_robomaker_residential_KitchenCabinet_01/model.config\n'}
[6.271227] (aws_robomaker_small_house_world) StdoutLine: {'line': b'-- Installing: /home/ashraful/HBRS/AMR/AMR_PROJECT/amr-team-bot/install/aws_robomaker_small_house_world/share/aws_robomaker_small_house_world/models/aws_robomaker_residential_PortraitB_02\n'}
[6.279119] (aws_robomaker_small_house_world) StdoutLine: {'line': b'-- Installing: /home/ashraful/HBRS/AMR/AMR_PROJECT/amr-team-bot/install/aws_robomaker_small_house_world/share/aws_robomaker_small_house_world/models/aws_robomaker_residential_PortraitB_02/model.sdf\n'}
[6.283114] (aws_robomaker_small_house_world) StdoutLine: {'line': b'-- Installing: /home/ashraful/HBRS/AMR/AMR_PROJECT/amr-team-bot/install/aws_robomaker_small_house_world/share/aws_robomaker_small_house_world/models/aws_robomaker_residential_PortraitB_02/meshes\n'}
[6.283385] (aws_robomaker_small_house_world) StdoutLine: {'line': b'-- Installing: /home/ashraful/HBRS/AMR/AMR_PROJECT/amr-team-bot/install/aws_robomaker_small_house_world/share/aws_robomaker_small_house_world/models/aws_robomaker_residential_PortraitB_02/meshes/aws_PortraitB_01_collision.DAE\n'}
[6.290720] (aws_robomaker_small_house_world) StdoutLine: {'line': b'-- Installing: /home/ashraful/HBRS/AMR/AMR_PROJECT/amr-team-bot/install/aws_robomaker_small_house_world/share/aws_robomaker_small_house_world/models/aws_robomaker_residential_PortraitB_02/meshes/aws_PortraitB_01_visual.DAE\n'}
[6.295185] (aws_robomaker_small_house_world) StdoutLine: {'line': b'-- Installing: /home/ashraful/HBRS/AMR/AMR_PROJECT/amr-team-bot/install/aws_robomaker_small_house_world/share/aws_robomaker_small_house_world/models/aws_robomaker_residential_PortraitB_02/materials\n'}
[6.295805] (aws_robomaker_small_house_world) StdoutLine: {'line': b'-- Installing: /home/ashraful/HBRS/AMR/AMR_PROJECT/amr-team-bot/install/aws_robomaker_small_house_world/share/aws_robomaker_small_house_world/models/aws_robomaker_residential_PortraitB_02/materials/textures\n'}
[6.297992] (aws_robomaker_small_house_world) StdoutLine: {'line': b'-- Installing: /home/ashraful/HBRS/AMR/AMR_PROJECT/amr-team-bot/install/aws_robomaker_small_house_world/share/aws_robomaker_small_house_world/models/aws_robomaker_residential_PortraitB_02/materials/textures/aws_PortraitB_01.png\n'}
[6.298544] (aws_robomaker_small_house_world) StdoutLine: {'line': b'-- Installing: /home/ashraful/HBRS/AMR/AMR_PROJECT/amr-team-bot/install/aws_robomaker_small_house_world/share/aws_robomaker_small_house_world/models/aws_robomaker_residential_PortraitB_02/materials/textures/aws_PortraitB_02.png\n'}
[6.299321] (aws_robomaker_small_house_world) StdoutLine: {'line': b'-- Installing: /home/ashraful/HBRS/AMR/AMR_PROJECT/amr-team-bot/install/aws_robomaker_small_house_world/share/aws_robomaker_small_house_world/models/aws_robomaker_residential_PortraitB_02/model.config\n'}
[6.305812] (aws_robomaker_small_house_world) StdoutLine: {'line': b'-- Installing: /home/ashraful/HBRS/AMR/AMR_PROJECT/amr-team-bot/install/aws_robomaker_small_house_world/share/aws_robomaker_small_house_world/models/aws_robomaker_residential_PortraitD_01\n'}
[6.306097] (aws_robomaker_small_house_world) StdoutLine: {'line': b'-- Installing: /home/ashraful/HBRS/AMR/AMR_PROJECT/amr-team-bot/install/aws_robomaker_small_house_world/share/aws_robomaker_small_house_world/models/aws_robomaker_residential_PortraitD_01/model.sdf\n'}
[6.306309] (aws_robomaker_small_house_world) StdoutLine: {'line': b'-- Installing: /home/ashraful/HBRS/AMR/AMR_PROJECT/amr-team-bot/install/aws_robomaker_small_house_world/share/aws_robomaker_small_house_world/models/aws_robomaker_residential_PortraitD_01/meshes\n'}
[6.306546] (aws_robomaker_small_house_world) StdoutLine: {'line': b'-- Installing: /home/ashraful/HBRS/AMR/AMR_PROJECT/amr-team-bot/install/aws_robomaker_small_house_world/share/aws_robomaker_small_house_world/models/aws_robomaker_residential_PortraitD_01/meshes/aws_PortraitD_01_visual.DAE\n'}
[6.306750] (aws_robomaker_small_house_world) StdoutLine: {'line': b'-- Installing: /home/ashraful/HBRS/AMR/AMR_PROJECT/amr-team-bot/install/aws_robomaker_small_house_world/share/aws_robomaker_small_house_world/models/aws_robomaker_residential_PortraitD_01/meshes/aws_PortraitD_01_collision.DAE\n'}
[6.306935] (aws_robomaker_small_house_world) StdoutLine: {'line': b'-- Installing: /home/ashraful/HBRS/AMR/AMR_PROJECT/amr-team-bot/install/aws_robomaker_small_house_world/share/aws_robomaker_small_house_world/models/aws_robomaker_residential_PortraitD_01/materials\n'}
[6.307134] (aws_robomaker_small_house_world) StdoutLine: {'line': b'-- Installing: /home/ashraful/HBRS/AMR/AMR_PROJECT/amr-team-bot/install/aws_robomaker_small_house_world/share/aws_robomaker_small_house_world/models/aws_robomaker_residential_PortraitD_01/materials/textures\n'}
[6.307322] (aws_robomaker_small_house_world) StdoutLine: {'line': b'-- Installing: /home/ashraful/HBRS/AMR/AMR_PROJECT/amr-team-bot/install/aws_robomaker_small_house_world/share/aws_robomaker_small_house_world/models/aws_robomaker_residential_PortraitD_01/materials/textures/aws_PortraitD_01.png\n'}
[6.314251] (aws_robomaker_small_house_world) StdoutLine: {'line': b'-- Installing: /home/ashraful/HBRS/AMR/AMR_PROJECT/amr-team-bot/install/aws_robomaker_small_house_world/share/aws_robomaker_small_house_world/models/aws_robomaker_residential_PortraitD_01/materials/textures/aws_PortraitD_02.png\n'}
[6.315906] (aws_robomaker_small_house_world) StdoutLine: {'line': b'-- Installing: /home/ashraful/HBRS/AMR/AMR_PROJECT/amr-team-bot/install/aws_robomaker_small_house_world/share/aws_robomaker_small_house_world/models/aws_robomaker_residential_PortraitD_01/model.config\n'}
[6.316857] (aws_robomaker_small_house_world) StdoutLine: {'line': b'-- Installing: /home/ashraful/HBRS/AMR/AMR_PROJECT/amr-team-bot/install/aws_robomaker_small_house_world/share/aws_robomaker_small_house_world/models/aws_robomaker_residential_Chandelier_01\n'}
[6.333202] (aws_robomaker_small_house_world) StdoutLine: {'line': b'-- Installing: /home/ashraful/HBRS/AMR/AMR_PROJECT/amr-team-bot/install/aws_robomaker_small_house_world/share/aws_robomaker_small_house_world/models/aws_robomaker_residential_Chandelier_01/model.sdf\n'}
[6.334901] (aws_robomaker_small_house_world) StdoutLine: {'line': b'-- Installing: /home/ashraful/HBRS/AMR/AMR_PROJECT/amr-team-bot/install/aws_robomaker_small_house_world/share/aws_robomaker_small_house_world/models/aws_robomaker_residential_Chandelier_01/meshes\n'}
[6.335124] (aws_robomaker_small_house_world) StdoutLine: {'line': b'-- Installing: /home/ashraful/HBRS/AMR/AMR_PROJECT/amr-team-bot/install/aws_robomaker_small_house_world/share/aws_robomaker_small_house_world/models/aws_robomaker_residential_Chandelier_01/meshes/aws_Chandelier_01_collision.DAE\n'}
[6.335308] (aws_robomaker_small_house_world) StdoutLine: {'line': b'-- Installing: /home/ashraful/HBRS/AMR/AMR_PROJECT/amr-team-bot/install/aws_robomaker_small_house_world/share/aws_robomaker_small_house_world/models/aws_robomaker_residential_Chandelier_01/meshes/aws_Chandelier_01_visual.DAE\n'}
[6.340006] (-) TimerEvent: {}
[6.340451] (aws_robomaker_small_house_world) StdoutLine: {'line': b'-- Installing: /home/ashraful/HBRS/AMR/AMR_PROJECT/amr-team-bot/install/aws_robomaker_small_house_world/share/aws_robomaker_small_house_world/models/aws_robomaker_residential_Chandelier_01/meshes/aws_Chandelier_01.DAE\n'}
[6.340810] (aws_robomaker_small_house_world) StdoutLine: {'line': b'-- Installing: /home/ashraful/HBRS/AMR/AMR_PROJECT/amr-team-bot/install/aws_robomaker_small_house_world/share/aws_robomaker_small_house_world/models/aws_robomaker_residential_Chandelier_01/materials\n'}
[6.341019] (aws_robomaker_small_house_world) StdoutLine: {'line': b'-- Installing: /home/ashraful/HBRS/AMR/AMR_PROJECT/amr-team-bot/install/aws_robomaker_small_house_world/share/aws_robomaker_small_house_world/models/aws_robomaker_residential_Chandelier_01/materials/textures\n'}
[6.353330] (aws_robomaker_small_house_world) StdoutLine: {'line': b'-- Installing: /home/ashraful/HBRS/AMR/AMR_PROJECT/amr-team-bot/install/aws_robomaker_small_house_world/share/aws_robomaker_small_house_world/models/aws_robomaker_residential_Chandelier_01/materials/textures/aws_Chandelier_01.png\n'}
[6.367625] (aws_robomaker_small_house_world) StdoutLine: {'line': b'-- Installing: /home/ashraful/HBRS/AMR/AMR_PROJECT/amr-team-bot/install/aws_robomaker_small_house_world/share/aws_robomaker_small_house_world/models/aws_robomaker_residential_Chandelier_01/model.config\n'}
[6.367981] (aws_robomaker_small_house_world) StdoutLine: {'line': b'-- Installing: /home/ashraful/HBRS/AMR/AMR_PROJECT/amr-team-bot/install/aws_robomaker_small_house_world/share/aws_robomaker_small_house_world/models/aws_robomaker_residential_Board_01\n'}
[6.368209] (aws_robomaker_small_house_world) StdoutLine: {'line': b'-- Installing: /home/ashraful/HBRS/AMR/AMR_PROJECT/amr-team-bot/install/aws_robomaker_small_house_world/share/aws_robomaker_small_house_world/models/aws_robomaker_residential_Board_01/model.sdf\n'}
[6.368417] (aws_robomaker_small_house_world) StdoutLine: {'line': b'-- Installing: /home/ashraful/HBRS/AMR/AMR_PROJECT/amr-team-bot/install/aws_robomaker_small_house_world/share/aws_robomaker_small_house_world/models/aws_robomaker_residential_Board_01/meshes\n'}
[6.368640] (aws_robomaker_small_house_world) StdoutLine: {'line': b'-- Installing: /home/ashraful/HBRS/AMR/AMR_PROJECT/amr-team-bot/install/aws_robomaker_small_house_world/share/aws_robomaker_small_house_world/models/aws_robomaker_residential_Board_01/meshes/aws_Board_01_visual.DAE\n'}
[6.368849] (aws_robomaker_small_house_world) StdoutLine: {'line': b'-- Installing: /home/ashraful/HBRS/AMR/AMR_PROJECT/amr-team-bot/install/aws_robomaker_small_house_world/share/aws_robomaker_small_house_world/models/aws_robomaker_residential_Board_01/meshes/aws_Board_01_collision.DAE\n'}
[6.369037] (aws_robomaker_small_house_world) StdoutLine: {'line': b'-- Installing: /home/ashraful/HBRS/AMR/AMR_PROJECT/amr-team-bot/install/aws_robomaker_small_house_world/share/aws_robomaker_small_house_world/models/aws_robomaker_residential_Board_01/materials\n'}
[6.369229] (aws_robomaker_small_house_world) StdoutLine: {'line': b'-- Installing: /home/ashraful/HBRS/AMR/AMR_PROJECT/amr-team-bot/install/aws_robomaker_small_house_world/share/aws_robomaker_small_house_world/models/aws_robomaker_residential_Board_01/materials/textures\n'}
[6.369418] (aws_robomaker_small_house_world) StdoutLine: {'line': b'-- Installing: /home/ashraful/HBRS/AMR/AMR_PROJECT/amr-team-bot/install/aws_robomaker_small_house_world/share/aws_robomaker_small_house_world/models/aws_robomaker_residential_Board_01/materials/textures/aws_Board_01.png\n'}
[6.369668] (aws_robomaker_small_house_world) StdoutLine: {'line': b'-- Installing: /home/ashraful/HBRS/AMR/AMR_PROJECT/amr-team-bot/install/aws_robomaker_small_house_world/share/aws_robomaker_small_house_world/models/aws_robomaker_residential_Board_01/model.config\n'}
[6.369897] (aws_robomaker_small_house_world) StdoutLine: {'line': b'-- Installing: /home/ashraful/HBRS/AMR/AMR_PROJECT/amr-team-bot/install/aws_robomaker_small_house_world/share/aws_robomaker_small_house_world/models/aws_robomaker_residential_BalconyTable_01\n'}
[6.379090] (aws_robomaker_small_house_world) StdoutLine: {'line': b'-- Installing: /home/ashraful/HBRS/AMR/AMR_PROJECT/amr-team-bot/install/aws_robomaker_small_house_world/share/aws_robomaker_small_house_world/models/aws_robomaker_residential_BalconyTable_01/model.sdf\n'}
[6.384633] (aws_robomaker_small_house_world) StdoutLine: {'line': b'-- Installing: /home/ashraful/HBRS/AMR/AMR_PROJECT/amr-team-bot/install/aws_robomaker_small_house_world/share/aws_robomaker_small_house_world/models/aws_robomaker_residential_BalconyTable_01/meshes\n'}
[6.384904] (aws_robomaker_small_house_world) StdoutLine: {'line': b'-- Installing: /home/ashraful/HBRS/AMR/AMR_PROJECT/amr-team-bot/install/aws_robomaker_small_house_world/share/aws_robomaker_small_house_world/models/aws_robomaker_residential_BalconyTable_01/meshes/aws_BalconyTable_01_visual.DAE\n'}
[6.385111] (aws_robomaker_small_house_world) StdoutLine: {'line': b'-- Installing: /home/ashraful/HBRS/AMR/AMR_PROJECT/amr-team-bot/install/aws_robomaker_small_house_world/share/aws_robomaker_small_house_world/models/aws_robomaker_residential_BalconyTable_01/meshes/aws_BalconyTable_01_collision.DAE\n'}
[6.385297] (aws_robomaker_small_house_world) StdoutLine: {'line': b'-- Installing: /home/ashraful/HBRS/AMR/AMR_PROJECT/amr-team-bot/install/aws_robomaker_small_house_world/share/aws_robomaker_small_house_world/models/aws_robomaker_residential_BalconyTable_01/materials\n'}
[6.385512] (aws_robomaker_small_house_world) StdoutLine: {'line': b'-- Installing: /home/ashraful/HBRS/AMR/AMR_PROJECT/amr-team-bot/install/aws_robomaker_small_house_world/share/aws_robomaker_small_house_world/models/aws_robomaker_residential_BalconyTable_01/materials/textures\n'}
[6.385717] (aws_robomaker_small_house_world) StdoutLine: {'line': b'-- Installing: /home/ashraful/HBRS/AMR/AMR_PROJECT/amr-team-bot/install/aws_robomaker_small_house_world/share/aws_robomaker_small_house_world/models/aws_robomaker_residential_BalconyTable_01/materials/textures/aws_BalconyTable_01.png\n'}
[6.385911] (aws_robomaker_small_house_world) StdoutLine: {'line': b'-- Installing: /home/ashraful/HBRS/AMR/AMR_PROJECT/amr-team-bot/install/aws_robomaker_small_house_world/share/aws_robomaker_small_house_world/models/aws_robomaker_residential_BalconyTable_01/model.config\n'}
[6.386095] (aws_robomaker_small_house_world) StdoutLine: {'line': b'-- Installing: /home/ashraful/HBRS/AMR/AMR_PROJECT/amr-team-bot/install/aws_robomaker_small_house_world/share/aws_robomaker_small_house_world/models/aws_robomaker_residential_Rangehood_01\n'}
[6.386286] (aws_robomaker_small_house_world) StdoutLine: {'line': b'-- Installing: /home/ashraful/HBRS/AMR/AMR_PROJECT/amr-team-bot/install/aws_robomaker_small_house_world/share/aws_robomaker_small_house_world/models/aws_robomaker_residential_Rangehood_01/model.sdf\n'}
[6.386493] (aws_robomaker_small_house_world) StdoutLine: {'line': b'-- Installing: /home/ashraful/HBRS/AMR/AMR_PROJECT/amr-team-bot/install/aws_robomaker_small_house_world/share/aws_robomaker_small_house_world/models/aws_robomaker_residential_Rangehood_01/meshes\n'}
[6.386701] (aws_robomaker_small_house_world) StdoutLine: {'line': b'-- Installing: /home/ashraful/HBRS/AMR/AMR_PROJECT/amr-team-bot/install/aws_robomaker_small_house_world/share/aws_robomaker_small_house_world/models/aws_robomaker_residential_Rangehood_01/meshes/aws_Rangehood_01_collision.DAE\n'}
[6.386934] (aws_robomaker_small_house_world) StdoutLine: {'line': b'-- Installing: /home/ashraful/HBRS/AMR/AMR_PROJECT/amr-team-bot/install/aws_robomaker_small_house_world/share/aws_robomaker_small_house_world/models/aws_robomaker_residential_Rangehood_01/meshes/aws_Rangehood_01_visual.DAE\n'}
[6.387125] (aws_robomaker_small_house_world) StdoutLine: {'line': b'-- Installing: /home/ashraful/HBRS/AMR/AMR_PROJECT/amr-team-bot/install/aws_robomaker_small_house_world/share/aws_robomaker_small_house_world/models/aws_robomaker_residential_Rangehood_01/materials\n'}
[6.387299] (aws_robomaker_small_house_world) StdoutLine: {'line': b'-- Installing: /home/ashraful/HBRS/AMR/AMR_PROJECT/amr-team-bot/install/aws_robomaker_small_house_world/share/aws_robomaker_small_house_world/models/aws_robomaker_residential_Rangehood_01/materials/textures\n'}
[6.404445] (aws_robomaker_small_house_world) StdoutLine: {'line': b'-- Installing: /home/ashraful/HBRS/AMR/AMR_PROJECT/amr-team-bot/install/aws_robomaker_small_house_world/share/aws_robomaker_small_house_world/models/aws_robomaker_residential_Rangehood_01/materials/textures/aws_Rangehood_01.png\n'}
[6.405067] (aws_robomaker_small_house_world) StdoutLine: {'line': b'-- Installing: /home/ashraful/HBRS/AMR/AMR_PROJECT/amr-team-bot/install/aws_robomaker_small_house_world/share/aws_robomaker_small_house_world/models/aws_robomaker_residential_Rangehood_01/model.config\n'}
[6.405301] (aws_robomaker_small_house_world) StdoutLine: {'line': b'-- Installing: /home/ashraful/HBRS/AMR/AMR_PROJECT/amr-team-bot/install/aws_robomaker_small_house_world/share/aws_robomaker_small_house_world/models/aws_robomaker_residential_ChairA_01\n'}
[6.413643] (aws_robomaker_small_house_world) StdoutLine: {'line': b'-- Installing: /home/ashraful/HBRS/AMR/AMR_PROJECT/amr-team-bot/install/aws_robomaker_small_house_world/share/aws_robomaker_small_house_world/models/aws_robomaker_residential_ChairA_01/model.sdf\n'}
[6.414105] (aws_robomaker_small_house_world) StdoutLine: {'line': b'-- Installing: /home/ashraful/HBRS/AMR/AMR_PROJECT/amr-team-bot/install/aws_robomaker_small_house_world/share/aws_robomaker_small_house_world/models/aws_robomaker_residential_ChairA_01/meshes\n'}
[6.414356] (aws_robomaker_small_house_world) StdoutLine: {'line': b'-- Installing: /home/ashraful/HBRS/AMR/AMR_PROJECT/amr-team-bot/install/aws_robomaker_small_house_world/share/aws_robomaker_small_house_world/models/aws_robomaker_residential_ChairA_01/meshes/aws_ChairA_01_collision.DAE\n'}
[6.414592] (aws_robomaker_small_house_world) StdoutLine: {'line': b'-- Installing: /home/ashraful/HBRS/AMR/AMR_PROJECT/amr-team-bot/install/aws_robomaker_small_house_world/share/aws_robomaker_small_house_world/models/aws_robomaker_residential_ChairA_01/meshes/aws_ChairA_01_visual.DAE\n'}
[6.414774] (aws_robomaker_small_house_world) StdoutLine: {'line': b'-- Installing: /home/ashraful/HBRS/AMR/AMR_PROJECT/amr-team-bot/install/aws_robomaker_small_house_world/share/aws_robomaker_small_house_world/models/aws_robomaker_residential_ChairA_01/materials\n'}
[6.414965] (aws_robomaker_small_house_world) StdoutLine: {'line': b'-- Installing: /home/ashraful/HBRS/AMR/AMR_PROJECT/amr-team-bot/install/aws_robomaker_small_house_world/share/aws_robomaker_small_house_world/models/aws_robomaker_residential_ChairA_01/materials/textures\n'}
[6.415156] (aws_robomaker_small_house_world) StdoutLine: {'line': b'-- Installing: /home/ashraful/HBRS/AMR/AMR_PROJECT/amr-team-bot/install/aws_robomaker_small_house_world/share/aws_robomaker_small_house_world/models/aws_robomaker_residential_ChairA_01/materials/textures/aws_ChairA_01.png\n'}
[6.415335] (aws_robomaker_small_house_world) StdoutLine: {'line': b'-- Installing: /home/ashraful/HBRS/AMR/AMR_PROJECT/amr-team-bot/install/aws_robomaker_small_house_world/share/aws_robomaker_small_house_world/models/aws_robomaker_residential_ChairA_01/model.config\n'}
[6.426942] (aws_robomaker_small_house_world) StdoutLine: {'line': b'-- Installing: /home/ashraful/HBRS/AMR/AMR_PROJECT/amr-team-bot/install/aws_robomaker_small_house_world/share/aws_robomaker_small_house_world/models/aws_robomaker_residential_Carpet_01\n'}
[6.427330] (aws_robomaker_small_house_world) StdoutLine: {'line': b'-- Installing: /home/ashraful/HBRS/AMR/AMR_PROJECT/amr-team-bot/install/aws_robomaker_small_house_world/share/aws_robomaker_small_house_world/models/aws_robomaker_residential_Carpet_01/model.sdf\n'}
[6.427549] (aws_robomaker_small_house_world) StdoutLine: {'line': b'-- Installing: /home/ashraful/HBRS/AMR/AMR_PROJECT/amr-team-bot/install/aws_robomaker_small_house_world/share/aws_robomaker_small_house_world/models/aws_robomaker_residential_Carpet_01/meshes\n'}
[6.427781] (aws_robomaker_small_house_world) StdoutLine: {'line': b'-- Installing: /home/ashraful/HBRS/AMR/AMR_PROJECT/amr-team-bot/install/aws_robomaker_small_house_world/share/aws_robomaker_small_house_world/models/aws_robomaker_residential_Carpet_01/meshes/aws_Carpet_01_collision.DAE\n'}
[6.427980] (aws_robomaker_small_house_world) StdoutLine: {'line': b'-- Installing: /home/ashraful/HBRS/AMR/AMR_PROJECT/amr-team-bot/install/aws_robomaker_small_house_world/share/aws_robomaker_small_house_world/models/aws_robomaker_residential_Carpet_01/meshes/aws_Carpet_01_visual.DAE\n'}
[6.428183] (aws_robomaker_small_house_world) StdoutLine: {'line': b'-- Installing: /home/ashraful/HBRS/AMR/AMR_PROJECT/amr-team-bot/install/aws_robomaker_small_house_world/share/aws_robomaker_small_house_world/models/aws_robomaker_residential_Carpet_01/materials\n'}
[6.432684] (aws_robomaker_small_house_world) StdoutLine: {'line': b'-- Installing: /home/ashraful/HBRS/AMR/AMR_PROJECT/amr-team-bot/install/aws_robomaker_small_house_world/share/aws_robomaker_small_house_world/models/aws_robomaker_residential_Carpet_01/materials/textures\n'}
[6.433038] (aws_robomaker_small_house_world) StdoutLine: {'line': b'-- Installing: /home/ashraful/HBRS/AMR/AMR_PROJECT/amr-team-bot/install/aws_robomaker_small_house_world/share/aws_robomaker_small_house_world/models/aws_robomaker_residential_Carpet_01/materials/textures/aws_Carpet_01.png\n'}
[6.433265] (aws_robomaker_small_house_world) StdoutLine: {'line': b'-- Installing: /home/ashraful/HBRS/AMR/AMR_PROJECT/amr-team-bot/install/aws_robomaker_small_house_world/share/aws_robomaker_small_house_world/models/aws_robomaker_residential_Carpet_01/model.config\n'}
[6.433532] (aws_robomaker_small_house_world) StdoutLine: {'line': b'-- Installing: /home/ashraful/HBRS/AMR/AMR_PROJECT/amr-team-bot/install/aws_robomaker_small_house_world/share/aws_robomaker_small_house_world/models/aws_robomaker_residential_ChairD_01\n'}
[6.433754] (aws_robomaker_small_house_world) StdoutLine: {'line': b'-- Installing: /home/ashraful/HBRS/AMR/AMR_PROJECT/amr-team-bot/install/aws_robomaker_small_house_world/share/aws_robomaker_small_house_world/models/aws_robomaker_residential_ChairD_01/model.sdf\n'}
[6.460788] (-) TimerEvent: {}
[6.461285] (aws_robomaker_small_house_world) StdoutLine: {'line': b'-- Installing: /home/ashraful/HBRS/AMR/AMR_PROJECT/amr-team-bot/install/aws_robomaker_small_house_world/share/aws_robomaker_small_house_world/models/aws_robomaker_residential_ChairD_01/meshes\n'}
[6.461800] (aws_robomaker_small_house_world) StdoutLine: {'line': b'-- Installing: /home/ashraful/HBRS/AMR/AMR_PROJECT/amr-team-bot/install/aws_robomaker_small_house_world/share/aws_robomaker_small_house_world/models/aws_robomaker_residential_ChairD_01/meshes/aws_ChairD_01_visual.DAE\n'}
[6.462015] (aws_robomaker_small_house_world) StdoutLine: {'line': b'-- Installing: /home/ashraful/HBRS/AMR/AMR_PROJECT/amr-team-bot/install/aws_robomaker_small_house_world/share/aws_robomaker_small_house_world/models/aws_robomaker_residential_ChairD_01/meshes/aws_ChairD_01_collision.DAE\n'}
[6.462209] (aws_robomaker_small_house_world) StdoutLine: {'line': b'-- Installing: /home/ashraful/HBRS/AMR/AMR_PROJECT/amr-team-bot/install/aws_robomaker_small_house_world/share/aws_robomaker_small_house_world/models/aws_robomaker_residential_ChairD_01/materials\n'}
[6.462409] (aws_robomaker_small_house_world) StdoutLine: {'line': b'-- Installing: /home/ashraful/HBRS/AMR/AMR_PROJECT/amr-team-bot/install/aws_robomaker_small_house_world/share/aws_robomaker_small_house_world/models/aws_robomaker_residential_ChairD_01/materials/textures\n'}
[6.462612] (aws_robomaker_small_house_world) StdoutLine: {'line': b'-- Installing: /home/ashraful/HBRS/AMR/AMR_PROJECT/amr-team-bot/install/aws_robomaker_small_house_world/share/aws_robomaker_small_house_world/models/aws_robomaker_residential_ChairD_01/materials/textures/aws_ChairD_01.png\n'}
[6.462806] (aws_robomaker_small_house_world) StdoutLine: {'line': b'-- Installing: /home/ashraful/HBRS/AMR/AMR_PROJECT/amr-team-bot/install/aws_robomaker_small_house_world/share/aws_robomaker_small_house_world/models/aws_robomaker_residential_ChairD_01/model.config\n'}
[6.462982] (aws_robomaker_small_house_world) StdoutLine: {'line': b'-- Installing: /home/ashraful/HBRS/AMR/AMR_PROJECT/amr-team-bot/install/aws_robomaker_small_house_world/share/aws_robomaker_small_house_world/models/aws_robomaker_residential_DeskPortraitD_02\n'}
[6.463169] (aws_robomaker_small_house_world) StdoutLine: {'line': b'-- Installing: /home/ashraful/HBRS/AMR/AMR_PROJECT/amr-team-bot/install/aws_robomaker_small_house_world/share/aws_robomaker_small_house_world/models/aws_robomaker_residential_DeskPortraitD_02/model.sdf\n'}
[6.463368] (aws_robomaker_small_house_world) StdoutLine: {'line': b'-- Installing: /home/ashraful/HBRS/AMR/AMR_PROJECT/amr-team-bot/install/aws_robomaker_small_house_world/share/aws_robomaker_small_house_world/models/aws_robomaker_residential_DeskPortraitD_02/meshes\n'}
[6.463582] (aws_robomaker_small_house_world) StdoutLine: {'line': b'-- Installing: /home/ashraful/HBRS/AMR/AMR_PROJECT/amr-team-bot/install/aws_robomaker_small_house_world/share/aws_robomaker_small_house_world/models/aws_robomaker_residential_DeskPortraitD_02/meshes/aws_DeskPortraitD_01_visual.DAE\n'}
[6.463784] (aws_robomaker_small_house_world) StdoutLine: {'line': b'-- Installing: /home/ashraful/HBRS/AMR/AMR_PROJECT/amr-team-bot/install/aws_robomaker_small_house_world/share/aws_robomaker_small_house_world/models/aws_robomaker_residential_DeskPortraitD_02/meshes/aws_DeskPortraitD_01_collision.DAE\n'}
[6.463976] (aws_robomaker_small_house_world) StdoutLine: {'line': b'-- Installing: /home/ashraful/HBRS/AMR/AMR_PROJECT/amr-team-bot/install/aws_robomaker_small_house_world/share/aws_robomaker_small_house_world/models/aws_robomaker_residential_DeskPortraitD_02/materials\n'}
[6.464191] (aws_robomaker_small_house_world) StdoutLine: {'line': b'-- Installing: /home/ashraful/HBRS/AMR/AMR_PROJECT/amr-team-bot/install/aws_robomaker_small_house_world/share/aws_robomaker_small_house_world/models/aws_robomaker_residential_DeskPortraitD_02/materials/textures\n'}
[6.464392] (aws_robomaker_small_house_world) StdoutLine: {'line': b'-- Installing: /home/ashraful/HBRS/AMR/AMR_PROJECT/amr-team-bot/install/aws_robomaker_small_house_world/share/aws_robomaker_small_house_world/models/aws_robomaker_residential_DeskPortraitD_02/materials/textures/aws_DeskPortraitD_02.png\n'}
[6.481870] (aws_robomaker_small_house_world) StdoutLine: {'line': b'-- Installing: /home/ashraful/HBRS/AMR/AMR_PROJECT/amr-team-bot/install/aws_robomaker_small_house_world/share/aws_robomaker_small_house_world/models/aws_robomaker_residential_DeskPortraitD_02/materials/textures/aws_DeskPortraitD_01.png\n'}
[6.482349] (aws_robomaker_small_house_world) StdoutLine: {'line': b'-- Installing: /home/ashraful/HBRS/AMR/AMR_PROJECT/amr-team-bot/install/aws_robomaker_small_house_world/share/aws_robomaker_small_house_world/models/aws_robomaker_residential_DeskPortraitD_02/model.config\n'}
[6.482556] (aws_robomaker_small_house_world) StdoutLine: {'line': b'-- Installing: /home/ashraful/HBRS/AMR/AMR_PROJECT/amr-team-bot/install/aws_robomaker_small_house_world/share/aws_robomaker_small_house_world/models/aws_robomaker_residential_PortraitC_01\n'}
[6.482745] (aws_robomaker_small_house_world) StdoutLine: {'line': b'-- Installing: /home/ashraful/HBRS/AMR/AMR_PROJECT/amr-team-bot/install/aws_robomaker_small_house_world/share/aws_robomaker_small_house_world/models/aws_robomaker_residential_PortraitC_01/model.sdf\n'}
[6.482928] (aws_robomaker_small_house_world) StdoutLine: {'line': b'-- Installing: /home/ashraful/HBRS/AMR/AMR_PROJECT/amr-team-bot/install/aws_robomaker_small_house_world/share/aws_robomaker_small_house_world/models/aws_robomaker_residential_PortraitC_01/meshes\n'}
[6.504252] (aws_robomaker_small_house_world) StdoutLine: {'line': b'-- Installing: /home/ashraful/HBRS/AMR/AMR_PROJECT/amr-team-bot/install/aws_robomaker_small_house_world/share/aws_robomaker_small_house_world/models/aws_robomaker_residential_PortraitC_01/meshes/aws_PortraitC_01_collision.DAE\n'}
[6.504905] (aws_robomaker_small_house_world) StdoutLine: {'line': b'-- Installing: /home/ashraful/HBRS/AMR/AMR_PROJECT/amr-team-bot/install/aws_robomaker_small_house_world/share/aws_robomaker_small_house_world/models/aws_robomaker_residential_PortraitC_01/meshes/aws_PortraitC_01_visual.DAE\n'}
[6.506969] (aws_robomaker_small_house_world) StdoutLine: {'line': b'-- Installing: /home/ashraful/HBRS/AMR/AMR_PROJECT/amr-team-bot/install/aws_robomaker_small_house_world/share/aws_robomaker_small_house_world/models/aws_robomaker_residential_PortraitC_01/materials\n'}
[6.507372] (aws_robomaker_small_house_world) StdoutLine: {'line': b'-- Installing: /home/ashraful/HBRS/AMR/AMR_PROJECT/amr-team-bot/install/aws_robomaker_small_house_world/share/aws_robomaker_small_house_world/models/aws_robomaker_residential_PortraitC_01/materials/textures\n'}
[6.507665] (aws_robomaker_small_house_world) StdoutLine: {'line': b'-- Installing: /home/ashraful/HBRS/AMR/AMR_PROJECT/amr-team-bot/install/aws_robomaker_small_house_world/share/aws_robomaker_small_house_world/models/aws_robomaker_residential_PortraitC_01/materials/textures/aws_PortraitC_02.png\n'}
[6.519130] (aws_robomaker_small_house_world) StdoutLine: {'line': b'-- Installing: /home/ashraful/HBRS/AMR/AMR_PROJECT/amr-team-bot/install/aws_robomaker_small_house_world/share/aws_robomaker_small_house_world/models/aws_robomaker_residential_PortraitC_01/materials/textures/aws_PortraitC_01.png\n'}
[6.521025] (aws_robomaker_small_house_world) StdoutLine: {'line': b'-- Installing: /home/ashraful/HBRS/AMR/AMR_PROJECT/amr-team-bot/install/aws_robomaker_small_house_world/share/aws_robomaker_small_house_world/models/aws_robomaker_residential_PortraitC_01/model.config\n'}
[6.521485] (aws_robomaker_small_house_world) StdoutLine: {'line': b'-- Installing: /home/ashraful/HBRS/AMR/AMR_PROJECT/amr-team-bot/install/aws_robomaker_small_house_world/share/aws_robomaker_small_house_world/models/aws_robomaker_residential_RoomWall_01\n'}
[6.521747] (aws_robomaker_small_house_world) StdoutLine: {'line': b'-- Installing: /home/ashraful/HBRS/AMR/AMR_PROJECT/amr-team-bot/install/aws_robomaker_small_house_world/share/aws_robomaker_small_house_world/models/aws_robomaker_residential_RoomWall_01/model.sdf\n'}
[6.522633] (aws_robomaker_small_house_world) StdoutLine: {'line': b'-- Installing: /home/ashraful/HBRS/AMR/AMR_PROJECT/amr-team-bot/install/aws_robomaker_small_house_world/share/aws_robomaker_small_house_world/models/aws_robomaker_residential_RoomWall_01/meshes\n'}
[6.522910] (aws_robomaker_small_house_world) StdoutLine: {'line': b'-- Installing: /home/ashraful/HBRS/AMR/AMR_PROJECT/amr-team-bot/install/aws_robomaker_small_house_world/share/aws_robomaker_small_house_world/models/aws_robomaker_residential_RoomWall_01/meshes/aws_RoomWall_01_collision.DAE\n'}
[6.523113] (aws_robomaker_small_house_world) StdoutLine: {'line': b'-- Installing: /home/ashraful/HBRS/AMR/AMR_PROJECT/amr-team-bot/install/aws_robomaker_small_house_world/share/aws_robomaker_small_house_world/models/aws_robomaker_residential_RoomWall_01/meshes/aws_RoomWall_01_visual.DAE\n'}
[6.534674] (aws_robomaker_small_house_world) StdoutLine: {'line': b'-- Installing: /home/ashraful/HBRS/AMR/AMR_PROJECT/amr-team-bot/install/aws_robomaker_small_house_world/share/aws_robomaker_small_house_world/models/aws_robomaker_residential_RoomWall_01/materials\n'}
[6.535116] (aws_robomaker_small_house_world) StdoutLine: {'line': b'-- Installing: /home/ashraful/HBRS/AMR/AMR_PROJECT/amr-team-bot/install/aws_robomaker_small_house_world/share/aws_robomaker_small_house_world/models/aws_robomaker_residential_RoomWall_01/materials/textures\n'}
[6.536041] (aws_robomaker_small_house_world) StdoutLine: {'line': b'-- Installing: /home/ashraful/HBRS/AMR/AMR_PROJECT/amr-team-bot/install/aws_robomaker_small_house_world/share/aws_robomaker_small_house_world/models/aws_robomaker_residential_RoomWall_01/materials/textures/aws_RoomWall_01.png\n'}
[6.541785] (aws_robomaker_small_house_world) StdoutLine: {'line': b'-- Installing: /home/ashraful/HBRS/AMR/AMR_PROJECT/amr-team-bot/install/aws_robomaker_small_house_world/share/aws_robomaker_small_house_world/models/aws_robomaker_residential_RoomWall_01/model.config\n'}
[6.542914] (aws_robomaker_small_house_world) StdoutLine: {'line': b'-- Installing: /home/ashraful/HBRS/AMR/AMR_PROJECT/amr-team-bot/install/aws_robomaker_small_house_world/share/aws_robomaker_small_house_world/worlds\n'}
[6.543647] (aws_robomaker_small_house_world) StdoutLine: {'line': b'-- Installing: /home/ashraful/HBRS/AMR/AMR_PROJECT/amr-team-bot/install/aws_robomaker_small_house_world/share/aws_robomaker_small_house_world/worlds/small_house.world\n'}
[6.544268] (aws_robomaker_small_house_world) StdoutLine: {'line': b'-- Installing: /home/ashraful/HBRS/AMR/AMR_PROJECT/amr-team-bot/install/aws_robomaker_small_house_world/share/aws_robomaker_small_house_world/worlds/kitchen_table.world\n'}
[6.544502] (aws_robomaker_small_house_world) StdoutLine: {'line': b'-- Installing: /home/ashraful/HBRS/AMR/AMR_PROJECT/amr-team-bot/install/aws_robomaker_small_house_world/share/aws_robomaker_small_house_world/worlds/empty.world\n'}
[6.547400] (aws_robomaker_small_house_world) StdoutLine: {'line': b'-- Installing: /home/ashraful/HBRS/AMR/AMR_PROJECT/amr-team-bot/install/aws_robomaker_small_house_world/share/aws_robomaker_small_house_world/maps\n'}
[6.549074] (aws_robomaker_small_house_world) StdoutLine: {'line': b'-- Installing: /home/ashraful/HBRS/AMR/AMR_PROJECT/amr-team-bot/install/aws_robomaker_small_house_world/share/aws_robomaker_small_house_world/maps/turtlebot3_waffle_pi\n'}
[6.551377] (aws_robomaker_small_house_world) StdoutLine: {'line': b'-- Installing: /home/ashraful/HBRS/AMR/AMR_PROJECT/amr-team-bot/install/aws_robomaker_small_house_world/share/aws_robomaker_small_house_world/maps/turtlebot3_waffle_pi/map.pgm\n'}
[6.554020] (aws_robomaker_small_house_world) StdoutLine: {'line': b'-- Installing: /home/ashraful/HBRS/AMR/AMR_PROJECT/amr-team-bot/install/aws_robomaker_small_house_world/share/aws_robomaker_small_house_world/maps/turtlebot3_waffle_pi/map.yaml\n'}
[6.554300] (aws_robomaker_small_house_world) StdoutLine: {'line': b'-- Installing: /home/ashraful/HBRS/AMR/AMR_PROJECT/amr-team-bot/install/aws_robomaker_small_house_world/share/aws_robomaker_small_house_world/photos\n'}
[6.554514] (aws_robomaker_small_house_world) StdoutLine: {'line': b'-- Installing: /home/ashraful/HBRS/AMR/AMR_PROJECT/amr-team-bot/install/aws_robomaker_small_house_world/share/aws_robomaker_small_house_world/photos/DeskPortraitD_03.jpg\n'}
[6.562053] (-) TimerEvent: {}
[6.570510] (aws_robomaker_small_house_world) StdoutLine: {'line': b'-- Installing: /home/ashraful/HBRS/AMR/AMR_PROJECT/amr-team-bot/install/aws_robomaker_small_house_world/share/aws_robomaker_small_house_world/photos/DeskPortraitB_01.jpg\n'}
[6.571489] (aws_robomaker_small_house_world) StdoutLine: {'line': b'-- Installing: /home/ashraful/HBRS/AMR/AMR_PROJECT/amr-team-bot/install/aws_robomaker_small_house_world/share/aws_robomaker_small_house_world/photos/PortraitE_01.jpg\n'}
[6.571786] (aws_robomaker_small_house_world) StdoutLine: {'line': b'-- Installing: /home/ashraful/HBRS/AMR/AMR_PROJECT/amr-team-bot/install/aws_robomaker_small_house_world/share/aws_robomaker_small_house_world/photos/PortraitE_02.jpg\n'}
[6.573437] (aws_robomaker_small_house_world) StdoutLine: {'line': b'-- Installing: /home/ashraful/HBRS/AMR/AMR_PROJECT/amr-team-bot/install/aws_robomaker_small_house_world/share/aws_robomaker_small_house_world/photos/PortraitB_03.jpg\n'}
[6.574484] (aws_robomaker_small_house_world) StdoutLine: {'line': b'-- Installing: /home/ashraful/HBRS/AMR/AMR_PROJECT/amr-team-bot/install/aws_robomaker_small_house_world/share/aws_robomaker_small_house_world/photos/DeskPortraitA_01.jpg\n'}
[6.576209] (aws_robomaker_small_house_world) StdoutLine: {'line': b'-- Installing: /home/ashraful/HBRS/AMR/AMR_PROJECT/amr-team-bot/install/aws_robomaker_small_house_world/share/aws_robomaker_small_house_world/photos/PortraitB_01.jpg\n'}
[6.587554] (aws_robomaker_small_house_world) StdoutLine: {'line': b'-- Installing: /home/ashraful/HBRS/AMR/AMR_PROJECT/amr-team-bot/install/aws_robomaker_small_house_world/share/aws_robomaker_small_house_world/photos/PortraitD_02.jpg\n'}
[6.595268] (aws_robomaker_small_house_world) StdoutLine: {'line': b'-- Installing: /home/ashraful/HBRS/AMR/AMR_PROJECT/amr-team-bot/install/aws_robomaker_small_house_world/share/aws_robomaker_small_house_world/photos/DeskPortraitB_02.jpg\n'}
[6.656699] (aws_robomaker_small_house_world) StdoutLine: {'line': b'-- Installing: /home/ashraful/HBRS/AMR/AMR_PROJECT/amr-team-bot/install/aws_robomaker_small_house_world/share/aws_robomaker_small_house_world/photos/PortraitB_02.jpg\n'}
[6.663198] (-) TimerEvent: {}
[6.672201] (aws_robomaker_small_house_world) StdoutLine: {'line': b'-- Installing: /home/ashraful/HBRS/AMR/AMR_PROJECT/amr-team-bot/install/aws_robomaker_small_house_world/share/aws_robomaker_small_house_world/photos/DeskPortraitC_01.jpg\n'}
[6.715984] (aws_robomaker_small_house_world) StdoutLine: {'line': b'-- Installing: /home/ashraful/HBRS/AMR/AMR_PROJECT/amr-team-bot/install/aws_robomaker_small_house_world/share/aws_robomaker_small_house_world/photos/PortraitC_01.jpg\n'}
[6.716423] (aws_robomaker_small_house_world) StdoutLine: {'line': b'-- Installing: /home/ashraful/HBRS/AMR/AMR_PROJECT/amr-team-bot/install/aws_robomaker_small_house_world/share/aws_robomaker_small_house_world/photos/PortraitD_01.jpg\n'}
[6.716677] (aws_robomaker_small_house_world) StdoutLine: {'line': b'-- Installing: /home/ashraful/HBRS/AMR/AMR_PROJECT/amr-team-bot/install/aws_robomaker_small_house_world/share/aws_robomaker_small_house_world/photos/DeskPortraitD_02.jpg\n'}
[6.716912] (aws_robomaker_small_house_world) StdoutLine: {'line': b'-- Installing: /home/ashraful/HBRS/AMR/AMR_PROJECT/amr-team-bot/install/aws_robomaker_small_house_world/share/aws_robomaker_small_house_world/photos/DeskPortraitC_02.jpg\n'}
[6.717121] (aws_robomaker_small_house_world) StdoutLine: {'line': b'-- Installing: /home/ashraful/HBRS/AMR/AMR_PROJECT/amr-team-bot/install/aws_robomaker_small_house_world/share/aws_robomaker_small_house_world/photos/DeskPortraitD_01.jpg\n'}
[6.717330] (aws_robomaker_small_house_world) StdoutLine: {'line': b'-- Installing: /home/ashraful/HBRS/AMR/AMR_PROJECT/amr-team-bot/install/aws_robomaker_small_house_world/share/aws_robomaker_small_house_world/photos/DeskPortraitA_02.jpg\n'}
[6.758952] (aws_robomaker_small_house_world) StdoutLine: {'line': b'-- Installing: /home/ashraful/HBRS/AMR/AMR_PROJECT/amr-team-bot/install/aws_robomaker_small_house_world/share/aws_robomaker_small_house_world/photos/DeskPortraitD_04.jpg\n'}
[6.759354] (aws_robomaker_small_house_world) StdoutLine: {'line': b'-- Installing: /home/ashraful/HBRS/AMR/AMR_PROJECT/amr-team-bot/install/aws_robomaker_small_house_world/share/aws_robomaker_small_house_world/photos/PortraitA_01.jpg\n'}
[6.759570] (aws_robomaker_small_house_world) StdoutLine: {'line': b'-- Installing: /home/ashraful/HBRS/AMR/AMR_PROJECT/amr-team-bot/install/aws_robomaker_small_house_world/share/aws_robomaker_small_house_world/photos/PortraitA_02.jpg\n'}
[6.759780] (aws_robomaker_small_house_world) StdoutLine: {'line': b'-- Installing: /home/ashraful/HBRS/AMR/AMR_PROJECT/amr-team-bot/install/aws_robomaker_small_house_world/share/aws_robomaker_small_house_world/param\n'}
[6.759975] (aws_robomaker_small_house_world) StdoutLine: {'line': b'-- Installing: /home/ashraful/HBRS/AMR/AMR_PROJECT/amr-team-bot/install/aws_robomaker_small_house_world/share/aws_robomaker_small_house_world/param/waffle_pi.yaml\n'}
[6.760165] (aws_robomaker_small_house_world) StdoutLine: {'line': b'-- Installing: /home/ashraful/HBRS/AMR/AMR_PROJECT/amr-team-bot/install/aws_robomaker_small_house_world/share/aws_robomaker_small_house_world/routes\n'}
[6.760354] (aws_robomaker_small_house_world) StdoutLine: {'line': b'-- Installing: /home/ashraful/HBRS/AMR/AMR_PROJECT/amr-team-bot/install/aws_robomaker_small_house_world/share/aws_robomaker_small_house_world/routes/route.yaml\n'}
[6.760547] (aws_robomaker_small_house_world) StdoutLine: {'line': b'-- Installing: /home/ashraful/HBRS/AMR/AMR_PROJECT/amr-team-bot/install/aws_robomaker_small_house_world/share/ament_index/resource_index/package_run_dependencies/aws_robomaker_small_house_world\n'}
[6.760727] (aws_robomaker_small_house_world) StdoutLine: {'line': b'-- Installing: /home/ashraful/HBRS/AMR/AMR_PROJECT/amr-team-bot/install/aws_robomaker_small_house_world/share/ament_index/resource_index/parent_prefix_path/aws_robomaker_small_house_world\n'}
[6.760901] (aws_robomaker_small_house_world) StdoutLine: {'line': b'-- Installing: /home/ashraful/HBRS/AMR/AMR_PROJECT/amr-team-bot/install/aws_robomaker_small_house_world/share/aws_robomaker_small_house_world/environment/ament_prefix_path.sh\n'}
[6.761086] (aws_robomaker_small_house_world) StdoutLine: {'line': b'-- Installing: /home/ashraful/HBRS/AMR/AMR_PROJECT/amr-team-bot/install/aws_robomaker_small_house_world/share/aws_robomaker_small_house_world/environment/ament_prefix_path.dsv\n'}
[6.761269] (aws_robomaker_small_house_world) StdoutLine: {'line': b'-- Installing: /home/ashraful/HBRS/AMR/AMR_PROJECT/amr-team-bot/install/aws_robomaker_small_house_world/share/aws_robomaker_small_house_world/environment/path.sh\n'}
[6.773089] (aws_robomaker_small_house_world) StdoutLine: {'line': b'-- Installing: /home/ashraful/HBRS/AMR/AMR_PROJECT/amr-team-bot/install/aws_robomaker_small_house_world/share/aws_robomaker_small_house_world/environment/path.dsv\n'}
[6.774853] (-) TimerEvent: {}
[6.775293] (aws_robomaker_small_house_world) StdoutLine: {'line': b'-- Installing: /home/ashraful/HBRS/AMR/AMR_PROJECT/amr-team-bot/install/aws_robomaker_small_house_world/share/aws_robomaker_small_house_world/local_setup.bash\n'}
[6.777720] (aws_robomaker_small_house_world) StdoutLine: {'line': b'-- Installing: /home/ashraful/HBRS/AMR/AMR_PROJECT/amr-team-bot/install/aws_robomaker_small_house_world/share/aws_robomaker_small_house_world/local_setup.sh\n'}
[6.777989] (aws_robomaker_small_house_world) StdoutLine: {'line': b'-- Installing: /home/ashraful/HBRS/AMR/AMR_PROJECT/amr-team-bot/install/aws_robomaker_small_house_world/share/aws_robomaker_small_house_world/local_setup.zsh\n'}
[6.779045] (aws_robomaker_small_house_world) StdoutLine: {'line': b'-- Installing: /home/ashraful/HBRS/AMR/AMR_PROJECT/amr-team-bot/install/aws_robomaker_small_house_world/share/aws_robomaker_small_house_world/local_setup.dsv\n'}
[6.785544] (aws_robomaker_small_house_world) StdoutLine: {'line': b'-- Installing: /home/ashraful/HBRS/AMR/AMR_PROJECT/amr-team-bot/install/aws_robomaker_small_house_world/share/aws_robomaker_small_house_world/package.dsv\n'}
[6.794705] (aws_robomaker_small_house_world) StdoutLine: {'line': b'-- Installing: /home/ashraful/HBRS/AMR/AMR_PROJECT/amr-team-bot/install/aws_robomaker_small_house_world/share/ament_index/resource_index/packages/aws_robomaker_small_house_world\n'}
[6.795784] (aws_robomaker_small_house_world) StdoutLine: {'line': b'-- Installing: /home/ashraful/HBRS/AMR/AMR_PROJECT/amr-team-bot/install/aws_robomaker_small_house_world/share/aws_robomaker_small_house_world/cmake/ament_cmake_export_dependencies-extras.cmake\n'}
[6.796086] (aws_robomaker_small_house_world) StdoutLine: {'line': b'-- Installing: /home/ashraful/HBRS/AMR/AMR_PROJECT/amr-team-bot/install/aws_robomaker_small_house_world/share/aws_robomaker_small_house_world/cmake/aws_robomaker_small_house_worldConfig.cmake\n'}
[6.828682] (aws_robomaker_small_house_world) StdoutLine: {'line': b'-- Installing: /home/ashraful/HBRS/AMR/AMR_PROJECT/amr-team-bot/install/aws_robomaker_small_house_world/share/aws_robomaker_small_house_world/cmake/aws_robomaker_small_house_worldConfig-version.cmake\n'}
[6.829168] (aws_robomaker_small_house_world) StdoutLine: {'line': b'-- Installing: /home/ashraful/HBRS/AMR/AMR_PROJECT/amr-team-bot/install/aws_robomaker_small_house_world/share/aws_robomaker_small_house_world/package.xml\n'}
[6.888903] (-) TimerEvent: {}
[7.006052] (-) TimerEvent: {}
[7.106990] (-) TimerEvent: {}
[7.208737] (-) TimerEvent: {}
[7.310594] (-) TimerEvent: {}
[7.412214] (-) TimerEvent: {}
[7.453061] (robile_interfaces) StdoutLine: {'line': b'running egg_info\n'}
[7.454192] (robile_interfaces) StdoutLine: {'line': b'writing robile_interfaces.egg-info/PKG-INFO\n'}
[7.460568] (robile_interfaces) StdoutLine: {'line': b'writing dependency_links to robile_interfaces.egg-info/dependency_links.txt\n'}
[7.461805] (robile_interfaces) StdoutLine: {'line': b'writing top-level names to robile_interfaces.egg-info/top_level.txt\n'}
[7.483716] (robile_interfaces) StdoutLine: {'line': b"reading manifest file 'robile_interfaces.egg-info/SOURCES.txt'\n"}
[7.491688] (robile_interfaces) StdoutLine: {'line': b"writing manifest file 'robile_interfaces.egg-info/SOURCES.txt'\n"}
[7.512359] (-) TimerEvent: {}
[7.638414] (-) TimerEvent: {}
[7.743625] (-) TimerEvent: {}
[7.772579] (robile_interfaces) StdoutLine: {'line': b'[ 32%] Built target ament_cmake_python_build_robile_interfaces_egg\n'}
[7.845582] (-) TimerEvent: {}
[7.861580] (robile_interfaces) StdoutLine: {'line': b'\x1b[35m\x1b[1mConsolidate compiler generated dependencies of target robile_interfaces__rosidl_typesupport_introspection_c\x1b[0m\n'}
[7.947607] (-) TimerEvent: {}
[8.010860] (robile_interfaces) StdoutLine: {'line': b'[ 35%] \x1b[32mBuilding C object CMakeFiles/robile_interfaces__rosidl_typesupport_introspection_c.dir/rosidl_typesupport_introspection_c/robile_interfaces/msg/detail/position_labelled__type_support.c.o\x1b[0m\n'}
[8.045746] (robile_interfaces) StdoutLine: {'line': b'[ 37%] \x1b[32mBuilding C object CMakeFiles/robile_interfaces__rosidl_typesupport_introspection_c.dir/rosidl_typesupport_introspection_c/robile_interfaces/msg/detail/position_labelled_array__type_support.c.o\x1b[0m\n'}
[8.049007] (-) TimerEvent: {}
[8.102718] (amr_localization) Command: {'cmd': ['/usr/bin/python3', '-W', 'ignore:setup.py install is deprecated', '-W', 'ignore:easy_install command is deprecated', 'setup.py', 'develop', '--uninstall', '--editable', '--build-directory', '/home/ashraful/HBRS/AMR/AMR_PROJECT/amr-team-bot/build/amr_localization/build'], 'cwd': '/home/ashraful/HBRS/AMR/AMR_PROJECT/amr-team-bot/build/amr_localization', 'env': {'LESSOPEN': '| /usr/bin/lesspipe %s', 'USER': 'ashraful', 'LC_TIME': 'de_DE.UTF-8', 'XDG_SESSION_TYPE': 'wayland', 'SHLVL': '1', 'LD_LIBRARY_PATH': '/usr/lib/x86_64-linux-gnu/gazebo-11/plugins:/opt/ros/humble/opt/rviz_ogre_vendor/lib:/opt/ros/humble/lib/x86_64-linux-gnu:/opt/ros/humble/lib:/home/ashraful/.mujoco/mujoco-3.9.0/lib:/home/ashraful/.mujoco/mujoco-3.9.0/lib', 'HOME': '/home/ashraful', 'OLDPWD': '/home/ashraful/HBRS/AMR/AMR_PROJECT/amr-team-bot/src', 'DESKTOP_SESSION': 'ubuntu', 'ROS_PYTHON_VERSION': '3', 'GNOME_SHELL_SESSION_MODE': 'ubuntu', 'GTK_MODULES': 'gail:atk-bridge', 'LC_MONETARY': 'de_DE.UTF-8', 'MANAGERPID': '1723', 'SYSTEMD_EXEC_PID': '2083', 'DBUS_SESSION_BUS_ADDRESS': 'unix:path=/run/user/1000/bus', 'COLORTERM': 'truecolor', 'TERMINATOR_DBUS_NAME': 'net.tenshu.Terminator25ef4b219e3b005583550f2b0f9f990c3', 'GIO_LAUNCHED_DESKTOP_FILE_PID': '87784', 'IM_CONFIG_PHASE': '1', 'WAYLAND_DISPLAY': 'wayland-0', 'ROS_DISTRO': 'humble', 'LOGNAME': 'ashraful', 'JOURNAL_STREAM': '8:20533', '_': '/usr/bin/colcon', 'ROS_VERSION': '2', 'XDG_SESSION_CLASS': 'user', 'USERNAME': 'ashraful', 'TERM': 'xterm-256color', 'GNOME_DESKTOP_SESSION_ID': 'this-is-deprecated', 'ROS_LOCALHOST_ONLY': '0', 'PATH': '/opt/ros/humble/bin:/home/ashraful/.local/bin:/usr/local/sbin:/usr/local/bin:/usr/sbin:/usr/bin:/sbin:/bin:/usr/games:/usr/local/games:/snap/bin:/snap/bin:/home/ashraful/.mujoco/mujoco-3.9.0/bin', 'SESSION_MANAGER': 'local/ashraful:@/tmp/.ICE-unix/1865,unix/ashraful:/tmp/.ICE-unix/1865', 'INVOCATION_ID': '8220aff1741a4be28484ee2ff67f3009', 'XDG_MENU_PREFIX': 'gnome-', 'LC_ADDRESS': 'de_DE.UTF-8', 'GNOME_SETUP_DISPLAY': ':1', 'XDG_RUNTIME_DIR': '/run/user/1000', 'DISPLAY': ':0', 'TERMINATOR_DBUS_PATH': '/net/tenshu/Terminator2', 'LANG': 'en_US.UTF-8', 'XDG_CURRENT_DESKTOP': 'ubuntu:GNOME', 'IBUS_DISABLE_SNOOPER': '1', 'LC_TELEPHONE': 'de_DE.UTF-8', 'XMODIFIERS': '@im=ibus', 'XDG_SESSION_DESKTOP': 'ubuntu', 'XAUTHORITY': '/run/user/1000/.mutter-Xwaylandauth.RE1JW3', 'LS_COLORS': 'rs=0:di=01;34:ln=01;36:mh=00:pi=40;33:so=01;35:do=01;35:bd=40;33;01:cd=40;33;01:or=40;31;01:mi=00:su=37;41:sg=30;43:ca=30;41:tw=30;42:ow=34;42:st=37;44:ex=01;32:*.tar=01;31:*.tgz=01;31:*.arc=01;31:*.arj=01;31:*.taz=01;31:*.lha=01;31:*.lz4=01;31:*.lzh=01;31:*.lzma=01;31:*.tlz=01;31:*.txz=01;31:*.tzo=01;31:*.t7z=01;31:*.zip=01;31:*.z=01;31:*.dz=01;31:*.gz=01;31:*.lrz=01;31:*.lz=01;31:*.lzo=01;31:*.xz=01;31:*.zst=01;31:*.tzst=01;31:*.bz2=01;31:*.bz=01;31:*.tbz=01;31:*.tbz2=01;31:*.tz=01;31:*.deb=01;31:*.rpm=01;31:*.jar=01;31:*.war=01;31:*.ear=01;31:*.sar=01;31:*.rar=01;31:*.alz=01;31:*.ace=01;31:*.zoo=01;31:*.cpio=01;31:*.7z=01;31:*.rz=01;31:*.cab=01;31:*.wim=01;31:*.swm=01;31:*.dwm=01;31:*.esd=01;31:*.jpg=01;35:*.jpeg=01;35:*.mjpg=01;35:*.mjpeg=01;35:*.gif=01;35:*.bmp=01;35:*.pbm=01;35:*.pgm=01;35:*.ppm=01;35:*.tga=01;35:*.xbm=01;35:*.xpm=01;35:*.tif=01;35:*.tiff=01;35:*.png=01;35:*.svg=01;35:*.svgz=01;35:*.mng=01;35:*.pcx=01;35:*.mov=01;35:*.mpg=01;35:*.mpeg=01;35:*.m2v=01;35:*.mkv=01;35:*.webm=01;35:*.webp=01;35:*.ogm=01;35:*.mp4=01;35:*.m4v=01;35:*.mp4v=01;35:*.vob=01;35:*.qt=01;35:*.nuv=01;35:*.wmv=01;35:*.asf=01;35:*.rm=01;35:*.rmvb=01;35:*.flc=01;35:*.avi=01;35:*.fli=01;35:*.flv=01;35:*.gl=01;35:*.dl=01;35:*.xcf=01;35:*.xwd=01;35:*.yuv=01;35:*.cgm=01;35:*.emf=01;35:*.ogv=01;35:*.ogx=01;35:*.aac=00;36:*.au=00;36:*.flac=00;36:*.m4a=00;36:*.mid=00;36:*.midi=00;36:*.mka=00;36:*.mp3=00;36:*.mpc=00;36:*.ogg=00;36:*.ra=00;36:*.wav=00;36:*.oga=00;36:*.opus=00;36:*.spx=00;36:*.xspf=00;36:', 'SSH_AGENT_LAUNCHER': 'gnome-keyring', 'SSH_AUTH_SOCK': '/run/user/1000/keyring/ssh', 'AMENT_PREFIX_PATH': '/opt/ros/humble', 'SHELL': '/bin/bash', 'LC_NAME': 'de_DE.UTF-8', 'TERMINATOR_UUID': 'urn:uuid:1c72cd59-31a6-4f1a-b61b-5502cd39b2d2', 'QT_ACCESSIBILITY': '1', 'GDMSESSION': 'ubuntu', 'LESSCLOSE': '/usr/bin/lesspipe %s %s', 'LC_MEASUREMENT': 'de_DE.UTF-8', 'LC_IDENTIFICATION': 'de_DE.UTF-8', 'QT_IM_MODULE': 'ibus', 'PWD': '/home/ashraful/HBRS/AMR/AMR_PROJECT/amr-team-bot/build/amr_localization', 'XDG_CONFIG_DIRS': '/etc/xdg/xdg-ubuntu:/etc/xdg', 'XDG_DATA_DIRS': '/usr/share/ubuntu:/usr/local/share/:/usr/share/:/var/lib/snapd/desktop', 'PYTHONPATH': '/home/ashraful/HBRS/AMR/AMR_PROJECT/amr-team-bot/build/amr_localization/prefix_override:/usr/lib/python3/dist-packages/colcon_core/task/python/colcon_distutils_commands:/home/ashraful/HBRS/AMR/AMR_PROJECT/amr-team-bot/install/amr_localization/lib/python3.10/site-packages:/opt/ros/humble/lib/python3.10/site-packages:/opt/ros/humble/local/lib/python3.10/dist-packages', 'LC_NUMERIC': 'de_DE.UTF-8', 'LC_PAPER': 'de_DE.UTF-8', 'COLCON': '1', 'VTE_VERSION': '6800'}, 'shell': False}
[8.151800] (-) TimerEvent: {}
[8.153732] (my_explorer) Command: {'cmd': ['/usr/bin/python3', '-W', 'ignore:setup.py install is deprecated', '-W', 'ignore:easy_install command is deprecated', 'setup.py', 'develop', '--uninstall', '--editable', '--build-directory', '/home/ashraful/HBRS/AMR/AMR_PROJECT/amr-team-bot/build/my_explorer/build'], 'cwd': '/home/ashraful/HBRS/AMR/AMR_PROJECT/amr-team-bot/build/my_explorer', 'env': {'LESSOPEN': '| /usr/bin/lesspipe %s', 'USER': 'ashraful', 'LC_TIME': 'de_DE.UTF-8', 'XDG_SESSION_TYPE': 'wayland', 'SHLVL': '1', 'LD_LIBRARY_PATH': '/usr/lib/x86_64-linux-gnu/gazebo-11/plugins:/opt/ros/humble/opt/rviz_ogre_vendor/lib:/opt/ros/humble/lib/x86_64-linux-gnu:/opt/ros/humble/lib:/home/ashraful/.mujoco/mujoco-3.9.0/lib:/home/ashraful/.mujoco/mujoco-3.9.0/lib', 'HOME': '/home/ashraful', 'OLDPWD': '/home/ashraful/HBRS/AMR/AMR_PROJECT/amr-team-bot/src', 'DESKTOP_SESSION': 'ubuntu', 'ROS_PYTHON_VERSION': '3', 'GNOME_SHELL_SESSION_MODE': 'ubuntu', 'GTK_MODULES': 'gail:atk-bridge', 'LC_MONETARY': 'de_DE.UTF-8', 'MANAGERPID': '1723', 'SYSTEMD_EXEC_PID': '2083', 'DBUS_SESSION_BUS_ADDRESS': 'unix:path=/run/user/1000/bus', 'COLORTERM': 'truecolor', 'TERMINATOR_DBUS_NAME': 'net.tenshu.Terminator25ef4b219e3b005583550f2b0f9f990c3', 'GIO_LAUNCHED_DESKTOP_FILE_PID': '87784', 'IM_CONFIG_PHASE': '1', 'WAYLAND_DISPLAY': 'wayland-0', 'ROS_DISTRO': 'humble', 'LOGNAME': 'ashraful', 'JOURNAL_STREAM': '8:20533', '_': '/usr/bin/colcon', 'ROS_VERSION': '2', 'XDG_SESSION_CLASS': 'user', 'USERNAME': 'ashraful', 'TERM': 'xterm-256color', 'GNOME_DESKTOP_SESSION_ID': 'this-is-deprecated', 'ROS_LOCALHOST_ONLY': '0', 'PATH': '/opt/ros/humble/bin:/home/ashraful/.local/bin:/usr/local/sbin:/usr/local/bin:/usr/sbin:/usr/bin:/sbin:/bin:/usr/games:/usr/local/games:/snap/bin:/snap/bin:/home/ashraful/.mujoco/mujoco-3.9.0/bin', 'SESSION_MANAGER': 'local/ashraful:@/tmp/.ICE-unix/1865,unix/ashraful:/tmp/.ICE-unix/1865', 'INVOCATION_ID': '8220aff1741a4be28484ee2ff67f3009', 'XDG_MENU_PREFIX': 'gnome-', 'LC_ADDRESS': 'de_DE.UTF-8', 'GNOME_SETUP_DISPLAY': ':1', 'XDG_RUNTIME_DIR': '/run/user/1000', 'DISPLAY': ':0', 'TERMINATOR_DBUS_PATH': '/net/tenshu/Terminator2', 'LANG': 'en_US.UTF-8', 'XDG_CURRENT_DESKTOP': 'ubuntu:GNOME', 'IBUS_DISABLE_SNOOPER': '1', 'LC_TELEPHONE': 'de_DE.UTF-8', 'XMODIFIERS': '@im=ibus', 'XDG_SESSION_DESKTOP': 'ubuntu', 'XAUTHORITY': '/run/user/1000/.mutter-Xwaylandauth.RE1JW3', 'LS_COLORS': 'rs=0:di=01;34:ln=01;36:mh=00:pi=40;33:so=01;35:do=01;35:bd=40;33;01:cd=40;33;01:or=40;31;01:mi=00:su=37;41:sg=30;43:ca=30;41:tw=30;42:ow=34;42:st=37;44:ex=01;32:*.tar=01;31:*.tgz=01;31:*.arc=01;31:*.arj=01;31:*.taz=01;31:*.lha=01;31:*.lz4=01;31:*.lzh=01;31:*.lzma=01;31:*.tlz=01;31:*.txz=01;31:*.tzo=01;31:*.t7z=01;31:*.zip=01;31:*.z=01;31:*.dz=01;31:*.gz=01;31:*.lrz=01;31:*.lz=01;31:*.lzo=01;31:*.xz=01;31:*.zst=01;31:*.tzst=01;31:*.bz2=01;31:*.bz=01;31:*.tbz=01;31:*.tbz2=01;31:*.tz=01;31:*.deb=01;31:*.rpm=01;31:*.jar=01;31:*.war=01;31:*.ear=01;31:*.sar=01;31:*.rar=01;31:*.alz=01;31:*.ace=01;31:*.zoo=01;31:*.cpio=01;31:*.7z=01;31:*.rz=01;31:*.cab=01;31:*.wim=01;31:*.swm=01;31:*.dwm=01;31:*.esd=01;31:*.jpg=01;35:*.jpeg=01;35:*.mjpg=01;35:*.mjpeg=01;35:*.gif=01;35:*.bmp=01;35:*.pbm=01;35:*.pgm=01;35:*.ppm=01;35:*.tga=01;35:*.xbm=01;35:*.xpm=01;35:*.tif=01;35:*.tiff=01;35:*.png=01;35:*.svg=01;35:*.svgz=01;35:*.mng=01;35:*.pcx=01;35:*.mov=01;35:*.mpg=01;35:*.mpeg=01;35:*.m2v=01;35:*.mkv=01;35:*.webm=01;35:*.webp=01;35:*.ogm=01;35:*.mp4=01;35:*.m4v=01;35:*.mp4v=01;35:*.vob=01;35:*.qt=01;35:*.nuv=01;35:*.wmv=01;35:*.asf=01;35:*.rm=01;35:*.rmvb=01;35:*.flc=01;35:*.avi=01;35:*.fli=01;35:*.flv=01;35:*.gl=01;35:*.dl=01;35:*.xcf=01;35:*.xwd=01;35:*.yuv=01;35:*.cgm=01;35:*.emf=01;35:*.ogv=01;35:*.ogx=01;35:*.aac=00;36:*.au=00;36:*.flac=00;36:*.m4a=00;36:*.mid=00;36:*.midi=00;36:*.mka=00;36:*.mp3=00;36:*.mpc=00;36:*.ogg=00;36:*.ra=00;36:*.wav=00;36:*.oga=00;36:*.opus=00;36:*.spx=00;36:*.xspf=00;36:', 'SSH_AGENT_LAUNCHER': 'gnome-keyring', 'SSH_AUTH_SOCK': '/run/user/1000/keyring/ssh', 'AMENT_PREFIX_PATH': '/opt/ros/humble', 'SHELL': '/bin/bash', 'LC_NAME': 'de_DE.UTF-8', 'TERMINATOR_UUID': 'urn:uuid:1c72cd59-31a6-4f1a-b61b-5502cd39b2d2', 'QT_ACCESSIBILITY': '1', 'GDMSESSION': 'ubuntu', 'LESSCLOSE': '/usr/bin/lesspipe %s %s', 'LC_MEASUREMENT': 'de_DE.UTF-8', 'LC_IDENTIFICATION': 'de_DE.UTF-8', 'QT_IM_MODULE': 'ibus', 'PWD': '/home/ashraful/HBRS/AMR/AMR_PROJECT/amr-team-bot/build/my_explorer', 'XDG_CONFIG_DIRS': '/etc/xdg/xdg-ubuntu:/etc/xdg', 'XDG_DATA_DIRS': '/usr/share/ubuntu:/usr/local/share/:/usr/share/:/var/lib/snapd/desktop', 'PYTHONPATH': '/home/ashraful/HBRS/AMR/AMR_PROJECT/amr-team-bot/build/my_explorer/prefix_override:/usr/lib/python3/dist-packages/colcon_core/task/python/colcon_distutils_commands:/home/ashraful/HBRS/AMR/AMR_PROJECT/amr-team-bot/install/my_explorer/lib/python3.10/site-packages:/opt/ros/humble/lib/python3.10/site-packages:/opt/ros/humble/local/lib/python3.10/dist-packages', 'LC_NUMERIC': 'de_DE.UTF-8', 'LC_PAPER': 'de_DE.UTF-8', 'COLCON': '1', 'VTE_VERSION': '6800'}, 'shell': False}
[8.202584] (aws_robomaker_small_house_world) CommandEnded: {'returncode': 0}
[8.260727] (-) TimerEvent: {}
[8.333556] (robile_interfaces) StdoutLine: {'line': b'[ 40%] \x1b[32m\x1b[1mLinking CXX shared library librobile_interfaces__rosidl_typesupport_cpp.so\x1b[0m\n'}
[8.380597] (-) TimerEvent: {}
[8.481244] (-) TimerEvent: {}
[8.484968] (aws_robomaker_small_house_world) JobEnded: {'identifier': 'aws_robomaker_small_house_world', 'rc': 0}
[8.493792] (robile_control_simple) JobStarted: {'identifier': 'robile_control_simple'}
[8.494281] (robile_interfaces) StdoutLine: {'line': b'[ 42%] \x1b[32m\x1b[1mLinking C shared library librobile_interfaces__rosidl_typesupport_introspection_c.so\x1b[0m\n'}
[8.520424] (robile_interfaces) StdoutLine: {'line': b'[ 45%] \x1b[32mBuilding CXX object CMakeFiles/robile_interfaces__rosidl_typesupport_fastrtps_c.dir/rosidl_typesupport_fastrtps_c/robile_interfaces/msg/detail/position_labelled_array__type_support_c.cpp.o\x1b[0m\n'}
[8.584667] (-) TimerEvent: {}
[8.620455] (particle_localization) Command: {'cmd': ['/usr/bin/python3', '-W', 'ignore:setup.py install is deprecated', '-W', 'ignore:easy_install command is deprecated', 'setup.py', 'develop', '--uninstall', '--editable', '--build-directory', '/home/ashraful/HBRS/AMR/AMR_PROJECT/amr-team-bot/build/particle_localization/build'], 'cwd': '/home/ashraful/HBRS/AMR/AMR_PROJECT/amr-team-bot/build/particle_localization', 'env': {'LESSOPEN': '| /usr/bin/lesspipe %s', 'USER': 'ashraful', 'LC_TIME': 'de_DE.UTF-8', 'XDG_SESSION_TYPE': 'wayland', 'SHLVL': '1', 'LD_LIBRARY_PATH': '/usr/lib/x86_64-linux-gnu/gazebo-11/plugins:/opt/ros/humble/opt/rviz_ogre_vendor/lib:/opt/ros/humble/lib/x86_64-linux-gnu:/opt/ros/humble/lib:/home/ashraful/.mujoco/mujoco-3.9.0/lib:/home/ashraful/.mujoco/mujoco-3.9.0/lib', 'HOME': '/home/ashraful', 'OLDPWD': '/home/ashraful/HBRS/AMR/AMR_PROJECT/amr-team-bot/src', 'DESKTOP_SESSION': 'ubuntu', 'ROS_PYTHON_VERSION': '3', 'GNOME_SHELL_SESSION_MODE': 'ubuntu', 'GTK_MODULES': 'gail:atk-bridge', 'LC_MONETARY': 'de_DE.UTF-8', 'MANAGERPID': '1723', 'SYSTEMD_EXEC_PID': '2083', 'DBUS_SESSION_BUS_ADDRESS': 'unix:path=/run/user/1000/bus', 'COLORTERM': 'truecolor', 'TERMINATOR_DBUS_NAME': 'net.tenshu.Terminator25ef4b219e3b005583550f2b0f9f990c3', 'GIO_LAUNCHED_DESKTOP_FILE_PID': '87784', 'IM_CONFIG_PHASE': '1', 'WAYLAND_DISPLAY': 'wayland-0', 'ROS_DISTRO': 'humble', 'LOGNAME': 'ashraful', 'JOURNAL_STREAM': '8:20533', '_': '/usr/bin/colcon', 'ROS_VERSION': '2', 'XDG_SESSION_CLASS': 'user', 'USERNAME': 'ashraful', 'TERM': 'xterm-256color', 'GNOME_DESKTOP_SESSION_ID': 'this-is-deprecated', 'ROS_LOCALHOST_ONLY': '0', 'PATH': '/opt/ros/humble/bin:/home/ashraful/.local/bin:/usr/local/sbin:/usr/local/bin:/usr/sbin:/usr/bin:/sbin:/bin:/usr/games:/usr/local/games:/snap/bin:/snap/bin:/home/ashraful/.mujoco/mujoco-3.9.0/bin', 'SESSION_MANAGER': 'local/ashraful:@/tmp/.ICE-unix/1865,unix/ashraful:/tmp/.ICE-unix/1865', 'INVOCATION_ID': '8220aff1741a4be28484ee2ff67f3009', 'XDG_MENU_PREFIX': 'gnome-', 'LC_ADDRESS': 'de_DE.UTF-8', 'GNOME_SETUP_DISPLAY': ':1', 'XDG_RUNTIME_DIR': '/run/user/1000', 'DISPLAY': ':0', 'TERMINATOR_DBUS_PATH': '/net/tenshu/Terminator2', 'LANG': 'en_US.UTF-8', 'XDG_CURRENT_DESKTOP': 'ubuntu:GNOME', 'IBUS_DISABLE_SNOOPER': '1', 'LC_TELEPHONE': 'de_DE.UTF-8', 'XMODIFIERS': '@im=ibus', 'XDG_SESSION_DESKTOP': 'ubuntu', 'XAUTHORITY': '/run/user/1000/.mutter-Xwaylandauth.RE1JW3', 'LS_COLORS': 'rs=0:di=01;34:ln=01;36:mh=00:pi=40;33:so=01;35:do=01;35:bd=40;33;01:cd=40;33;01:or=40;31;01:mi=00:su=37;41:sg=30;43:ca=30;41:tw=30;42:ow=34;42:st=37;44:ex=01;32:*.tar=01;31:*.tgz=01;31:*.arc=01;31:*.arj=01;31:*.taz=01;31:*.lha=01;31:*.lz4=01;31:*.lzh=01;31:*.lzma=01;31:*.tlz=01;31:*.txz=01;31:*.tzo=01;31:*.t7z=01;31:*.zip=01;31:*.z=01;31:*.dz=01;31:*.gz=01;31:*.lrz=01;31:*.lz=01;31:*.lzo=01;31:*.xz=01;31:*.zst=01;31:*.tzst=01;31:*.bz2=01;31:*.bz=01;31:*.tbz=01;31:*.tbz2=01;31:*.tz=01;31:*.deb=01;31:*.rpm=01;31:*.jar=01;31:*.war=01;31:*.ear=01;31:*.sar=01;31:*.rar=01;31:*.alz=01;31:*.ace=01;31:*.zoo=01;31:*.cpio=01;31:*.7z=01;31:*.rz=01;31:*.cab=01;31:*.wim=01;31:*.swm=01;31:*.dwm=01;31:*.esd=01;31:*.jpg=01;35:*.jpeg=01;35:*.mjpg=01;35:*.mjpeg=01;35:*.gif=01;35:*.bmp=01;35:*.pbm=01;35:*.pgm=01;35:*.ppm=01;35:*.tga=01;35:*.xbm=01;35:*.xpm=01;35:*.tif=01;35:*.tiff=01;35:*.png=01;35:*.svg=01;35:*.svgz=01;35:*.mng=01;35:*.pcx=01;35:*.mov=01;35:*.mpg=01;35:*.mpeg=01;35:*.m2v=01;35:*.mkv=01;35:*.webm=01;35:*.webp=01;35:*.ogm=01;35:*.mp4=01;35:*.m4v=01;35:*.mp4v=01;35:*.vob=01;35:*.qt=01;35:*.nuv=01;35:*.wmv=01;35:*.asf=01;35:*.rm=01;35:*.rmvb=01;35:*.flc=01;35:*.avi=01;35:*.fli=01;35:*.flv=01;35:*.gl=01;35:*.dl=01;35:*.xcf=01;35:*.xwd=01;35:*.yuv=01;35:*.cgm=01;35:*.emf=01;35:*.ogv=01;35:*.ogx=01;35:*.aac=00;36:*.au=00;36:*.flac=00;36:*.m4a=00;36:*.mid=00;36:*.midi=00;36:*.mka=00;36:*.mp3=00;36:*.mpc=00;36:*.ogg=00;36:*.ra=00;36:*.wav=00;36:*.oga=00;36:*.opus=00;36:*.spx=00;36:*.xspf=00;36:', 'SSH_AGENT_LAUNCHER': 'gnome-keyring', 'SSH_AUTH_SOCK': '/run/user/1000/keyring/ssh', 'AMENT_PREFIX_PATH': '/opt/ros/humble', 'SHELL': '/bin/bash', 'LC_NAME': 'de_DE.UTF-8', 'TERMINATOR_UUID': 'urn:uuid:1c72cd59-31a6-4f1a-b61b-5502cd39b2d2', 'QT_ACCESSIBILITY': '1', 'GDMSESSION': 'ubuntu', 'LESSCLOSE': '/usr/bin/lesspipe %s %s', 'LC_MEASUREMENT': 'de_DE.UTF-8', 'LC_IDENTIFICATION': 'de_DE.UTF-8', 'QT_IM_MODULE': 'ibus', 'PWD': '/home/ashraful/HBRS/AMR/AMR_PROJECT/amr-team-bot/build/particle_localization', 'XDG_CONFIG_DIRS': '/etc/xdg/xdg-ubuntu:/etc/xdg', 'XDG_DATA_DIRS': '/usr/share/ubuntu:/usr/local/share/:/usr/share/:/var/lib/snapd/desktop', 'PYTHONPATH': '/home/ashraful/HBRS/AMR/AMR_PROJECT/amr-team-bot/build/particle_localization/prefix_override:/usr/lib/python3/dist-packages/colcon_core/task/python/colcon_distutils_commands:/home/ashraful/HBRS/AMR/AMR_PROJECT/amr-team-bot/install/particle_localization/lib/python3.10/site-packages:/opt/ros/humble/lib/python3.10/site-packages:/opt/ros/humble/local/lib/python3.10/dist-packages', 'LC_NUMERIC': 'de_DE.UTF-8', 'LC_PAPER': 'de_DE.UTF-8', 'COLCON': '1', 'VTE_VERSION': '6800'}, 'shell': False}
[8.689112] (-) TimerEvent: {}
[8.778794] (robile_interfaces) StdoutLine: {'line': b'[ 47%] Built target robile_interfaces__rosidl_typesupport_cpp\n'}
[8.792324] (-) TimerEvent: {}
[8.818574] (robile_interfaces) StdoutLine: {'line': b'\x1b[35m\x1b[1mConsolidate compiler generated dependencies of target robile_interfaces__rosidl_typesupport_c\x1b[0m\n'}
[8.884627] (robile_interfaces) StdoutLine: {'line': b'[ 50%] Built target robile_interfaces__rosidl_typesupport_introspection_c\n'}
[8.895895] (-) TimerEvent: {}
[8.922570] (robile_interfaces) StdoutLine: {'line': b'[ 52%] \x1b[32mBuilding CXX object CMakeFiles/robile_interfaces__rosidl_typesupport_c.dir/rosidl_typesupport_c/robile_interfaces/msg/position_labelled__type_support.cpp.o\x1b[0m\n'}
[8.963592] (robile_interfaces) StdoutLine: {'line': b'[ 55%] \x1b[32mBuilding CXX object CMakeFiles/robile_interfaces__rosidl_typesupport_c.dir/rosidl_typesupport_c/robile_interfaces/msg/position_labelled_array__type_support.cpp.o\x1b[0m\n'}
[8.996044] (-) TimerEvent: {}
[9.097095] (-) TimerEvent: {}
[9.126569] (robile_interfaces) StdoutLine: {'line': b'[ 57%] \x1b[32m\x1b[1mLinking CXX shared library librobile_interfaces__rosidl_typesupport_introspection_cpp.so\x1b[0m\n'}
[9.197488] (-) TimerEvent: {}
[9.228557] (robile_interfaces) StdoutLine: {'line': b'[ 60%] \x1b[32m\x1b[1mLinking CXX shared library librobile_interfaces__rosidl_typesupport_c.so\x1b[0m\n'}
[9.285627] (robile_interfaces) StdoutLine: {'line': b'[ 62%] \x1b[32m\x1b[1mLinking CXX shared library librobile_interfaces__rosidl_typesupport_fastrtps_cpp.so\x1b[0m\n'}
[9.301575] (-) TimerEvent: {}
[9.402303] (-) TimerEvent: {}
[9.504576] (-) TimerEvent: {}
[9.607572] (-) TimerEvent: {}
[9.708524] (-) TimerEvent: {}
[9.751215] (robile_interfaces) StdoutLine: {'line': b'[ 65%] Built target robile_interfaces__rosidl_typesupport_c\n'}
[9.800305] (robile_interfaces) StdoutLine: {'line': b'[ 67%] Built target robile_interfaces__rosidl_typesupport_introspection_cpp\n'}
[9.808662] (-) TimerEvent: {}
[9.857662] (robile_interfaces) StdoutLine: {'line': b'[ 70%] Built target robile_interfaces__rosidl_typesupport_fastrtps_cpp\n'}
[9.908813] (-) TimerEvent: {}
[10.009815] (-) TimerEvent: {}
[10.112579] (-) TimerEvent: {}
[10.213400] (-) TimerEvent: {}
[10.312682] (my_explorer) StdoutLine: {'line': b'running develop\n'}
[10.313497] (-) TimerEvent: {}
[10.414048] (-) TimerEvent: {}
[10.422585] (robile_interfaces) StdoutLine: {'line': b'[ 72%] \x1b[32m\x1b[1mLinking CXX shared library librobile_interfaces__rosidl_typesupport_fastrtps_c.so\x1b[0m\n'}
[10.514375] (-) TimerEvent: {}
[10.617575] (-) TimerEvent: {}
[10.718522] (-) TimerEvent: {}
[10.793604] (robile_interfaces) StdoutLine: {'line': b'[ 75%] Built target robile_interfaces__rosidl_typesupport_fastrtps_c\n'}
[10.818689] (-) TimerEvent: {}
[10.833609] (particle_localization) StdoutLine: {'line': b'running develop\n'}
[10.847645] (amr_localization) StdoutLine: {'line': b'running develop\n'}
[10.864939] (robile_interfaces) StdoutLine: {'line': b'[ 75%] Built target robile_interfaces\n'}
[10.920011] (-) TimerEvent: {}
[10.932683] (robile_interfaces) StdoutLine: {'line': b'[ 77%] Built target robile_interfaces__py\n'}
[11.014057] (robile_interfaces) StdoutLine: {'line': b'\x1b[35m\x1b[1mConsolidate compiler generated dependencies of target robile_interfaces__rosidl_generator_py\x1b[0m\n'}
[11.020147] (-) TimerEvent: {}
[11.104852] (robile_interfaces) StdoutLine: {'line': b'[ 80%] \x1b[32mBuilding C object CMakeFiles/robile_interfaces__rosidl_generator_py.dir/rosidl_generator_py/robile_interfaces/msg/_position_labelled_s.c.o\x1b[0m\n'}
[11.121401] (-) TimerEvent: {}
[11.134629] (robile_interfaces) StdoutLine: {'line': b'[ 82%] \x1b[32mBuilding C object CMakeFiles/robile_interfaces__rosidl_generator_py.dir/rosidl_generator_py/robile_interfaces/msg/_position_labelled_array_s.c.o\x1b[0m\n'}
[11.173134] (mcl_particle_filter) Command: {'cmd': ['/usr/bin/python3', '-W', 'ignore:setup.py install is deprecated', '-W', 'ignore:easy_install command is deprecated', 'setup.py', 'egg_info', '--egg-base', '../../build/mcl_particle_filter', 'build', '--build-base', '/home/ashraful/HBRS/AMR/AMR_PROJECT/amr-team-bot/build/mcl_particle_filter/build', 'install', '--record', '/home/ashraful/HBRS/AMR/AMR_PROJECT/amr-team-bot/build/mcl_particle_filter/install.log', '--install-scripts', '$base/lib/mcl_particle_filter', '--single-version-externally-managed', 'install_data'], 'cwd': '/home/ashraful/HBRS/AMR/AMR_PROJECT/amr-team-bot/src/mcl_particle_filter', 'env': {'LESSOPEN': '| /usr/bin/lesspipe %s', 'USER': 'ashraful', 'LC_TIME': 'de_DE.UTF-8', 'XDG_SESSION_TYPE': 'wayland', 'SHLVL': '1', 'LD_LIBRARY_PATH': '/usr/lib/x86_64-linux-gnu/gazebo-11/plugins:/opt/ros/humble/opt/rviz_ogre_vendor/lib:/opt/ros/humble/lib/x86_64-linux-gnu:/opt/ros/humble/lib:/home/ashraful/.mujoco/mujoco-3.9.0/lib:/home/ashraful/.mujoco/mujoco-3.9.0/lib', 'HOME': '/home/ashraful', 'OLDPWD': '/home/ashraful/HBRS/AMR/AMR_PROJECT/amr-team-bot/src', 'DESKTOP_SESSION': 'ubuntu', 'ROS_PYTHON_VERSION': '3', 'GNOME_SHELL_SESSION_MODE': 'ubuntu', 'GTK_MODULES': 'gail:atk-bridge', 'LC_MONETARY': 'de_DE.UTF-8', 'MANAGERPID': '1723', 'SYSTEMD_EXEC_PID': '2083', 'DBUS_SESSION_BUS_ADDRESS': 'unix:path=/run/user/1000/bus', 'COLORTERM': 'truecolor', 'TERMINATOR_DBUS_NAME': 'net.tenshu.Terminator25ef4b219e3b005583550f2b0f9f990c3', 'GIO_LAUNCHED_DESKTOP_FILE_PID': '87784', 'IM_CONFIG_PHASE': '1', 'WAYLAND_DISPLAY': 'wayland-0', 'ROS_DISTRO': 'humble', 'LOGNAME': 'ashraful', 'JOURNAL_STREAM': '8:20533', '_': '/usr/bin/colcon', 'ROS_VERSION': '2', 'XDG_SESSION_CLASS': 'user', 'USERNAME': 'ashraful', 'TERM': 'xterm-256color', 'GNOME_DESKTOP_SESSION_ID': 'this-is-deprecated', 'ROS_LOCALHOST_ONLY': '0', 'PATH': '/opt/ros/humble/bin:/home/ashraful/.local/bin:/usr/local/sbin:/usr/local/bin:/usr/sbin:/usr/bin:/sbin:/bin:/usr/games:/usr/local/games:/snap/bin:/snap/bin:/home/ashraful/.mujoco/mujoco-3.9.0/bin', 'SESSION_MANAGER': 'local/ashraful:@/tmp/.ICE-unix/1865,unix/ashraful:/tmp/.ICE-unix/1865', 'INVOCATION_ID': '8220aff1741a4be28484ee2ff67f3009', 'XDG_MENU_PREFIX': 'gnome-', 'LC_ADDRESS': 'de_DE.UTF-8', 'GNOME_SETUP_DISPLAY': ':1', 'XDG_RUNTIME_DIR': '/run/user/1000', 'DISPLAY': ':0', 'TERMINATOR_DBUS_PATH': '/net/tenshu/Terminator2', 'LANG': 'en_US.UTF-8', 'XDG_CURRENT_DESKTOP': 'ubuntu:GNOME', 'IBUS_DISABLE_SNOOPER': '1', 'LC_TELEPHONE': 'de_DE.UTF-8', 'XMODIFIERS': '@im=ibus', 'XDG_SESSION_DESKTOP': 'ubuntu', 'XAUTHORITY': '/run/user/1000/.mutter-Xwaylandauth.RE1JW3', 'LS_COLORS': 'rs=0:di=01;34:ln=01;36:mh=00:pi=40;33:so=01;35:do=01;35:bd=40;33;01:cd=40;33;01:or=40;31;01:mi=00:su=37;41:sg=30;43:ca=30;41:tw=30;42:ow=34;42:st=37;44:ex=01;32:*.tar=01;31:*.tgz=01;31:*.arc=01;31:*.arj=01;31:*.taz=01;31:*.lha=01;31:*.lz4=01;31:*.lzh=01;31:*.lzma=01;31:*.tlz=01;31:*.txz=01;31:*.tzo=01;31:*.t7z=01;31:*.zip=01;31:*.z=01;31:*.dz=01;31:*.gz=01;31:*.lrz=01;31:*.lz=01;31:*.lzo=01;31:*.xz=01;31:*.zst=01;31:*.tzst=01;31:*.bz2=01;31:*.bz=01;31:*.tbz=01;31:*.tbz2=01;31:*.tz=01;31:*.deb=01;31:*.rpm=01;31:*.jar=01;31:*.war=01;31:*.ear=01;31:*.sar=01;31:*.rar=01;31:*.alz=01;31:*.ace=01;31:*.zoo=01;31:*.cpio=01;31:*.7z=01;31:*.rz=01;31:*.cab=01;31:*.wim=01;31:*.swm=01;31:*.dwm=01;31:*.esd=01;31:*.jpg=01;35:*.jpeg=01;35:*.mjpg=01;35:*.mjpeg=01;35:*.gif=01;35:*.bmp=01;35:*.pbm=01;35:*.pgm=01;35:*.ppm=01;35:*.tga=01;35:*.xbm=01;35:*.xpm=01;35:*.tif=01;35:*.tiff=01;35:*.png=01;35:*.svg=01;35:*.svgz=01;35:*.mng=01;35:*.pcx=01;35:*.mov=01;35:*.mpg=01;35:*.mpeg=01;35:*.m2v=01;35:*.mkv=01;35:*.webm=01;35:*.webp=01;35:*.ogm=01;35:*.mp4=01;35:*.m4v=01;35:*.mp4v=01;35:*.vob=01;35:*.qt=01;35:*.nuv=01;35:*.wmv=01;35:*.asf=01;35:*.rm=01;35:*.rmvb=01;35:*.flc=01;35:*.avi=01;35:*.fli=01;35:*.flv=01;35:*.gl=01;35:*.dl=01;35:*.xcf=01;35:*.xwd=01;35:*.yuv=01;35:*.cgm=01;35:*.emf=01;35:*.ogv=01;35:*.ogx=01;35:*.aac=00;36:*.au=00;36:*.flac=00;36:*.m4a=00;36:*.mid=00;36:*.midi=00;36:*.mka=00;36:*.mp3=00;36:*.mpc=00;36:*.ogg=00;36:*.ra=00;36:*.wav=00;36:*.oga=00;36:*.opus=00;36:*.spx=00;36:*.xspf=00;36:', 'SSH_AGENT_LAUNCHER': 'gnome-keyring', 'SSH_AUTH_SOCK': '/run/user/1000/keyring/ssh', 'AMENT_PREFIX_PATH': '/opt/ros/humble', 'SHELL': '/bin/bash', 'LC_NAME': 'de_DE.UTF-8', 'TERMINATOR_UUID': 'urn:uuid:1c72cd59-31a6-4f1a-b61b-5502cd39b2d2', 'QT_ACCESSIBILITY': '1', 'GDMSESSION': 'ubuntu', 'LESSCLOSE': '/usr/bin/lesspipe %s %s', 'LC_MEASUREMENT': 'de_DE.UTF-8', 'LC_IDENTIFICATION': 'de_DE.UTF-8', 'QT_IM_MODULE': 'ibus', 'PWD': '/home/ashraful/HBRS/AMR/AMR_PROJECT/amr-team-bot/build/mcl_particle_filter', 'XDG_CONFIG_DIRS': '/etc/xdg/xdg-ubuntu:/etc/xdg', 'XDG_DATA_DIRS': '/usr/share/ubuntu:/usr/local/share/:/usr/share/:/var/lib/snapd/desktop', 'PYTHONPATH': '/home/ashraful/HBRS/AMR/AMR_PROJECT/amr-team-bot/build/mcl_particle_filter/prefix_override:/usr/lib/python3/dist-packages/colcon_core/task/python/colcon_distutils_commands:/home/ashraful/HBRS/AMR/AMR_PROJECT/amr-team-bot/install/mcl_particle_filter/lib/python3.10/site-packages:/opt/ros/humble/lib/python3.10/site-packages:/opt/ros/humble/local/lib/python3.10/dist-packages', 'LC_NUMERIC': 'de_DE.UTF-8', 'LC_PAPER': 'de_DE.UTF-8', 'COLCON': '1', 'VTE_VERSION': '6800'}, 'shell': False}
[11.186877] (potential) Command: {'cmd': ['/usr/bin/python3', '-W', 'ignore:setup.py install is deprecated', '-W', 'ignore:easy_install command is deprecated', 'setup.py', 'develop', '--uninstall', '--editable', '--build-directory', '/home/ashraful/HBRS/AMR/AMR_PROJECT/amr-team-bot/build/potential/build'], 'cwd': '/home/ashraful/HBRS/AMR/AMR_PROJECT/amr-team-bot/build/potential', 'env': {'LESSOPEN': '| /usr/bin/lesspipe %s', 'USER': 'ashraful', 'LC_TIME': 'de_DE.UTF-8', 'XDG_SESSION_TYPE': 'wayland', 'SHLVL': '1', 'LD_LIBRARY_PATH': '/usr/lib/x86_64-linux-gnu/gazebo-11/plugins:/opt/ros/humble/opt/rviz_ogre_vendor/lib:/opt/ros/humble/lib/x86_64-linux-gnu:/opt/ros/humble/lib:/home/ashraful/.mujoco/mujoco-3.9.0/lib:/home/ashraful/.mujoco/mujoco-3.9.0/lib', 'HOME': '/home/ashraful', 'OLDPWD': '/home/ashraful/HBRS/AMR/AMR_PROJECT/amr-team-bot/src', 'DESKTOP_SESSION': 'ubuntu', 'ROS_PYTHON_VERSION': '3', 'GNOME_SHELL_SESSION_MODE': 'ubuntu', 'GTK_MODULES': 'gail:atk-bridge', 'LC_MONETARY': 'de_DE.UTF-8', 'MANAGERPID': '1723', 'SYSTEMD_EXEC_PID': '2083', 'DBUS_SESSION_BUS_ADDRESS': 'unix:path=/run/user/1000/bus', 'COLORTERM': 'truecolor', 'TERMINATOR_DBUS_NAME': 'net.tenshu.Terminator25ef4b219e3b005583550f2b0f9f990c3', 'GIO_LAUNCHED_DESKTOP_FILE_PID': '87784', 'IM_CONFIG_PHASE': '1', 'WAYLAND_DISPLAY': 'wayland-0', 'ROS_DISTRO': 'humble', 'LOGNAME': 'ashraful', 'JOURNAL_STREAM': '8:20533', '_': '/usr/bin/colcon', 'ROS_VERSION': '2', 'XDG_SESSION_CLASS': 'user', 'USERNAME': 'ashraful', 'TERM': 'xterm-256color', 'GNOME_DESKTOP_SESSION_ID': 'this-is-deprecated', 'ROS_LOCALHOST_ONLY': '0', 'PATH': '/opt/ros/humble/bin:/home/ashraful/.local/bin:/usr/local/sbin:/usr/local/bin:/usr/sbin:/usr/bin:/sbin:/bin:/usr/games:/usr/local/games:/snap/bin:/snap/bin:/home/ashraful/.mujoco/mujoco-3.9.0/bin', 'SESSION_MANAGER': 'local/ashraful:@/tmp/.ICE-unix/1865,unix/ashraful:/tmp/.ICE-unix/1865', 'INVOCATION_ID': '8220aff1741a4be28484ee2ff67f3009', 'XDG_MENU_PREFIX': 'gnome-', 'LC_ADDRESS': 'de_DE.UTF-8', 'GNOME_SETUP_DISPLAY': ':1', 'XDG_RUNTIME_DIR': '/run/user/1000', 'DISPLAY': ':0', 'TERMINATOR_DBUS_PATH': '/net/tenshu/Terminator2', 'LANG': 'en_US.UTF-8', 'XDG_CURRENT_DESKTOP': 'ubuntu:GNOME', 'IBUS_DISABLE_SNOOPER': '1', 'LC_TELEPHONE': 'de_DE.UTF-8', 'XMODIFIERS': '@im=ibus', 'XDG_SESSION_DESKTOP': 'ubuntu', 'XAUTHORITY': '/run/user/1000/.mutter-Xwaylandauth.RE1JW3', 'LS_COLORS': 'rs=0:di=01;34:ln=01;36:mh=00:pi=40;33:so=01;35:do=01;35:bd=40;33;01:cd=40;33;01:or=40;31;01:mi=00:su=37;41:sg=30;43:ca=30;41:tw=30;42:ow=34;42:st=37;44:ex=01;32:*.tar=01;31:*.tgz=01;31:*.arc=01;31:*.arj=01;31:*.taz=01;31:*.lha=01;31:*.lz4=01;31:*.lzh=01;31:*.lzma=01;31:*.tlz=01;31:*.txz=01;31:*.tzo=01;31:*.t7z=01;31:*.zip=01;31:*.z=01;31:*.dz=01;31:*.gz=01;31:*.lrz=01;31:*.lz=01;31:*.lzo=01;31:*.xz=01;31:*.zst=01;31:*.tzst=01;31:*.bz2=01;31:*.bz=01;31:*.tbz=01;31:*.tbz2=01;31:*.tz=01;31:*.deb=01;31:*.rpm=01;31:*.jar=01;31:*.war=01;31:*.ear=01;31:*.sar=01;31:*.rar=01;31:*.alz=01;31:*.ace=01;31:*.zoo=01;31:*.cpio=01;31:*.7z=01;31:*.rz=01;31:*.cab=01;31:*.wim=01;31:*.swm=01;31:*.dwm=01;31:*.esd=01;31:*.jpg=01;35:*.jpeg=01;35:*.mjpg=01;35:*.mjpeg=01;35:*.gif=01;35:*.bmp=01;35:*.pbm=01;35:*.pgm=01;35:*.ppm=01;35:*.tga=01;35:*.xbm=01;35:*.xpm=01;35:*.tif=01;35:*.tiff=01;35:*.png=01;35:*.svg=01;35:*.svgz=01;35:*.mng=01;35:*.pcx=01;35:*.mov=01;35:*.mpg=01;35:*.mpeg=01;35:*.m2v=01;35:*.mkv=01;35:*.webm=01;35:*.webp=01;35:*.ogm=01;35:*.mp4=01;35:*.m4v=01;35:*.mp4v=01;35:*.vob=01;35:*.qt=01;35:*.nuv=01;35:*.wmv=01;35:*.asf=01;35:*.rm=01;35:*.rmvb=01;35:*.flc=01;35:*.avi=01;35:*.fli=01;35:*.flv=01;35:*.gl=01;35:*.dl=01;35:*.xcf=01;35:*.xwd=01;35:*.yuv=01;35:*.cgm=01;35:*.emf=01;35:*.ogv=01;35:*.ogx=01;35:*.aac=00;36:*.au=00;36:*.flac=00;36:*.m4a=00;36:*.mid=00;36:*.midi=00;36:*.mka=00;36:*.mp3=00;36:*.mpc=00;36:*.ogg=00;36:*.ra=00;36:*.wav=00;36:*.oga=00;36:*.opus=00;36:*.spx=00;36:*.xspf=00;36:', 'SSH_AGENT_LAUNCHER': 'gnome-keyring', 'SSH_AUTH_SOCK': '/run/user/1000/keyring/ssh', 'AMENT_PREFIX_PATH': '/opt/ros/humble', 'SHELL': '/bin/bash', 'LC_NAME': 'de_DE.UTF-8', 'TERMINATOR_UUID': 'urn:uuid:1c72cd59-31a6-4f1a-b61b-5502cd39b2d2', 'QT_ACCESSIBILITY': '1', 'GDMSESSION': 'ubuntu', 'LESSCLOSE': '/usr/bin/lesspipe %s %s', 'LC_MEASUREMENT': 'de_DE.UTF-8', 'LC_IDENTIFICATION': 'de_DE.UTF-8', 'QT_IM_MODULE': 'ibus', 'PWD': '/home/ashraful/HBRS/AMR/AMR_PROJECT/amr-team-bot/build/potential', 'XDG_CONFIG_DIRS': '/etc/xdg/xdg-ubuntu:/etc/xdg', 'XDG_DATA_DIRS': '/usr/share/ubuntu:/usr/local/share/:/usr/share/:/var/lib/snapd/desktop', 'PYTHONPATH': '/home/ashraful/HBRS/AMR/AMR_PROJECT/amr-team-bot/build/potential/prefix_override:/usr/lib/python3/dist-packages/colcon_core/task/python/colcon_distutils_commands:/home/ashraful/HBRS/AMR/AMR_PROJECT/amr-team-bot/install/potential/lib/python3.10/site-packages:/opt/ros/humble/lib/python3.10/site-packages:/opt/ros/humble/local/lib/python3.10/dist-packages', 'LC_NUMERIC': 'de_DE.UTF-8', 'LC_PAPER': 'de_DE.UTF-8', 'COLCON': '1', 'VTE_VERSION': '6800'}, 'shell': False}
[11.210325] (robile_bringup) Command: {'cmd': ['/usr/bin/python3', '-W', 'ignore:setup.py install is deprecated', '-W', 'ignore:easy_install command is deprecated', 'setup.py', 'develop', '--uninstall', '--editable', '--build-directory', '/home/ashraful/HBRS/AMR/AMR_PROJECT/amr-team-bot/build/robile_bringup/build'], 'cwd': '/home/ashraful/HBRS/AMR/AMR_PROJECT/amr-team-bot/build/robile_bringup', 'env': {'LESSOPEN': '| /usr/bin/lesspipe %s', 'USER': 'ashraful', 'LC_TIME': 'de_DE.UTF-8', 'XDG_SESSION_TYPE': 'wayland', 'SHLVL': '1', 'LD_LIBRARY_PATH': '/usr/lib/x86_64-linux-gnu/gazebo-11/plugins:/opt/ros/humble/opt/rviz_ogre_vendor/lib:/opt/ros/humble/lib/x86_64-linux-gnu:/opt/ros/humble/lib:/home/ashraful/.mujoco/mujoco-3.9.0/lib:/home/ashraful/.mujoco/mujoco-3.9.0/lib', 'HOME': '/home/ashraful', 'OLDPWD': '/home/ashraful/HBRS/AMR/AMR_PROJECT/amr-team-bot/src', 'DESKTOP_SESSION': 'ubuntu', 'ROS_PYTHON_VERSION': '3', 'GNOME_SHELL_SESSION_MODE': 'ubuntu', 'GTK_MODULES': 'gail:atk-bridge', 'LC_MONETARY': 'de_DE.UTF-8', 'MANAGERPID': '1723', 'SYSTEMD_EXEC_PID': '2083', 'DBUS_SESSION_BUS_ADDRESS': 'unix:path=/run/user/1000/bus', 'COLORTERM': 'truecolor', 'TERMINATOR_DBUS_NAME': 'net.tenshu.Terminator25ef4b219e3b005583550f2b0f9f990c3', 'GIO_LAUNCHED_DESKTOP_FILE_PID': '87784', 'IM_CONFIG_PHASE': '1', 'WAYLAND_DISPLAY': 'wayland-0', 'ROS_DISTRO': 'humble', 'LOGNAME': 'ashraful', 'JOURNAL_STREAM': '8:20533', '_': '/usr/bin/colcon', 'ROS_VERSION': '2', 'XDG_SESSION_CLASS': 'user', 'USERNAME': 'ashraful', 'TERM': 'xterm-256color', 'GNOME_DESKTOP_SESSION_ID': 'this-is-deprecated', 'ROS_LOCALHOST_ONLY': '0', 'PATH': '/opt/ros/humble/bin:/home/ashraful/.local/bin:/usr/local/sbin:/usr/local/bin:/usr/sbin:/usr/bin:/sbin:/bin:/usr/games:/usr/local/games:/snap/bin:/snap/bin:/home/ashraful/.mujoco/mujoco-3.9.0/bin', 'SESSION_MANAGER': 'local/ashraful:@/tmp/.ICE-unix/1865,unix/ashraful:/tmp/.ICE-unix/1865', 'INVOCATION_ID': '8220aff1741a4be28484ee2ff67f3009', 'XDG_MENU_PREFIX': 'gnome-', 'LC_ADDRESS': 'de_DE.UTF-8', 'GNOME_SETUP_DISPLAY': ':1', 'XDG_RUNTIME_DIR': '/run/user/1000', 'DISPLAY': ':0', 'TERMINATOR_DBUS_PATH': '/net/tenshu/Terminator2', 'LANG': 'en_US.UTF-8', 'XDG_CURRENT_DESKTOP': 'ubuntu:GNOME', 'IBUS_DISABLE_SNOOPER': '1', 'LC_TELEPHONE': 'de_DE.UTF-8', 'XMODIFIERS': '@im=ibus', 'XDG_SESSION_DESKTOP': 'ubuntu', 'XAUTHORITY': '/run/user/1000/.mutter-Xwaylandauth.RE1JW3', 'LS_COLORS': 'rs=0:di=01;34:ln=01;36:mh=00:pi=40;33:so=01;35:do=01;35:bd=40;33;01:cd=40;33;01:or=40;31;01:mi=00:su=37;41:sg=30;43:ca=30;41:tw=30;42:ow=34;42:st=37;44:ex=01;32:*.tar=01;31:*.tgz=01;31:*.arc=01;31:*.arj=01;31:*.taz=01;31:*.lha=01;31:*.lz4=01;31:*.lzh=01;31:*.lzma=01;31:*.tlz=01;31:*.txz=01;31:*.tzo=01;31:*.t7z=01;31:*.zip=01;31:*.z=01;31:*.dz=01;31:*.gz=01;31:*.lrz=01;31:*.lz=01;31:*.lzo=01;31:*.xz=01;31:*.zst=01;31:*.tzst=01;31:*.bz2=01;31:*.bz=01;31:*.tbz=01;31:*.tbz2=01;31:*.tz=01;31:*.deb=01;31:*.rpm=01;31:*.jar=01;31:*.war=01;31:*.ear=01;31:*.sar=01;31:*.rar=01;31:*.alz=01;31:*.ace=01;31:*.zoo=01;31:*.cpio=01;31:*.7z=01;31:*.rz=01;31:*.cab=01;31:*.wim=01;31:*.swm=01;31:*.dwm=01;31:*.esd=01;31:*.jpg=01;35:*.jpeg=01;35:*.mjpg=01;35:*.mjpeg=01;35:*.gif=01;35:*.bmp=01;35:*.pbm=01;35:*.pgm=01;35:*.ppm=01;35:*.tga=01;35:*.xbm=01;35:*.xpm=01;35:*.tif=01;35:*.tiff=01;35:*.png=01;35:*.svg=01;35:*.svgz=01;35:*.mng=01;35:*.pcx=01;35:*.mov=01;35:*.mpg=01;35:*.mpeg=01;35:*.m2v=01;35:*.mkv=01;35:*.webm=01;35:*.webp=01;35:*.ogm=01;35:*.mp4=01;35:*.m4v=01;35:*.mp4v=01;35:*.vob=01;35:*.qt=01;35:*.nuv=01;35:*.wmv=01;35:*.asf=01;35:*.rm=01;35:*.rmvb=01;35:*.flc=01;35:*.avi=01;35:*.fli=01;35:*.flv=01;35:*.gl=01;35:*.dl=01;35:*.xcf=01;35:*.xwd=01;35:*.yuv=01;35:*.cgm=01;35:*.emf=01;35:*.ogv=01;35:*.ogx=01;35:*.aac=00;36:*.au=00;36:*.flac=00;36:*.m4a=00;36:*.mid=00;36:*.midi=00;36:*.mka=00;36:*.mp3=00;36:*.mpc=00;36:*.ogg=00;36:*.ra=00;36:*.wav=00;36:*.oga=00;36:*.opus=00;36:*.spx=00;36:*.xspf=00;36:', 'SSH_AGENT_LAUNCHER': 'gnome-keyring', 'SSH_AUTH_SOCK': '/run/user/1000/keyring/ssh', 'AMENT_PREFIX_PATH': '/opt/ros/humble', 'SHELL': '/bin/bash', 'LC_NAME': 'de_DE.UTF-8', 'TERMINATOR_UUID': 'urn:uuid:1c72cd59-31a6-4f1a-b61b-5502cd39b2d2', 'QT_ACCESSIBILITY': '1', 'GDMSESSION': 'ubuntu', 'LESSCLOSE': '/usr/bin/lesspipe %s %s', 'LC_MEASUREMENT': 'de_DE.UTF-8', 'LC_IDENTIFICATION': 'de_DE.UTF-8', 'QT_IM_MODULE': 'ibus', 'PWD': '/home/ashraful/HBRS/AMR/AMR_PROJECT/amr-team-bot/build/robile_bringup', 'XDG_CONFIG_DIRS': '/etc/xdg/xdg-ubuntu:/etc/xdg', 'XDG_DATA_DIRS': '/usr/share/ubuntu:/usr/local/share/:/usr/share/:/var/lib/snapd/desktop', 'PYTHONPATH': '/home/ashraful/HBRS/AMR/AMR_PROJECT/amr-team-bot/build/robile_bringup/prefix_override:/usr/lib/python3/dist-packages/colcon_core/task/python/colcon_distutils_commands:/home/ashraful/HBRS/AMR/AMR_PROJECT/amr-team-bot/install/robile_bringup/lib/python3.10/site-packages:/opt/ros/humble/lib/python3.10/site-packages:/opt/ros/humble/local/lib/python3.10/dist-packages', 'LC_NUMERIC': 'de_DE.UTF-8', 'LC_PAPER': 'de_DE.UTF-8', 'COLCON': '1', 'VTE_VERSION': '6800'}, 'shell': False}
[11.221531] (-) TimerEvent: {}
[11.327358] (-) TimerEvent: {}
[11.397131] (my_explorer) StdoutLine: {'line': b'Removing /home/ashraful/HBRS/AMR/AMR_PROJECT/amr-team-bot/install/my_explorer/lib/python3.10/site-packages/my-explorer.egg-link (link to .)\n'}
[11.428749] (-) TimerEvent: {}
[11.538027] (-) TimerEvent: {}
[11.621289] (my_explorer) CommandEnded: {'returncode': 0}
[11.622435] (my_explorer) Command: {'cmd': ['/usr/bin/python3', '-W', 'ignore:setup.py install is deprecated', '-W', 'ignore:easy_install command is deprecated', 'setup.py', 'egg_info', '--egg-base', '../../build/my_explorer', 'build', '--build-base', '/home/ashraful/HBRS/AMR/AMR_PROJECT/amr-team-bot/build/my_explorer/build', 'install', '--record', '/home/ashraful/HBRS/AMR/AMR_PROJECT/amr-team-bot/build/my_explorer/install.log', '--install-scripts', '$base/lib/my_explorer', '--single-version-externally-managed', 'install_data', '--force'], 'cwd': '/home/ashraful/HBRS/AMR/AMR_PROJECT/amr-team-bot/src/my_explorer', 'env': {'LESSOPEN': '| /usr/bin/lesspipe %s', 'USER': 'ashraful', 'LC_TIME': 'de_DE.UTF-8', 'XDG_SESSION_TYPE': 'wayland', 'SHLVL': '1', 'LD_LIBRARY_PATH': '/usr/lib/x86_64-linux-gnu/gazebo-11/plugins:/opt/ros/humble/opt/rviz_ogre_vendor/lib:/opt/ros/humble/lib/x86_64-linux-gnu:/opt/ros/humble/lib:/home/ashraful/.mujoco/mujoco-3.9.0/lib:/home/ashraful/.mujoco/mujoco-3.9.0/lib', 'HOME': '/home/ashraful', 'OLDPWD': '/home/ashraful/HBRS/AMR/AMR_PROJECT/amr-team-bot/src', 'DESKTOP_SESSION': 'ubuntu', 'ROS_PYTHON_VERSION': '3', 'GNOME_SHELL_SESSION_MODE': 'ubuntu', 'GTK_MODULES': 'gail:atk-bridge', 'LC_MONETARY': 'de_DE.UTF-8', 'MANAGERPID': '1723', 'SYSTEMD_EXEC_PID': '2083', 'DBUS_SESSION_BUS_ADDRESS': 'unix:path=/run/user/1000/bus', 'COLORTERM': 'truecolor', 'TERMINATOR_DBUS_NAME': 'net.tenshu.Terminator25ef4b219e3b005583550f2b0f9f990c3', 'GIO_LAUNCHED_DESKTOP_FILE_PID': '87784', 'IM_CONFIG_PHASE': '1', 'WAYLAND_DISPLAY': 'wayland-0', 'ROS_DISTRO': 'humble', 'LOGNAME': 'ashraful', 'JOURNAL_STREAM': '8:20533', '_': '/usr/bin/colcon', 'ROS_VERSION': '2', 'XDG_SESSION_CLASS': 'user', 'USERNAME': 'ashraful', 'TERM': 'xterm-256color', 'GNOME_DESKTOP_SESSION_ID': 'this-is-deprecated', 'ROS_LOCALHOST_ONLY': '0', 'PATH': '/opt/ros/humble/bin:/home/ashraful/.local/bin:/usr/local/sbin:/usr/local/bin:/usr/sbin:/usr/bin:/sbin:/bin:/usr/games:/usr/local/games:/snap/bin:/snap/bin:/home/ashraful/.mujoco/mujoco-3.9.0/bin', 'SESSION_MANAGER': 'local/ashraful:@/tmp/.ICE-unix/1865,unix/ashraful:/tmp/.ICE-unix/1865', 'INVOCATION_ID': '8220aff1741a4be28484ee2ff67f3009', 'XDG_MENU_PREFIX': 'gnome-', 'LC_ADDRESS': 'de_DE.UTF-8', 'GNOME_SETUP_DISPLAY': ':1', 'XDG_RUNTIME_DIR': '/run/user/1000', 'DISPLAY': ':0', 'TERMINATOR_DBUS_PATH': '/net/tenshu/Terminator2', 'LANG': 'en_US.UTF-8', 'XDG_CURRENT_DESKTOP': 'ubuntu:GNOME', 'IBUS_DISABLE_SNOOPER': '1', 'LC_TELEPHONE': 'de_DE.UTF-8', 'XMODIFIERS': '@im=ibus', 'XDG_SESSION_DESKTOP': 'ubuntu', 'XAUTHORITY': '/run/user/1000/.mutter-Xwaylandauth.RE1JW3', 'LS_COLORS': 'rs=0:di=01;34:ln=01;36:mh=00:pi=40;33:so=01;35:do=01;35:bd=40;33;01:cd=40;33;01:or=40;31;01:mi=00:su=37;41:sg=30;43:ca=30;41:tw=30;42:ow=34;42:st=37;44:ex=01;32:*.tar=01;31:*.tgz=01;31:*.arc=01;31:*.arj=01;31:*.taz=01;31:*.lha=01;31:*.lz4=01;31:*.lzh=01;31:*.lzma=01;31:*.tlz=01;31:*.txz=01;31:*.tzo=01;31:*.t7z=01;31:*.zip=01;31:*.z=01;31:*.dz=01;31:*.gz=01;31:*.lrz=01;31:*.lz=01;31:*.lzo=01;31:*.xz=01;31:*.zst=01;31:*.tzst=01;31:*.bz2=01;31:*.bz=01;31:*.tbz=01;31:*.tbz2=01;31:*.tz=01;31:*.deb=01;31:*.rpm=01;31:*.jar=01;31:*.war=01;31:*.ear=01;31:*.sar=01;31:*.rar=01;31:*.alz=01;31:*.ace=01;31:*.zoo=01;31:*.cpio=01;31:*.7z=01;31:*.rz=01;31:*.cab=01;31:*.wim=01;31:*.swm=01;31:*.dwm=01;31:*.esd=01;31:*.jpg=01;35:*.jpeg=01;35:*.mjpg=01;35:*.mjpeg=01;35:*.gif=01;35:*.bmp=01;35:*.pbm=01;35:*.pgm=01;35:*.ppm=01;35:*.tga=01;35:*.xbm=01;35:*.xpm=01;35:*.tif=01;35:*.tiff=01;35:*.png=01;35:*.svg=01;35:*.svgz=01;35:*.mng=01;35:*.pcx=01;35:*.mov=01;35:*.mpg=01;35:*.mpeg=01;35:*.m2v=01;35:*.mkv=01;35:*.webm=01;35:*.webp=01;35:*.ogm=01;35:*.mp4=01;35:*.m4v=01;35:*.mp4v=01;35:*.vob=01;35:*.qt=01;35:*.nuv=01;35:*.wmv=01;35:*.asf=01;35:*.rm=01;35:*.rmvb=01;35:*.flc=01;35:*.avi=01;35:*.fli=01;35:*.flv=01;35:*.gl=01;35:*.dl=01;35:*.xcf=01;35:*.xwd=01;35:*.yuv=01;35:*.cgm=01;35:*.emf=01;35:*.ogv=01;35:*.ogx=01;35:*.aac=00;36:*.au=00;36:*.flac=00;36:*.m4a=00;36:*.mid=00;36:*.midi=00;36:*.mka=00;36:*.mp3=00;36:*.mpc=00;36:*.ogg=00;36:*.ra=00;36:*.wav=00;36:*.oga=00;36:*.opus=00;36:*.spx=00;36:*.xspf=00;36:', 'SSH_AGENT_LAUNCHER': 'gnome-keyring', 'SSH_AUTH_SOCK': '/run/user/1000/keyring/ssh', 'AMENT_PREFIX_PATH': '/opt/ros/humble', 'SHELL': '/bin/bash', 'LC_NAME': 'de_DE.UTF-8', 'TERMINATOR_UUID': 'urn:uuid:1c72cd59-31a6-4f1a-b61b-5502cd39b2d2', 'QT_ACCESSIBILITY': '1', 'GDMSESSION': 'ubuntu', 'LESSCLOSE': '/usr/bin/lesspipe %s %s', 'LC_MEASUREMENT': 'de_DE.UTF-8', 'LC_IDENTIFICATION': 'de_DE.UTF-8', 'QT_IM_MODULE': 'ibus', 'PWD': '/home/ashraful/HBRS/AMR/AMR_PROJECT/amr-team-bot/build/my_explorer', 'XDG_CONFIG_DIRS': '/etc/xdg/xdg-ubuntu:/etc/xdg', 'XDG_DATA_DIRS': '/usr/share/ubuntu:/usr/local/share/:/usr/share/:/var/lib/snapd/desktop', 'PYTHONPATH': '/home/ashraful/HBRS/AMR/AMR_PROJECT/amr-team-bot/build/my_explorer/prefix_override:/usr/lib/python3/dist-packages/colcon_core/task/python/colcon_distutils_commands:/home/ashraful/HBRS/AMR/AMR_PROJECT/amr-team-bot/install/my_explorer/lib/python3.10/site-packages:/opt/ros/humble/lib/python3.10/site-packages:/opt/ros/humble/local/lib/python3.10/dist-packages', 'LC_NUMERIC': 'de_DE.UTF-8', 'LC_PAPER': 'de_DE.UTF-8', 'COLCON': '1', 'VTE_VERSION': '6800'}, 'shell': False}
[11.639044] (-) TimerEvent: {}
[11.726770] (particle_localization) StdoutLine: {'line': b'Removing /home/ashraful/HBRS/AMR/AMR_PROJECT/amr-team-bot/install/particle_localization/lib/python3.10/site-packages/particle-localization.egg-link (link to .)\n'}
[11.741438] (-) TimerEvent: {}
[11.831015] (particle_localization) CommandEnded: {'returncode': 0}
[11.843350] (-) TimerEvent: {}
[11.847750] (particle_localization) Command: {'cmd': ['/usr/bin/python3', '-W', 'ignore:setup.py install is deprecated', '-W', 'ignore:easy_install command is deprecated', 'setup.py', 'egg_info', '--egg-base', '../../build/particle_localization', 'build', '--build-base', '/home/ashraful/HBRS/AMR/AMR_PROJECT/amr-team-bot/build/particle_localization/build', 'install', '--record', '/home/ashraful/HBRS/AMR/AMR_PROJECT/amr-team-bot/build/particle_localization/install.log', '--install-scripts', '$base/lib/particle_localization', '--single-version-externally-managed', 'install_data', '--force'], 'cwd': '/home/ashraful/HBRS/AMR/AMR_PROJECT/amr-team-bot/src/particle_localization', 'env': {'LESSOPEN': '| /usr/bin/lesspipe %s', 'USER': 'ashraful', 'LC_TIME': 'de_DE.UTF-8', 'XDG_SESSION_TYPE': 'wayland', 'SHLVL': '1', 'LD_LIBRARY_PATH': '/usr/lib/x86_64-linux-gnu/gazebo-11/plugins:/opt/ros/humble/opt/rviz_ogre_vendor/lib:/opt/ros/humble/lib/x86_64-linux-gnu:/opt/ros/humble/lib:/home/ashraful/.mujoco/mujoco-3.9.0/lib:/home/ashraful/.mujoco/mujoco-3.9.0/lib', 'HOME': '/home/ashraful', 'OLDPWD': '/home/ashraful/HBRS/AMR/AMR_PROJECT/amr-team-bot/src', 'DESKTOP_SESSION': 'ubuntu', 'ROS_PYTHON_VERSION': '3', 'GNOME_SHELL_SESSION_MODE': 'ubuntu', 'GTK_MODULES': 'gail:atk-bridge', 'LC_MONETARY': 'de_DE.UTF-8', 'MANAGERPID': '1723', 'SYSTEMD_EXEC_PID': '2083', 'DBUS_SESSION_BUS_ADDRESS': 'unix:path=/run/user/1000/bus', 'COLORTERM': 'truecolor', 'TERMINATOR_DBUS_NAME': 'net.tenshu.Terminator25ef4b219e3b005583550f2b0f9f990c3', 'GIO_LAUNCHED_DESKTOP_FILE_PID': '87784', 'IM_CONFIG_PHASE': '1', 'WAYLAND_DISPLAY': 'wayland-0', 'ROS_DISTRO': 'humble', 'LOGNAME': 'ashraful', 'JOURNAL_STREAM': '8:20533', '_': '/usr/bin/colcon', 'ROS_VERSION': '2', 'XDG_SESSION_CLASS': 'user', 'USERNAME': 'ashraful', 'TERM': 'xterm-256color', 'GNOME_DESKTOP_SESSION_ID': 'this-is-deprecated', 'ROS_LOCALHOST_ONLY': '0', 'PATH': '/opt/ros/humble/bin:/home/ashraful/.local/bin:/usr/local/sbin:/usr/local/bin:/usr/sbin:/usr/bin:/sbin:/bin:/usr/games:/usr/local/games:/snap/bin:/snap/bin:/home/ashraful/.mujoco/mujoco-3.9.0/bin', 'SESSION_MANAGER': 'local/ashraful:@/tmp/.ICE-unix/1865,unix/ashraful:/tmp/.ICE-unix/1865', 'INVOCATION_ID': '8220aff1741a4be28484ee2ff67f3009', 'XDG_MENU_PREFIX': 'gnome-', 'LC_ADDRESS': 'de_DE.UTF-8', 'GNOME_SETUP_DISPLAY': ':1', 'XDG_RUNTIME_DIR': '/run/user/1000', 'DISPLAY': ':0', 'TERMINATOR_DBUS_PATH': '/net/tenshu/Terminator2', 'LANG': 'en_US.UTF-8', 'XDG_CURRENT_DESKTOP': 'ubuntu:GNOME', 'IBUS_DISABLE_SNOOPER': '1', 'LC_TELEPHONE': 'de_DE.UTF-8', 'XMODIFIERS': '@im=ibus', 'XDG_SESSION_DESKTOP': 'ubuntu', 'XAUTHORITY': '/run/user/1000/.mutter-Xwaylandauth.RE1JW3', 'LS_COLORS': 'rs=0:di=01;34:ln=01;36:mh=00:pi=40;33:so=01;35:do=01;35:bd=40;33;01:cd=40;33;01:or=40;31;01:mi=00:su=37;41:sg=30;43:ca=30;41:tw=30;42:ow=34;42:st=37;44:ex=01;32:*.tar=01;31:*.tgz=01;31:*.arc=01;31:*.arj=01;31:*.taz=01;31:*.lha=01;31:*.lz4=01;31:*.lzh=01;31:*.lzma=01;31:*.tlz=01;31:*.txz=01;31:*.tzo=01;31:*.t7z=01;31:*.zip=01;31:*.z=01;31:*.dz=01;31:*.gz=01;31:*.lrz=01;31:*.lz=01;31:*.lzo=01;31:*.xz=01;31:*.zst=01;31:*.tzst=01;31:*.bz2=01;31:*.bz=01;31:*.tbz=01;31:*.tbz2=01;31:*.tz=01;31:*.deb=01;31:*.rpm=01;31:*.jar=01;31:*.war=01;31:*.ear=01;31:*.sar=01;31:*.rar=01;31:*.alz=01;31:*.ace=01;31:*.zoo=01;31:*.cpio=01;31:*.7z=01;31:*.rz=01;31:*.cab=01;31:*.wim=01;31:*.swm=01;31:*.dwm=01;31:*.esd=01;31:*.jpg=01;35:*.jpeg=01;35:*.mjpg=01;35:*.mjpeg=01;35:*.gif=01;35:*.bmp=01;35:*.pbm=01;35:*.pgm=01;35:*.ppm=01;35:*.tga=01;35:*.xbm=01;35:*.xpm=01;35:*.tif=01;35:*.tiff=01;35:*.png=01;35:*.svg=01;35:*.svgz=01;35:*.mng=01;35:*.pcx=01;35:*.mov=01;35:*.mpg=01;35:*.mpeg=01;35:*.m2v=01;35:*.mkv=01;35:*.webm=01;35:*.webp=01;35:*.ogm=01;35:*.mp4=01;35:*.m4v=01;35:*.mp4v=01;35:*.vob=01;35:*.qt=01;35:*.nuv=01;35:*.wmv=01;35:*.asf=01;35:*.rm=01;35:*.rmvb=01;35:*.flc=01;35:*.avi=01;35:*.fli=01;35:*.flv=01;35:*.gl=01;35:*.dl=01;35:*.xcf=01;35:*.xwd=01;35:*.yuv=01;35:*.cgm=01;35:*.emf=01;35:*.ogv=01;35:*.ogx=01;35:*.aac=00;36:*.au=00;36:*.flac=00;36:*.m4a=00;36:*.mid=00;36:*.midi=00;36:*.mka=00;36:*.mp3=00;36:*.mpc=00;36:*.ogg=00;36:*.ra=00;36:*.wav=00;36:*.oga=00;36:*.opus=00;36:*.spx=00;36:*.xspf=00;36:', 'SSH_AGENT_LAUNCHER': 'gnome-keyring', 'SSH_AUTH_SOCK': '/run/user/1000/keyring/ssh', 'AMENT_PREFIX_PATH': '/opt/ros/humble', 'SHELL': '/bin/bash', 'LC_NAME': 'de_DE.UTF-8', 'TERMINATOR_UUID': 'urn:uuid:1c72cd59-31a6-4f1a-b61b-5502cd39b2d2', 'QT_ACCESSIBILITY': '1', 'GDMSESSION': 'ubuntu', 'LESSCLOSE': '/usr/bin/lesspipe %s %s', 'LC_MEASUREMENT': 'de_DE.UTF-8', 'LC_IDENTIFICATION': 'de_DE.UTF-8', 'QT_IM_MODULE': 'ibus', 'PWD': '/home/ashraful/HBRS/AMR/AMR_PROJECT/amr-team-bot/build/particle_localization', 'XDG_CONFIG_DIRS': '/etc/xdg/xdg-ubuntu:/etc/xdg', 'XDG_DATA_DIRS': '/usr/share/ubuntu:/usr/local/share/:/usr/share/:/var/lib/snapd/desktop', 'PYTHONPATH': '/home/ashraful/HBRS/AMR/AMR_PROJECT/amr-team-bot/build/particle_localization/prefix_override:/usr/lib/python3/dist-packages/colcon_core/task/python/colcon_distutils_commands:/home/ashraful/HBRS/AMR/AMR_PROJECT/amr-team-bot/install/particle_localization/lib/python3.10/site-packages:/opt/ros/humble/lib/python3.10/site-packages:/opt/ros/humble/local/lib/python3.10/dist-packages', 'LC_NUMERIC': 'de_DE.UTF-8', 'LC_PAPER': 'de_DE.UTF-8', 'COLCON': '1', 'VTE_VERSION': '6800'}, 'shell': False}
[11.943566] (-) TimerEvent: {}
[12.051566] (-) TimerEvent: {}
[12.152825] (robile_interfaces) StdoutLine: {'line': b'[ 85%] \x1b[32m\x1b[1mLinking C shared library rosidl_generator_py/robile_interfaces/librobile_interfaces__rosidl_generator_py.so\x1b[0m\n'}
[12.153301] (-) TimerEvent: {}
[12.254104] (-) TimerEvent: {}
[12.256988] (amr_localization) StdoutLine: {'line': b'Removing /home/ashraful/HBRS/AMR/AMR_PROJECT/amr-team-bot/install/amr_localization/lib/python3.10/site-packages/amr-localization.egg-link (link to .)\n'}
[12.360890] (-) TimerEvent: {}
[12.470361] (-) TimerEvent: {}
[12.530637] (amr_localization) CommandEnded: {'returncode': 0}
[12.539883] (amr_localization) Command: {'cmd': ['/usr/bin/python3', '-W', 'ignore:setup.py install is deprecated', '-W', 'ignore:easy_install command is deprecated', 'setup.py', 'egg_info', '--egg-base', '../../build/amr_localization', 'build', '--build-base', '/home/ashraful/HBRS/AMR/AMR_PROJECT/amr-team-bot/build/amr_localization/build', 'install', '--record', '/home/ashraful/HBRS/AMR/AMR_PROJECT/amr-team-bot/build/amr_localization/install.log', '--install-scripts', '$base/lib/amr_localization', '--single-version-externally-managed', 'install_data', '--force'], 'cwd': '/home/ashraful/HBRS/AMR/AMR_PROJECT/amr-team-bot/src/amr_localization', 'env': {'LESSOPEN': '| /usr/bin/lesspipe %s', 'USER': 'ashraful', 'LC_TIME': 'de_DE.UTF-8', 'XDG_SESSION_TYPE': 'wayland', 'SHLVL': '1', 'LD_LIBRARY_PATH': '/usr/lib/x86_64-linux-gnu/gazebo-11/plugins:/opt/ros/humble/opt/rviz_ogre_vendor/lib:/opt/ros/humble/lib/x86_64-linux-gnu:/opt/ros/humble/lib:/home/ashraful/.mujoco/mujoco-3.9.0/lib:/home/ashraful/.mujoco/mujoco-3.9.0/lib', 'HOME': '/home/ashraful', 'OLDPWD': '/home/ashraful/HBRS/AMR/AMR_PROJECT/amr-team-bot/src', 'DESKTOP_SESSION': 'ubuntu', 'ROS_PYTHON_VERSION': '3', 'GNOME_SHELL_SESSION_MODE': 'ubuntu', 'GTK_MODULES': 'gail:atk-bridge', 'LC_MONETARY': 'de_DE.UTF-8', 'MANAGERPID': '1723', 'SYSTEMD_EXEC_PID': '2083', 'DBUS_SESSION_BUS_ADDRESS': 'unix:path=/run/user/1000/bus', 'COLORTERM': 'truecolor', 'TERMINATOR_DBUS_NAME': 'net.tenshu.Terminator25ef4b219e3b005583550f2b0f9f990c3', 'GIO_LAUNCHED_DESKTOP_FILE_PID': '87784', 'IM_CONFIG_PHASE': '1', 'WAYLAND_DISPLAY': 'wayland-0', 'ROS_DISTRO': 'humble', 'LOGNAME': 'ashraful', 'JOURNAL_STREAM': '8:20533', '_': '/usr/bin/colcon', 'ROS_VERSION': '2', 'XDG_SESSION_CLASS': 'user', 'USERNAME': 'ashraful', 'TERM': 'xterm-256color', 'GNOME_DESKTOP_SESSION_ID': 'this-is-deprecated', 'ROS_LOCALHOST_ONLY': '0', 'PATH': '/opt/ros/humble/bin:/home/ashraful/.local/bin:/usr/local/sbin:/usr/local/bin:/usr/sbin:/usr/bin:/sbin:/bin:/usr/games:/usr/local/games:/snap/bin:/snap/bin:/home/ashraful/.mujoco/mujoco-3.9.0/bin', 'SESSION_MANAGER': 'local/ashraful:@/tmp/.ICE-unix/1865,unix/ashraful:/tmp/.ICE-unix/1865', 'INVOCATION_ID': '8220aff1741a4be28484ee2ff67f3009', 'XDG_MENU_PREFIX': 'gnome-', 'LC_ADDRESS': 'de_DE.UTF-8', 'GNOME_SETUP_DISPLAY': ':1', 'XDG_RUNTIME_DIR': '/run/user/1000', 'DISPLAY': ':0', 'TERMINATOR_DBUS_PATH': '/net/tenshu/Terminator2', 'LANG': 'en_US.UTF-8', 'XDG_CURRENT_DESKTOP': 'ubuntu:GNOME', 'IBUS_DISABLE_SNOOPER': '1', 'LC_TELEPHONE': 'de_DE.UTF-8', 'XMODIFIERS': '@im=ibus', 'XDG_SESSION_DESKTOP': 'ubuntu', 'XAUTHORITY': '/run/user/1000/.mutter-Xwaylandauth.RE1JW3', 'LS_COLORS': 'rs=0:di=01;34:ln=01;36:mh=00:pi=40;33:so=01;35:do=01;35:bd=40;33;01:cd=40;33;01:or=40;31;01:mi=00:su=37;41:sg=30;43:ca=30;41:tw=30;42:ow=34;42:st=37;44:ex=01;32:*.tar=01;31:*.tgz=01;31:*.arc=01;31:*.arj=01;31:*.taz=01;31:*.lha=01;31:*.lz4=01;31:*.lzh=01;31:*.lzma=01;31:*.tlz=01;31:*.txz=01;31:*.tzo=01;31:*.t7z=01;31:*.zip=01;31:*.z=01;31:*.dz=01;31:*.gz=01;31:*.lrz=01;31:*.lz=01;31:*.lzo=01;31:*.xz=01;31:*.zst=01;31:*.tzst=01;31:*.bz2=01;31:*.bz=01;31:*.tbz=01;31:*.tbz2=01;31:*.tz=01;31:*.deb=01;31:*.rpm=01;31:*.jar=01;31:*.war=01;31:*.ear=01;31:*.sar=01;31:*.rar=01;31:*.alz=01;31:*.ace=01;31:*.zoo=01;31:*.cpio=01;31:*.7z=01;31:*.rz=01;31:*.cab=01;31:*.wim=01;31:*.swm=01;31:*.dwm=01;31:*.esd=01;31:*.jpg=01;35:*.jpeg=01;35:*.mjpg=01;35:*.mjpeg=01;35:*.gif=01;35:*.bmp=01;35:*.pbm=01;35:*.pgm=01;35:*.ppm=01;35:*.tga=01;35:*.xbm=01;35:*.xpm=01;35:*.tif=01;35:*.tiff=01;35:*.png=01;35:*.svg=01;35:*.svgz=01;35:*.mng=01;35:*.pcx=01;35:*.mov=01;35:*.mpg=01;35:*.mpeg=01;35:*.m2v=01;35:*.mkv=01;35:*.webm=01;35:*.webp=01;35:*.ogm=01;35:*.mp4=01;35:*.m4v=01;35:*.mp4v=01;35:*.vob=01;35:*.qt=01;35:*.nuv=01;35:*.wmv=01;35:*.asf=01;35:*.rm=01;35:*.rmvb=01;35:*.flc=01;35:*.avi=01;35:*.fli=01;35:*.flv=01;35:*.gl=01;35:*.dl=01;35:*.xcf=01;35:*.xwd=01;35:*.yuv=01;35:*.cgm=01;35:*.emf=01;35:*.ogv=01;35:*.ogx=01;35:*.aac=00;36:*.au=00;36:*.flac=00;36:*.m4a=00;36:*.mid=00;36:*.midi=00;36:*.mka=00;36:*.mp3=00;36:*.mpc=00;36:*.ogg=00;36:*.ra=00;36:*.wav=00;36:*.oga=00;36:*.opus=00;36:*.spx=00;36:*.xspf=00;36:', 'SSH_AGENT_LAUNCHER': 'gnome-keyring', 'SSH_AUTH_SOCK': '/run/user/1000/keyring/ssh', 'AMENT_PREFIX_PATH': '/opt/ros/humble', 'SHELL': '/bin/bash', 'LC_NAME': 'de_DE.UTF-8', 'TERMINATOR_UUID': 'urn:uuid:1c72cd59-31a6-4f1a-b61b-5502cd39b2d2', 'QT_ACCESSIBILITY': '1', 'GDMSESSION': 'ubuntu', 'LESSCLOSE': '/usr/bin/lesspipe %s %s', 'LC_MEASUREMENT': 'de_DE.UTF-8', 'LC_IDENTIFICATION': 'de_DE.UTF-8', 'QT_IM_MODULE': 'ibus', 'PWD': '/home/ashraful/HBRS/AMR/AMR_PROJECT/amr-team-bot/build/amr_localization', 'XDG_CONFIG_DIRS': '/etc/xdg/xdg-ubuntu:/etc/xdg', 'XDG_DATA_DIRS': '/usr/share/ubuntu:/usr/local/share/:/usr/share/:/var/lib/snapd/desktop', 'PYTHONPATH': '/home/ashraful/HBRS/AMR/AMR_PROJECT/amr-team-bot/build/amr_localization/prefix_override:/usr/lib/python3/dist-packages/colcon_core/task/python/colcon_distutils_commands:/home/ashraful/HBRS/AMR/AMR_PROJECT/amr-team-bot/install/amr_localization/lib/python3.10/site-packages:/opt/ros/humble/lib/python3.10/site-packages:/opt/ros/humble/local/lib/python3.10/dist-packages', 'LC_NUMERIC': 'de_DE.UTF-8', 'LC_PAPER': 'de_DE.UTF-8', 'COLCON': '1', 'VTE_VERSION': '6800'}, 'shell': False}
[12.573573] (-) TimerEvent: {}
[12.595722] (robile_interfaces) StdoutLine: {'line': b'[ 85%] Built target robile_interfaces__rosidl_generator_py\n'}
[12.656690] (robile_interfaces) StdoutLine: {'line': b'\x1b[35m\x1b[1mConsolidate compiler generated dependencies of target robile_interfaces__rosidl_typesupport_c__pyext\x1b[0m\n'}
[12.673715] (-) TimerEvent: {}
[12.676638] (robile_interfaces) StdoutLine: {'line': b'\x1b[35m\x1b[1mConsolidate compiler generated dependencies of target robile_interfaces__rosidl_typesupport_fastrtps_c__pyext\x1b[0m\n'}
[12.685144] (robile_interfaces) StdoutLine: {'line': b'\x1b[35m\x1b[1mConsolidate compiler generated dependencies of target robile_interfaces__rosidl_typesupport_introspection_c__pyext\x1b[0m\n'}
[12.687183] (mcl_particle_filter) StdoutLine: {'line': b'running egg_info\n'}
[12.691777] (mcl_particle_filter) StdoutLine: {'line': b'writing ../../build/mcl_particle_filter/mcl_particle_filter.egg-info/PKG-INFO\n'}
[12.693728] (mcl_particle_filter) StdoutLine: {'line': b'writing dependency_links to ../../build/mcl_particle_filter/mcl_particle_filter.egg-info/dependency_links.txt\n'}
[12.697227] (mcl_particle_filter) StdoutLine: {'line': b'writing entry points to ../../build/mcl_particle_filter/mcl_particle_filter.egg-info/entry_points.txt\n'}
[12.697992] (mcl_particle_filter) StdoutLine: {'line': b'writing requirements to ../../build/mcl_particle_filter/mcl_particle_filter.egg-info/requires.txt\n'}
[12.700120] (mcl_particle_filter) StdoutLine: {'line': b'writing top-level names to ../../build/mcl_particle_filter/mcl_particle_filter.egg-info/top_level.txt\n'}
[12.709073] (mcl_particle_filter) StdoutLine: {'line': b"reading manifest file '../../build/mcl_particle_filter/mcl_particle_filter.egg-info/SOURCES.txt'\n"}
[12.710319] (robile_interfaces) StdoutLine: {'line': b'[ 87%] \x1b[32mBuilding C object CMakeFiles/robile_interfaces__rosidl_typesupport_c__pyext.dir/rosidl_generator_py/robile_interfaces/_robile_interfaces_s.ep.rosidl_typesupport_c.c.o\x1b[0m\n'}
[12.715493] (mcl_particle_filter) StdoutLine: {'line': b"writing manifest file '../../build/mcl_particle_filter/mcl_particle_filter.egg-info/SOURCES.txt'\n"}
[12.717627] (mcl_particle_filter) StdoutLine: {'line': b'running build\n'}
[12.718385] (mcl_particle_filter) StdoutLine: {'line': b'running build_py\n'}
[12.719658] (mcl_particle_filter) StdoutLine: {'line': b'running install\n'}
[12.723688] (mcl_particle_filter) StdoutLine: {'line': b'running install_lib\n'}
[12.729376] (mcl_particle_filter) StdoutLine: {'line': b'running install_data\n'}
[12.730935] (mcl_particle_filter) StdoutLine: {'line': b'running install_egg_info\n'}
[12.744687] (mcl_particle_filter) StdoutLine: {'line': b"removing '/home/ashraful/HBRS/AMR/AMR_PROJECT/amr-team-bot/install/mcl_particle_filter/lib/python3.10/site-packages/mcl_particle_filter-0.0.0-py3.10.egg-info' (and everything under it)\n"}
[12.750683] (mcl_particle_filter) StdoutLine: {'line': b'Copying ../../build/mcl_particle_filter/mcl_particle_filter.egg-info to /home/ashraful/HBRS/AMR/AMR_PROJECT/amr-team-bot/install/mcl_particle_filter/lib/python3.10/site-packages/mcl_particle_filter-0.0.0-py3.10.egg-info\n'}
[12.771023] (mcl_particle_filter) StdoutLine: {'line': b'running install_scripts\n'}
[12.776069] (-) TimerEvent: {}
[12.797050] (robile_interfaces) StdoutLine: {'line': b'[ 90%] \x1b[32mBuilding C object CMakeFiles/robile_interfaces__rosidl_typesupport_introspection_c__pyext.dir/rosidl_generator_py/robile_interfaces/_robile_interfaces_s.ep.rosidl_typesupport_introspection_c.c.o\x1b[0m\n'}
[12.804923] (robile_interfaces) StdoutLine: {'line': b'[ 92%] \x1b[32mBuilding C object CMakeFiles/robile_interfaces__rosidl_typesupport_fastrtps_c__pyext.dir/rosidl_generator_py/robile_interfaces/_robile_interfaces_s.ep.rosidl_typesupport_fastrtps_c.c.o\x1b[0m\n'}
[12.876205] (-) TimerEvent: {}
[12.891303] (mcl_particle_filter) StdoutLine: {'line': b'Installing particle_filter script to /home/ashraful/HBRS/AMR/AMR_PROJECT/amr-team-bot/install/mcl_particle_filter/lib/mcl_particle_filter\n'}
[12.893024] (mcl_particle_filter) StdoutLine: {'line': b"writing list of installed files to '/home/ashraful/HBRS/AMR/AMR_PROJECT/amr-team-bot/build/mcl_particle_filter/install.log'\n"}
[12.976355] (-) TimerEvent: {}
[13.034404] (mcl_particle_filter) CommandEnded: {'returncode': 0}
[13.080575] (-) TimerEvent: {}
[13.188046] (-) TimerEvent: {}
[13.230402] (mcl_particle_filter) JobEnded: {'identifier': 'mcl_particle_filter', 'rc': 0}
[13.231795] (robile_reach_goal) JobStarted: {'identifier': 'robile_reach_goal'}
[13.288306] (-) TimerEvent: {}
[13.335374] (robile_interfaces) StdoutLine: {'line': b'[ 95%] \x1b[32m\x1b[1mLinking C shared library rosidl_generator_py/robile_interfaces/robile_interfaces_s__rosidl_typesupport_c.cpython-310-x86_64-linux-gnu.so\x1b[0m\n'}
[13.388642] (-) TimerEvent: {}
[13.404601] (robile_interfaces) StdoutLine: {'line': b'[ 97%] \x1b[32m\x1b[1mLinking C shared library rosidl_generator_py/robile_interfaces/robile_interfaces_s__rosidl_typesupport_introspection_c.cpython-310-x86_64-linux-gnu.so\x1b[0m\n'}
[13.488794] (-) TimerEvent: {}
[13.517917] (potential) StdoutLine: {'line': b'running develop\n'}
[13.592612] (-) TimerEvent: {}
[13.593308] (robile_bringup) StdoutLine: {'line': b'running develop\n'}
[13.673729] (amr_localization) StdoutLine: {'line': b'running egg_info\n'}
[13.676609] (amr_localization) StdoutLine: {'line': b'writing ../../build/amr_localization/amr_localization.egg-info/PKG-INFO\n'}
[13.677349] (amr_localization) StdoutLine: {'line': b'writing dependency_links to ../../build/amr_localization/amr_localization.egg-info/dependency_links.txt\n'}
[13.677881] (amr_localization) StdoutLine: {'line': b'writing entry points to ../../build/amr_localization/amr_localization.egg-info/entry_points.txt\n'}
[13.678365] (amr_localization) StdoutLine: {'line': b'writing requirements to ../../build/amr_localization/amr_localization.egg-info/requires.txt\n'}
[13.678917] (amr_localization) StdoutLine: {'line': b'writing top-level names to ../../build/amr_localization/amr_localization.egg-info/top_level.txt\n'}
[13.682613] (amr_localization) StdoutLine: {'line': b"reading manifest file '../../build/amr_localization/amr_localization.egg-info/SOURCES.txt'\n"}
[13.683281] (amr_localization) StdoutLine: {'line': b"adding license file 'LICENSE'\n"}
[13.684471] (amr_localization) StdoutLine: {'line': b"writing manifest file '../../build/amr_localization/amr_localization.egg-info/SOURCES.txt'\n"}
[13.685585] (amr_localization) StdoutLine: {'line': b'running build\n'}
[13.686344] (amr_localization) StdoutLine: {'line': b'running build_py\n'}
[13.687779] (robile_interfaces) StdoutLine: {'line': b'[ 97%] Built target robile_interfaces__rosidl_typesupport_introspection_c__pyext\n'}
[13.688806] (amr_localization) StdoutLine: {'line': b'copying amr_localization/ggwp.py -> /home/ashraful/HBRS/AMR/AMR_PROJECT/amr-team-bot/build/amr_localization/build/lib/amr_localization\n'}
[13.690936] (amr_localization) StdoutLine: {'line': b'copying amr_localization/lo.py -> /home/ashraful/HBRS/AMR/AMR_PROJECT/amr-team-bot/build/amr_localization/build/lib/amr_localization\n'}
[13.691584] (amr_localization) StdoutLine: {'line': b'copying amr_localization/particle_filter_node_backup.py -> /home/ashraful/HBRS/AMR/AMR_PROJECT/amr-team-bot/build/amr_localization/build/lib/amr_localization\n'}
[13.692126] (amr_localization) StdoutLine: {'line': b'copying amr_localization/import math.py -> /home/ashraful/HBRS/AMR/AMR_PROJECT/amr-team-bot/build/amr_localization/build/lib/amr_localization\n'}
[13.692606] (-) TimerEvent: {}
[13.693006] (amr_localization) StdoutLine: {'line': b'copying amr_localization/particle_filter_node.py -> /home/ashraful/HBRS/AMR/AMR_PROJECT/amr-team-bot/build/amr_localization/build/lib/amr_localization\n'}
[13.693252] (amr_localization) StdoutLine: {'line': b'running install\n'}
[13.693451] (amr_localization) StdoutLine: {'line': b'running install_lib\n'}
[13.697719] (amr_localization) StdoutLine: {'line': b'creating /home/ashraful/HBRS/AMR/AMR_PROJECT/amr-team-bot/install/amr_localization/lib/python3.10/site-packages/amr_localization\n'}
[13.698969] (amr_localization) StdoutLine: {'line': b'copying /home/ashraful/HBRS/AMR/AMR_PROJECT/amr-team-bot/build/amr_localization/build/lib/amr_localization/ggwp.py -> /home/ashraful/HBRS/AMR/AMR_PROJECT/amr-team-bot/install/amr_localization/lib/python3.10/site-packages/amr_localization\n'}
[13.700224] (amr_localization) StdoutLine: {'line': b'copying /home/ashraful/HBRS/AMR/AMR_PROJECT/amr-team-bot/build/amr_localization/build/lib/amr_localization/__init__.py -> /home/ashraful/HBRS/AMR/AMR_PROJECT/amr-team-bot/install/amr_localization/lib/python3.10/site-packages/amr_localization\n'}
[13.700453] (amr_localization) StdoutLine: {'line': b'copying /home/ashraful/HBRS/AMR/AMR_PROJECT/amr-team-bot/build/amr_localization/build/lib/amr_localization/lo.py -> /home/ashraful/HBRS/AMR/AMR_PROJECT/amr-team-bot/install/amr_localization/lib/python3.10/site-packages/amr_localization\n'}
[13.704191] (amr_localization) StdoutLine: {'line': b'copying /home/ashraful/HBRS/AMR/AMR_PROJECT/amr-team-bot/build/amr_localization/build/lib/amr_localization/ggwp copy.py -> /home/ashraful/HBRS/AMR/AMR_PROJECT/amr-team-bot/install/amr_localization/lib/python3.10/site-packages/amr_localization\n'}
[13.706380] (amr_localization) StdoutLine: {'line': b'copying /home/ashraful/HBRS/AMR/AMR_PROJECT/amr-team-bot/build/amr_localization/build/lib/amr_localization/particle_filter_node_backup.py -> /home/ashraful/HBRS/AMR/AMR_PROJECT/amr-team-bot/install/amr_localization/lib/python3.10/site-packages/amr_localization\n'}
[13.706669] (amr_localization) StdoutLine: {'line': b'copying /home/ashraful/HBRS/AMR/AMR_PROJECT/amr-team-bot/build/amr_localization/build/lib/amr_localization/import math.py -> /home/ashraful/HBRS/AMR/AMR_PROJECT/amr-team-bot/install/amr_localization/lib/python3.10/site-packages/amr_localization\n'}
[13.706856] (amr_localization) StdoutLine: {'line': b'copying /home/ashraful/HBRS/AMR/AMR_PROJECT/amr-team-bot/build/amr_localization/build/lib/amr_localization/particle_filter_node.py -> /home/ashraful/HBRS/AMR/AMR_PROJECT/amr-team-bot/install/amr_localization/lib/python3.10/site-packages/amr_localization\n'}
[13.707012] (amr_localization) StdoutLine: {'line': b'copying /home/ashraful/HBRS/AMR/AMR_PROJECT/amr-team-bot/build/amr_localization/build/lib/amr_localization/_2ndggwp.py -> /home/ashraful/HBRS/AMR/AMR_PROJECT/amr-team-bot/install/amr_localization/lib/python3.10/site-packages/amr_localization\n'}
[13.707178] (amr_localization) StdoutLine: {'line': b'byte-compiling /home/ashraful/HBRS/AMR/AMR_PROJECT/amr-team-bot/install/amr_localization/lib/python3.10/site-packages/amr_localization/ggwp.py to ggwp.cpython-310.pyc\n'}
[13.708066] (my_explorer) StdoutLine: {'line': b'running egg_info\n'}
[13.712486] (my_explorer) StdoutLine: {'line': b'writing ../../build/my_explorer/my_explorer.egg-info/PKG-INFO\n'}
[13.713402] (my_explorer) StdoutLine: {'line': b'writing dependency_links to ../../build/my_explorer/my_explorer.egg-info/dependency_links.txt\n'}
[13.714222] (my_explorer) StdoutLine: {'line': b'writing entry points to ../../build/my_explorer/my_explorer.egg-info/entry_points.txt\n'}
[13.715046] (my_explorer) StdoutLine: {'line': b'writing requirements to ../../build/my_explorer/my_explorer.egg-info/requires.txt\n'}
[13.715545] (my_explorer) StdoutLine: {'line': b'writing top-level names to ../../build/my_explorer/my_explorer.egg-info/top_level.txt\n'}
[13.723267] (my_explorer) StdoutLine: {'line': b"reading manifest file '../../build/my_explorer/my_explorer.egg-info/SOURCES.txt'\n"}
[13.734493] (my_explorer) StdoutLine: {'line': b"writing manifest file '../../build/my_explorer/my_explorer.egg-info/SOURCES.txt'\n"}
[13.734966] (my_explorer) StdoutLine: {'line': b'running build\n'}
[13.735219] (my_explorer) StdoutLine: {'line': b'running build_py\n'}
[13.735437] (my_explorer) StdoutLine: {'line': b'creating /home/ashraful/HBRS/AMR/AMR_PROJECT/amr-team-bot/build/my_explorer/build\n'}
[13.735674] (my_explorer) StdoutLine: {'line': b'creating /home/ashraful/HBRS/AMR/AMR_PROJECT/amr-team-bot/build/my_explorer/build/lib\n'}
[13.735896] (my_explorer) StdoutLine: {'line': b'creating /home/ashraful/HBRS/AMR/AMR_PROJECT/amr-team-bot/build/my_explorer/build/lib/my_explorer\n'}
[13.736112] (my_explorer) StdoutLine: {'line': b'copying my_explorer/__init__.py -> /home/ashraful/HBRS/AMR/AMR_PROJECT/amr-team-bot/build/my_explorer/build/lib/my_explorer\n'}
[13.736350] (my_explorer) StdoutLine: {'line': b'copying my_explorer/explore_node.py -> /home/ashraful/HBRS/AMR/AMR_PROJECT/amr-team-bot/build/my_explorer/build/lib/my_explorer\n'}
[13.741591] (my_explorer) StdoutLine: {'line': b'copying my_explorer/setup.py -> /home/ashraful/HBRS/AMR/AMR_PROJECT/amr-team-bot/build/my_explorer/build/lib/my_explorer\n'}
[13.742365] (my_explorer) StdoutLine: {'line': b'running install\n'}
[13.742902] (my_explorer) StdoutLine: {'line': b'running install_lib\n'}
[13.746206] (my_explorer) StdoutLine: {'line': b'creating /home/ashraful/HBRS/AMR/AMR_PROJECT/amr-team-bot/install/my_explorer/lib/python3.10/site-packages/my_explorer\n'}
[13.750120] (my_explorer) StdoutLine: {'line': b'copying /home/ashraful/HBRS/AMR/AMR_PROJECT/amr-team-bot/build/my_explorer/build/lib/my_explorer/__init__.py -> /home/ashraful/HBRS/AMR/AMR_PROJECT/amr-team-bot/install/my_explorer/lib/python3.10/site-packages/my_explorer\n'}
[13.751789] (my_explorer) StdoutLine: {'line': b'copying /home/ashraful/HBRS/AMR/AMR_PROJECT/amr-team-bot/build/my_explorer/build/lib/my_explorer/explore_node.py -> /home/ashraful/HBRS/AMR/AMR_PROJECT/amr-team-bot/install/my_explorer/lib/python3.10/site-packages/my_explorer\n'}
[13.753137] (my_explorer) StdoutLine: {'line': b'copying /home/ashraful/HBRS/AMR/AMR_PROJECT/amr-team-bot/build/my_explorer/build/lib/my_explorer/setup.py -> /home/ashraful/HBRS/AMR/AMR_PROJECT/amr-team-bot/install/my_explorer/lib/python3.10/site-packages/my_explorer\n'}
[13.757991] (my_explorer) StdoutLine: {'line': b'byte-compiling /home/ashraful/HBRS/AMR/AMR_PROJECT/amr-team-bot/install/my_explorer/lib/python3.10/site-packages/my_explorer/__init__.py to __init__.cpython-310.pyc\n'}
[13.758969] (my_explorer) StdoutLine: {'line': b'byte-compiling /home/ashraful/HBRS/AMR/AMR_PROJECT/amr-team-bot/install/my_explorer/lib/python3.10/site-packages/my_explorer/explore_node.py to explore_node.cpython-310.pyc\n'}
[13.764743] (my_explorer) StdoutLine: {'line': b'byte-compiling /home/ashraful/HBRS/AMR/AMR_PROJECT/amr-team-bot/install/my_explorer/lib/python3.10/site-packages/my_explorer/setup.py to setup.cpython-310.pyc\n'}
[13.765750] (my_explorer) StdoutLine: {'line': b'running install_data\n'}
[13.766479] (my_explorer) StdoutLine: {'line': b'copying resource/my_explorer -> /home/ashraful/HBRS/AMR/AMR_PROJECT/amr-team-bot/install/my_explorer/share/ament_index/resource_index/packages\n'}
[13.769304] (my_explorer) StdoutLine: {'line': b'copying package.xml -> /home/ashraful/HBRS/AMR/AMR_PROJECT/amr-team-bot/install/my_explorer/share/my_explorer\n'}
[13.769810] (my_explorer) StdoutLine: {'line': b'running install_egg_info\n'}
[13.785836] (amr_localization) StdoutLine: {'line': b'byte-compiling /home/ashraful/HBRS/AMR/AMR_PROJECT/amr-team-bot/install/amr_localization/lib/python3.10/site-packages/amr_localization/__init__.py to __init__.cpython-310.pyc\n'}
[13.786596] (amr_localization) StdoutLine: {'line': b'byte-compiling /home/ashraful/HBRS/AMR/AMR_PROJECT/amr-team-bot/install/amr_localization/lib/python3.10/site-packages/amr_localization/lo.py to lo.cpython-310.pyc\n'}
[13.786985] (my_explorer) StdoutLine: {'line': b'Copying ../../build/my_explorer/my_explorer.egg-info to /home/ashraful/HBRS/AMR/AMR_PROJECT/amr-team-bot/install/my_explorer/lib/python3.10/site-packages/my_explorer-0.0.0-py3.10.egg-info\n'}
[13.792764] (-) TimerEvent: {}
[13.795937] (robile_interfaces) StdoutLine: {'line': b'[ 97%] Built target robile_interfaces__rosidl_typesupport_c__pyext\n'}
[13.799614] (my_explorer) StdoutLine: {'line': b'running install_scripts\n'}
[13.807203] (amr_localization) StdoutLine: {'line': b'byte-compiling /home/ashraful/HBRS/AMR/AMR_PROJECT/amr-team-bot/install/amr_localization/lib/python3.10/site-packages/amr_localization/ggwp copy.py to ggwp copy.cpython-310.pyc\n'}
[13.840663] (amr_localization) StdoutLine: {'line': b'byte-compiling /home/ashraful/HBRS/AMR/AMR_PROJECT/amr-team-bot/install/amr_localization/lib/python3.10/site-packages/amr_localization/particle_filter_node_backup.py to particle_filter_node_backup.cpython-310.pyc\n'}
[13.870797] (amr_localization) StdoutLine: {'line': b'byte-compiling /home/ashraful/HBRS/AMR/AMR_PROJECT/amr-team-bot/install/amr_localization/lib/python3.10/site-packages/amr_localization/import math.py to import math.cpython-310.pyc\n'}
[13.892909] (-) TimerEvent: {}
[13.929286] (amr_localization) StdoutLine: {'line': b'byte-compiling /home/ashraful/HBRS/AMR/AMR_PROJECT/amr-team-bot/install/amr_localization/lib/python3.10/site-packages/amr_localization/particle_filter_node.py to particle_filter_node.cpython-310.pyc\n'}
[13.934373] (my_explorer) StdoutLine: {'line': b'Installing explorer_exe script to /home/ashraful/HBRS/AMR/AMR_PROJECT/amr-team-bot/install/my_explorer/lib/my_explorer\n'}
[13.936212] (my_explorer) StdoutLine: {'line': b"writing list of installed files to '/home/ashraful/HBRS/AMR/AMR_PROJECT/amr-team-bot/build/my_explorer/install.log'\n"}
[13.965669] (amr_localization) StdoutLine: {'line': b'byte-compiling /home/ashraful/HBRS/AMR/AMR_PROJECT/amr-team-bot/install/amr_localization/lib/python3.10/site-packages/amr_localization/_2ndggwp.py to _2ndggwp.cpython-310.pyc\n'}
[13.986445] (amr_localization) StdoutLine: {'line': b'running install_data\n'}
[13.987426] (amr_localization) StdoutLine: {'line': b'copying resource/amr_localization -> /home/ashraful/HBRS/AMR/AMR_PROJECT/amr-team-bot/install/amr_localization/share/ament_index/resource_index/packages\n'}
[13.989256] (amr_localization) StdoutLine: {'line': b'copying package.xml -> /home/ashraful/HBRS/AMR/AMR_PROJECT/amr-team-bot/install/amr_localization/share/amr_localization\n'}
[13.991131] (amr_localization) StdoutLine: {'line': b'copying launch/map_server.launch.py -> /home/ashraful/HBRS/AMR/AMR_PROJECT/amr-team-bot/install/amr_localization/share/amr_localization/launch\n'}
[13.991858] (amr_localization) StdoutLine: {'line': b'running install_egg_info\n'}
[13.993026] (-) TimerEvent: {}
[13.998134] (robile_interfaces) StdoutLine: {'line': b'[100%] \x1b[32m\x1b[1mLinking C shared library rosidl_generator_py/robile_interfaces/robile_interfaces_s__rosidl_typesupport_fastrtps_c.cpython-310-x86_64-linux-gnu.so\x1b[0m\n'}
[13.999046] (amr_localization) StdoutLine: {'line': b'Copying ../../build/amr_localization/amr_localization.egg-info to /home/ashraful/HBRS/AMR/AMR_PROJECT/amr-team-bot/install/amr_localization/lib/python3.10/site-packages/amr_localization-0.0.0-py3.10.egg-info\n'}
[14.014122] (amr_localization) StdoutLine: {'line': b'running install_scripts\n'}
[14.079966] (particle_localization) StdoutLine: {'line': b'running egg_info\n'}
[14.081019] (particle_localization) StdoutLine: {'line': b'writing ../../build/particle_localization/particle_localization.egg-info/PKG-INFO\n'}
[14.082727] (particle_localization) StdoutLine: {'line': b'writing dependency_links to ../../build/particle_localization/particle_localization.egg-info/dependency_links.txt\n'}
[14.083352] (particle_localization) StdoutLine: {'line': b'writing entry points to ../../build/particle_localization/particle_localization.egg-info/entry_points.txt\n'}
[14.085905] (particle_localization) StdoutLine: {'line': b'writing requirements to ../../build/particle_localization/particle_localization.egg-info/requires.txt\n'}
[14.086169] (particle_localization) StdoutLine: {'line': b'writing top-level names to ../../build/particle_localization/particle_localization.egg-info/top_level.txt\n'}
[14.087248] (particle_localization) StdoutLine: {'line': b"reading manifest file '../../build/particle_localization/particle_localization.egg-info/SOURCES.txt'\n"}
[14.093196] (-) TimerEvent: {}
[14.095695] (particle_localization) StdoutLine: {'line': b"writing manifest file '../../build/particle_localization/particle_localization.egg-info/SOURCES.txt'\n"}
[14.098223] (particle_localization) StdoutLine: {'line': b'running build\n'}
[14.098781] (particle_localization) StdoutLine: {'line': b'running build_py\n'}
[14.100484] (particle_localization) StdoutLine: {'line': b'creating /home/ashraful/HBRS/AMR/AMR_PROJECT/amr-team-bot/build/particle_localization/build\n'}
[14.101017] (particle_localization) StdoutLine: {'line': b'creating /home/ashraful/HBRS/AMR/AMR_PROJECT/amr-team-bot/build/particle_localization/build/lib\n'}
[14.113568] (particle_localization) StdoutLine: {'line': b'creating /home/ashraful/HBRS/AMR/AMR_PROJECT/amr-team-bot/build/particle_localization/build/lib/particle_localization\n'}
[14.114360] (particle_localization) StdoutLine: {'line': b'copying particle_localization/particle_filter.py -> /home/ashraful/HBRS/AMR/AMR_PROJECT/amr-team-bot/build/particle_localization/build/lib/particle_localization\n'}
[14.114940] (particle_localization) StdoutLine: {'line': b'copying particle_localization/__init__.py -> /home/ashraful/HBRS/AMR/AMR_PROJECT/amr-team-bot/build/particle_localization/build/lib/particle_localization\n'}
[14.115445] (particle_localization) StdoutLine: {'line': b'running install\n'}
[14.115917] (particle_localization) StdoutLine: {'line': b'running install_lib\n'}
[14.116114] (particle_localization) StdoutLine: {'line': b'creating /home/ashraful/HBRS/AMR/AMR_PROJECT/amr-team-bot/install/particle_localization/lib/python3.10/site-packages/particle_localization\n'}
[14.116353] (particle_localization) StdoutLine: {'line': b'copying /home/ashraful/HBRS/AMR/AMR_PROJECT/amr-team-bot/build/particle_localization/build/lib/particle_localization/particle_filter.py -> /home/ashraful/HBRS/AMR/AMR_PROJECT/amr-team-bot/install/particle_localization/lib/python3.10/site-packages/particle_localization\n'}
[14.116586] (particle_localization) StdoutLine: {'line': b'copying /home/ashraful/HBRS/AMR/AMR_PROJECT/amr-team-bot/build/particle_localization/build/lib/particle_localization/__init__.py -> /home/ashraful/HBRS/AMR/AMR_PROJECT/amr-team-bot/install/particle_localization/lib/python3.10/site-packages/particle_localization\n'}
[14.116801] (particle_localization) StdoutLine: {'line': b'byte-compiling /home/ashraful/HBRS/AMR/AMR_PROJECT/amr-team-bot/install/particle_localization/lib/python3.10/site-packages/particle_localization/particle_filter.py to particle_filter.cpython-310.pyc\n'}
[14.122949] (particle_localization) StdoutLine: {'line': b'byte-compiling /home/ashraful/HBRS/AMR/AMR_PROJECT/amr-team-bot/install/particle_localization/lib/python3.10/site-packages/particle_localization/__init__.py to __init__.cpython-310.pyc\n'}
[14.128781] (particle_localization) StdoutLine: {'line': b'running install_data\n'}
[14.129047] (particle_localization) StdoutLine: {'line': b'copying resource/particle_localization -> /home/ashraful/HBRS/AMR/AMR_PROJECT/amr-team-bot/install/particle_localization/share/ament_index/resource_index/packages\n'}
[14.129248] (particle_localization) StdoutLine: {'line': b'copying package.xml -> /home/ashraful/HBRS/AMR/AMR_PROJECT/amr-team-bot/install/particle_localization/share/particle_localization\n'}
[14.129435] (particle_localization) StdoutLine: {'line': b'copying config/particle_filter.yaml -> /home/ashraful/HBRS/AMR/AMR_PROJECT/amr-team-bot/install/particle_localization/share/particle_localization/config\n'}
[14.129645] (particle_localization) StdoutLine: {'line': b'running install_egg_info\n'}
[14.134268] (particle_localization) StdoutLine: {'line': b'Copying ../../build/particle_localization/particle_localization.egg-info to /home/ashraful/HBRS/AMR/AMR_PROJECT/amr-team-bot/install/particle_localization/lib/python3.10/site-packages/particle_localization-0.0.1-py3.10.egg-info\n'}
[14.134946] (particle_localization) StdoutLine: {'line': b'running install_scripts\n'}
[14.143017] (amr_localization) StdoutLine: {'line': b'Installing gg script to /home/ashraful/HBRS/AMR/AMR_PROJECT/amr-team-bot/install/amr_localization/lib/amr_localization\n'}
[14.145535] (amr_localization) StdoutLine: {'line': b'Installing ggwp script to /home/ashraful/HBRS/AMR/AMR_PROJECT/amr-team-bot/install/amr_localization/lib/amr_localization\n'}
[14.145893] (amr_localization) StdoutLine: {'line': b'Installing lo script to /home/ashraful/HBRS/AMR/AMR_PROJECT/amr-team-bot/install/amr_localization/lib/amr_localization\n'}
[14.146095] (amr_localization) StdoutLine: {'line': b'Installing particle_filter_node script to /home/ashraful/HBRS/AMR/AMR_PROJECT/amr-team-bot/install/amr_localization/lib/amr_localization\n'}
[14.146318] (amr_localization) StdoutLine: {'line': b"writing list of installed files to '/home/ashraful/HBRS/AMR/AMR_PROJECT/amr-team-bot/build/amr_localization/install.log'\n"}
[14.197581] (-) TimerEvent: {}
[14.270719] (robile_interfaces) StdoutLine: {'line': b'[100%] Built target robile_interfaces__rosidl_typesupport_fastrtps_c__pyext\n'}
[14.275112] (particle_localization) StdoutLine: {'line': b'Installing particle_filter script to /home/ashraful/HBRS/AMR/AMR_PROJECT/amr-team-bot/install/particle_localization/lib/particle_localization\n'}
[14.279023] (particle_localization) StdoutLine: {'line': b"writing list of installed files to '/home/ashraful/HBRS/AMR/AMR_PROJECT/amr-team-bot/build/particle_localization/install.log'\n"}
[14.298601] (-) TimerEvent: {}
[14.402707] (-) TimerEvent: {}
[14.504083] (-) TimerEvent: {}
[14.580117] (my_explorer) CommandEnded: {'returncode': 0}
[14.604195] (-) TimerEvent: {}
[14.610335] (my_explorer) JobEnded: {'identifier': 'my_explorer', 'rc': 0}
[14.611647] (amr_localization) CommandEnded: {'returncode': 0}
[14.614678] (robile_bringup) StdoutLine: {'line': b'Removing /home/ashraful/HBRS/AMR/AMR_PROJECT/amr-team-bot/install/robile_bringup/lib/python3.10/site-packages/robile-bringup.egg-link (link to .)\n'}
[14.635877] (amr_localization) JobEnded: {'identifier': 'amr_localization', 'rc': 0}
[14.638137] (particle_localization) CommandEnded: {'returncode': 0}
[14.659425] (particle_localization) JobEnded: {'identifier': 'particle_localization', 'rc': 0}
[14.681729] (robile_control_simple) Command: {'cmd': ['/usr/bin/python3', '-W', 'ignore:setup.py install is deprecated', '-W', 'ignore:easy_install command is deprecated', 'setup.py', 'develop', '--uninstall', '--editable', '--build-directory', '/home/ashraful/HBRS/AMR/AMR_PROJECT/amr-team-bot/build/robile_control_simple/build'], 'cwd': '/home/ashraful/HBRS/AMR/AMR_PROJECT/amr-team-bot/build/robile_control_simple', 'env': {'LESSOPEN': '| /usr/bin/lesspipe %s', 'USER': 'ashraful', 'LC_TIME': 'de_DE.UTF-8', 'XDG_SESSION_TYPE': 'wayland', 'SHLVL': '1', 'LD_LIBRARY_PATH': '/usr/lib/x86_64-linux-gnu/gazebo-11/plugins:/opt/ros/humble/opt/rviz_ogre_vendor/lib:/opt/ros/humble/lib/x86_64-linux-gnu:/opt/ros/humble/lib:/home/ashraful/.mujoco/mujoco-3.9.0/lib:/home/ashraful/.mujoco/mujoco-3.9.0/lib', 'HOME': '/home/ashraful', 'OLDPWD': '/home/ashraful/HBRS/AMR/AMR_PROJECT/amr-team-bot/src', 'DESKTOP_SESSION': 'ubuntu', 'ROS_PYTHON_VERSION': '3', 'GNOME_SHELL_SESSION_MODE': 'ubuntu', 'GTK_MODULES': 'gail:atk-bridge', 'LC_MONETARY': 'de_DE.UTF-8', 'MANAGERPID': '1723', 'SYSTEMD_EXEC_PID': '2083', 'DBUS_SESSION_BUS_ADDRESS': 'unix:path=/run/user/1000/bus', 'COLORTERM': 'truecolor', 'TERMINATOR_DBUS_NAME': 'net.tenshu.Terminator25ef4b219e3b005583550f2b0f9f990c3', 'GIO_LAUNCHED_DESKTOP_FILE_PID': '87784', 'IM_CONFIG_PHASE': '1', 'WAYLAND_DISPLAY': 'wayland-0', 'ROS_DISTRO': 'humble', 'LOGNAME': 'ashraful', 'JOURNAL_STREAM': '8:20533', '_': '/usr/bin/colcon', 'ROS_VERSION': '2', 'XDG_SESSION_CLASS': 'user', 'USERNAME': 'ashraful', 'TERM': 'xterm-256color', 'GNOME_DESKTOP_SESSION_ID': 'this-is-deprecated', 'ROS_LOCALHOST_ONLY': '0', 'PATH': '/opt/ros/humble/bin:/home/ashraful/.local/bin:/usr/local/sbin:/usr/local/bin:/usr/sbin:/usr/bin:/sbin:/bin:/usr/games:/usr/local/games:/snap/bin:/snap/bin:/home/ashraful/.mujoco/mujoco-3.9.0/bin', 'SESSION_MANAGER': 'local/ashraful:@/tmp/.ICE-unix/1865,unix/ashraful:/tmp/.ICE-unix/1865', 'INVOCATION_ID': '8220aff1741a4be28484ee2ff67f3009', 'XDG_MENU_PREFIX': 'gnome-', 'LC_ADDRESS': 'de_DE.UTF-8', 'GNOME_SETUP_DISPLAY': ':1', 'XDG_RUNTIME_DIR': '/run/user/1000', 'DISPLAY': ':0', 'TERMINATOR_DBUS_PATH': '/net/tenshu/Terminator2', 'LANG': 'en_US.UTF-8', 'XDG_CURRENT_DESKTOP': 'ubuntu:GNOME', 'IBUS_DISABLE_SNOOPER': '1', 'LC_TELEPHONE': 'de_DE.UTF-8', 'XMODIFIERS': '@im=ibus', 'XDG_SESSION_DESKTOP': 'ubuntu', 'XAUTHORITY': '/run/user/1000/.mutter-Xwaylandauth.RE1JW3', 'LS_COLORS': 'rs=0:di=01;34:ln=01;36:mh=00:pi=40;33:so=01;35:do=01;35:bd=40;33;01:cd=40;33;01:or=40;31;01:mi=00:su=37;41:sg=30;43:ca=30;41:tw=30;42:ow=34;42:st=37;44:ex=01;32:*.tar=01;31:*.tgz=01;31:*.arc=01;31:*.arj=01;31:*.taz=01;31:*.lha=01;31:*.lz4=01;31:*.lzh=01;31:*.lzma=01;31:*.tlz=01;31:*.txz=01;31:*.tzo=01;31:*.t7z=01;31:*.zip=01;31:*.z=01;31:*.dz=01;31:*.gz=01;31:*.lrz=01;31:*.lz=01;31:*.lzo=01;31:*.xz=01;31:*.zst=01;31:*.tzst=01;31:*.bz2=01;31:*.bz=01;31:*.tbz=01;31:*.tbz2=01;31:*.tz=01;31:*.deb=01;31:*.rpm=01;31:*.jar=01;31:*.war=01;31:*.ear=01;31:*.sar=01;31:*.rar=01;31:*.alz=01;31:*.ace=01;31:*.zoo=01;31:*.cpio=01;31:*.7z=01;31:*.rz=01;31:*.cab=01;31:*.wim=01;31:*.swm=01;31:*.dwm=01;31:*.esd=01;31:*.jpg=01;35:*.jpeg=01;35:*.mjpg=01;35:*.mjpeg=01;35:*.gif=01;35:*.bmp=01;35:*.pbm=01;35:*.pgm=01;35:*.ppm=01;35:*.tga=01;35:*.xbm=01;35:*.xpm=01;35:*.tif=01;35:*.tiff=01;35:*.png=01;35:*.svg=01;35:*.svgz=01;35:*.mng=01;35:*.pcx=01;35:*.mov=01;35:*.mpg=01;35:*.mpeg=01;35:*.m2v=01;35:*.mkv=01;35:*.webm=01;35:*.webp=01;35:*.ogm=01;35:*.mp4=01;35:*.m4v=01;35:*.mp4v=01;35:*.vob=01;35:*.qt=01;35:*.nuv=01;35:*.wmv=01;35:*.asf=01;35:*.rm=01;35:*.rmvb=01;35:*.flc=01;35:*.avi=01;35:*.fli=01;35:*.flv=01;35:*.gl=01;35:*.dl=01;35:*.xcf=01;35:*.xwd=01;35:*.yuv=01;35:*.cgm=01;35:*.emf=01;35:*.ogv=01;35:*.ogx=01;35:*.aac=00;36:*.au=00;36:*.flac=00;36:*.m4a=00;36:*.mid=00;36:*.midi=00;36:*.mka=00;36:*.mp3=00;36:*.mpc=00;36:*.ogg=00;36:*.ra=00;36:*.wav=00;36:*.oga=00;36:*.opus=00;36:*.spx=00;36:*.xspf=00;36:', 'SSH_AGENT_LAUNCHER': 'gnome-keyring', 'SSH_AUTH_SOCK': '/run/user/1000/keyring/ssh', 'AMENT_PREFIX_PATH': '/opt/ros/humble', 'SHELL': '/bin/bash', 'LC_NAME': 'de_DE.UTF-8', 'TERMINATOR_UUID': 'urn:uuid:1c72cd59-31a6-4f1a-b61b-5502cd39b2d2', 'QT_ACCESSIBILITY': '1', 'GDMSESSION': 'ubuntu', 'LESSCLOSE': '/usr/bin/lesspipe %s %s', 'LC_MEASUREMENT': 'de_DE.UTF-8', 'LC_IDENTIFICATION': 'de_DE.UTF-8', 'QT_IM_MODULE': 'ibus', 'PWD': '/home/ashraful/HBRS/AMR/AMR_PROJECT/amr-team-bot/build/robile_control_simple', 'XDG_CONFIG_DIRS': '/etc/xdg/xdg-ubuntu:/etc/xdg', 'XDG_DATA_DIRS': '/usr/share/ubuntu:/usr/local/share/:/usr/share/:/var/lib/snapd/desktop', 'PYTHONPATH': '/home/ashraful/HBRS/AMR/AMR_PROJECT/amr-team-bot/build/robile_control_simple/prefix_override:/usr/lib/python3/dist-packages/colcon_core/task/python/colcon_distutils_commands:/home/ashraful/HBRS/AMR/AMR_PROJECT/amr-team-bot/install/robile_control_simple/lib/python3.10/site-packages:/opt/ros/humble/lib/python3.10/site-packages:/opt/ros/humble/local/lib/python3.10/dist-packages', 'LC_NUMERIC': 'de_DE.UTF-8', 'LC_PAPER': 'de_DE.UTF-8', 'COLCON': '1', 'VTE_VERSION': '6800'}, 'shell': False}
[14.684906] (robile_interfaces) CommandEnded: {'returncode': 0}
[14.694980] (robile_interfaces) JobProgress: {'identifier': 'robile_interfaces', 'progress': 'install'}
[14.695696] (robile_interfaces) Command: {'cmd': ['/usr/bin/cmake', '--install', '/home/ashraful/HBRS/AMR/AMR_PROJECT/amr-team-bot/build/robile_interfaces'], 'cwd': '/home/ashraful/HBRS/AMR/AMR_PROJECT/amr-team-bot/build/robile_interfaces', 'env': OrderedDict([('LESSOPEN', '| /usr/bin/lesspipe %s'), ('USER', 'ashraful'), ('LC_TIME', 'de_DE.UTF-8'), ('XDG_SESSION_TYPE', 'wayland'), ('SHLVL', '1'), ('LD_LIBRARY_PATH', '/usr/lib/x86_64-linux-gnu/gazebo-11/plugins:/opt/ros/humble/opt/rviz_ogre_vendor/lib:/opt/ros/humble/lib/x86_64-linux-gnu:/opt/ros/humble/lib:/home/ashraful/.mujoco/mujoco-3.9.0/lib:/home/ashraful/.mujoco/mujoco-3.9.0/lib'), ('HOME', '/home/ashraful'), ('OLDPWD', '/home/ashraful/HBRS/AMR/AMR_PROJECT/amr-team-bot/src'), ('DESKTOP_SESSION', 'ubuntu'), ('ROS_PYTHON_VERSION', '3'), ('GNOME_SHELL_SESSION_MODE', 'ubuntu'), ('GTK_MODULES', 'gail:atk-bridge'), ('LC_MONETARY', 'de_DE.UTF-8'), ('MANAGERPID', '1723'), ('SYSTEMD_EXEC_PID', '2083'), ('DBUS_SESSION_BUS_ADDRESS', 'unix:path=/run/user/1000/bus'), ('COLORTERM', 'truecolor'), ('TERMINATOR_DBUS_NAME', 'net.tenshu.Terminator25ef4b219e3b005583550f2b0f9f990c3'), ('GIO_LAUNCHED_DESKTOP_FILE_PID', '87784'), ('IM_CONFIG_PHASE', '1'), ('WAYLAND_DISPLAY', 'wayland-0'), ('ROS_DISTRO', 'humble'), ('LOGNAME', 'ashraful'), ('JOURNAL_STREAM', '8:20533'), ('_', '/usr/bin/colcon'), ('ROS_VERSION', '2'), ('XDG_SESSION_CLASS', 'user'), ('USERNAME', 'ashraful'), ('TERM', 'xterm-256color'), ('GNOME_DESKTOP_SESSION_ID', 'this-is-deprecated'), ('ROS_LOCALHOST_ONLY', '0'), ('PATH', '/opt/ros/humble/bin:/home/ashraful/.local/bin:/usr/local/sbin:/usr/local/bin:/usr/sbin:/usr/bin:/sbin:/bin:/usr/games:/usr/local/games:/snap/bin:/snap/bin:/home/ashraful/.mujoco/mujoco-3.9.0/bin'), ('SESSION_MANAGER', 'local/ashraful:@/tmp/.ICE-unix/1865,unix/ashraful:/tmp/.ICE-unix/1865'), ('INVOCATION_ID', '8220aff1741a4be28484ee2ff67f3009'), ('XDG_MENU_PREFIX', 'gnome-'), ('LC_ADDRESS', 'de_DE.UTF-8'), ('GNOME_SETUP_DISPLAY', ':1'), ('XDG_RUNTIME_DIR', '/run/user/1000'), ('DISPLAY', ':0'), ('TERMINATOR_DBUS_PATH', '/net/tenshu/Terminator2'), ('LANG', 'en_US.UTF-8'), ('XDG_CURRENT_DESKTOP', 'ubuntu:GNOME'), ('IBUS_DISABLE_SNOOPER', '1'), ('LC_TELEPHONE', 'de_DE.UTF-8'), ('XMODIFIERS', '@im=ibus'), ('XDG_SESSION_DESKTOP', 'ubuntu'), ('XAUTHORITY', '/run/user/1000/.mutter-Xwaylandauth.RE1JW3'), ('LS_COLORS', 'rs=0:di=01;34:ln=01;36:mh=00:pi=40;33:so=01;35:do=01;35:bd=40;33;01:cd=40;33;01:or=40;31;01:mi=00:su=37;41:sg=30;43:ca=30;41:tw=30;42:ow=34;42:st=37;44:ex=01;32:*.tar=01;31:*.tgz=01;31:*.arc=01;31:*.arj=01;31:*.taz=01;31:*.lha=01;31:*.lz4=01;31:*.lzh=01;31:*.lzma=01;31:*.tlz=01;31:*.txz=01;31:*.tzo=01;31:*.t7z=01;31:*.zip=01;31:*.z=01;31:*.dz=01;31:*.gz=01;31:*.lrz=01;31:*.lz=01;31:*.lzo=01;31:*.xz=01;31:*.zst=01;31:*.tzst=01;31:*.bz2=01;31:*.bz=01;31:*.tbz=01;31:*.tbz2=01;31:*.tz=01;31:*.deb=01;31:*.rpm=01;31:*.jar=01;31:*.war=01;31:*.ear=01;31:*.sar=01;31:*.rar=01;31:*.alz=01;31:*.ace=01;31:*.zoo=01;31:*.cpio=01;31:*.7z=01;31:*.rz=01;31:*.cab=01;31:*.wim=01;31:*.swm=01;31:*.dwm=01;31:*.esd=01;31:*.jpg=01;35:*.jpeg=01;35:*.mjpg=01;35:*.mjpeg=01;35:*.gif=01;35:*.bmp=01;35:*.pbm=01;35:*.pgm=01;35:*.ppm=01;35:*.tga=01;35:*.xbm=01;35:*.xpm=01;35:*.tif=01;35:*.tiff=01;35:*.png=01;35:*.svg=01;35:*.svgz=01;35:*.mng=01;35:*.pcx=01;35:*.mov=01;35:*.mpg=01;35:*.mpeg=01;35:*.m2v=01;35:*.mkv=01;35:*.webm=01;35:*.webp=01;35:*.ogm=01;35:*.mp4=01;35:*.m4v=01;35:*.mp4v=01;35:*.vob=01;35:*.qt=01;35:*.nuv=01;35:*.wmv=01;35:*.asf=01;35:*.rm=01;35:*.rmvb=01;35:*.flc=01;35:*.avi=01;35:*.fli=01;35:*.flv=01;35:*.gl=01;35:*.dl=01;35:*.xcf=01;35:*.xwd=01;35:*.yuv=01;35:*.cgm=01;35:*.emf=01;35:*.ogv=01;35:*.ogx=01;35:*.aac=00;36:*.au=00;36:*.flac=00;36:*.m4a=00;36:*.mid=00;36:*.midi=00;36:*.mka=00;36:*.mp3=00;36:*.mpc=00;36:*.ogg=00;36:*.ra=00;36:*.wav=00;36:*.oga=00;36:*.opus=00;36:*.spx=00;36:*.xspf=00;36:'), ('SSH_AGENT_LAUNCHER', 'gnome-keyring'), ('SSH_AUTH_SOCK', '/run/user/1000/keyring/ssh'), ('AMENT_PREFIX_PATH', '/opt/ros/humble'), ('SHELL', '/bin/bash'), ('LC_NAME', 'de_DE.UTF-8'), ('TERMINATOR_UUID', 'urn:uuid:1c72cd59-31a6-4f1a-b61b-5502cd39b2d2'), ('QT_ACCESSIBILITY', '1'), ('GDMSESSION', 'ubuntu'), ('LESSCLOSE', '/usr/bin/lesspipe %s %s'), ('LC_MEASUREMENT', 'de_DE.UTF-8'), ('LC_IDENTIFICATION', 'de_DE.UTF-8'), ('QT_IM_MODULE', 'ibus'), ('PWD', '/home/ashraful/HBRS/AMR/AMR_PROJECT/amr-team-bot/build/robile_interfaces'), ('XDG_CONFIG_DIRS', '/etc/xdg/xdg-ubuntu:/etc/xdg'), ('XDG_DATA_DIRS', '/usr/share/ubuntu:/usr/local/share/:/usr/share/:/var/lib/snapd/desktop'), ('PYTHONPATH', '/opt/ros/humble/lib/python3.10/site-packages:/opt/ros/humble/local/lib/python3.10/dist-packages'), ('LC_NUMERIC', 'de_DE.UTF-8'), ('LC_PAPER', 'de_DE.UTF-8'), ('COLCON', '1'), ('VTE_VERSION', '6800'), ('CMAKE_PREFIX_PATH', '/opt/ros/humble')]), 'shell': False}
[14.699546] (wavefront) JobStarted: {'identifier': 'wavefront'}
[14.706824] (-) TimerEvent: {}
[14.718406] (robile_gazebo) JobStarted: {'identifier': 'robile_gazebo'}
[14.764610] (robile_interfaces) StdoutLine: {'line': b'-- Install configuration: ""\n'}
[14.765112] (robile_interfaces) StdoutLine: {'line': b'-- Execute custom install script\n'}
[14.782287] (robile_interfaces) StdoutLine: {'line': b'-- Up-to-date symlink: /home/ashraful/HBRS/AMR/AMR_PROJECT/amr-team-bot/install/robile_interfaces/share/ament_index/resource_index/rosidl_interfaces/robile_interfaces\n'}
[14.795911] (robile_interfaces) StdoutLine: {'line': b'-- Up-to-date symlink: /home/ashraful/HBRS/AMR/AMR_PROJECT/amr-team-bot/install/robile_interfaces/include/robile_interfaces/robile_interfaces/msg/detail/position_labelled__functions.h\n'}
[14.796532] (robile_interfaces) StdoutLine: {'line': b'-- Up-to-date symlink: /home/ashraful/HBRS/AMR/AMR_PROJECT/amr-team-bot/install/robile_interfaces/include/robile_interfaces/robile_interfaces/msg/detail/position_labelled__struct.h\n'}
[14.796785] (robile_interfaces) StdoutLine: {'line': b'-- Up-to-date symlink: /home/ashraful/HBRS/AMR/AMR_PROJECT/amr-team-bot/install/robile_interfaces/include/robile_interfaces/robile_interfaces/msg/detail/position_labelled__type_support.h\n'}
[14.796978] (robile_interfaces) StdoutLine: {'line': b'-- Up-to-date symlink: /home/ashraful/HBRS/AMR/AMR_PROJECT/amr-team-bot/install/robile_interfaces/include/robile_interfaces/robile_interfaces/msg/detail/position_labelled_array__functions.h\n'}
[14.797182] (robile_interfaces) StdoutLine: {'line': b'-- Up-to-date symlink: /home/ashraful/HBRS/AMR/AMR_PROJECT/amr-team-bot/install/robile_interfaces/include/robile_interfaces/robile_interfaces/msg/detail/position_labelled_array__struct.h\n'}
[14.798074] (robile_interfaces) StdoutLine: {'line': b'-- Up-to-date symlink: /home/ashraful/HBRS/AMR/AMR_PROJECT/amr-team-bot/install/robile_interfaces/include/robile_interfaces/robile_interfaces/msg/detail/position_labelled_array__type_support.h\n'}
[14.810133] (-) TimerEvent: {}
[14.810933] (robile_interfaces) StdoutLine: {'line': b'-- Up-to-date symlink: /home/ashraful/HBRS/AMR/AMR_PROJECT/amr-team-bot/install/robile_interfaces/include/robile_interfaces/robile_interfaces/msg/position_labelled.h\n'}
[14.814743] (robile_interfaces) StdoutLine: {'line': b'-- Up-to-date symlink: /home/ashraful/HBRS/AMR/AMR_PROJECT/amr-team-bot/install/robile_interfaces/include/robile_interfaces/robile_interfaces/msg/position_labelled_array.h\n'}
[14.815081] (robile_interfaces) StdoutLine: {'line': b'-- Up-to-date symlink: /home/ashraful/HBRS/AMR/AMR_PROJECT/amr-team-bot/install/robile_interfaces/include/robile_interfaces/robile_interfaces/msg/rosidl_generator_c__visibility_control.h\n'}
[14.815303] (robile_interfaces) StdoutLine: {'line': b'-- Up-to-date symlink: /home/ashraful/HBRS/AMR/AMR_PROJECT/amr-team-bot/install/robile_interfaces/share/robile_interfaces/environment/library_path.sh\n'}
[14.816255] (robile_interfaces) StdoutLine: {'line': b'-- Up-to-date symlink: /home/ashraful/HBRS/AMR/AMR_PROJECT/amr-team-bot/install/robile_interfaces/share/robile_interfaces/environment/library_path.dsv\n'}
[14.817307] (robile_interfaces) StdoutLine: {'line': b'-- Up-to-date symlink: /home/ashraful/HBRS/AMR/AMR_PROJECT/amr-team-bot/install/robile_interfaces/include/robile_interfaces/robile_interfaces/msg/detail/position_labelled__rosidl_typesupport_fastrtps_c.h\n'}
[14.818000] (robile_interfaces) StdoutLine: {'line': b'-- Up-to-date symlink: /home/ashraful/HBRS/AMR/AMR_PROJECT/amr-team-bot/install/robile_interfaces/include/robile_interfaces/robile_interfaces/msg/detail/position_labelled_array__rosidl_typesupport_fastrtps_c.h\n'}
[14.818583] (robile_interfaces) StdoutLine: {'line': b'-- Up-to-date symlink: /home/ashraful/HBRS/AMR/AMR_PROJECT/amr-team-bot/install/robile_interfaces/include/robile_interfaces/robile_interfaces/msg/rosidl_typesupport_fastrtps_c__visibility_control.h\n'}
[14.819813] (robile_interfaces) StdoutLine: {'line': b'-- Up-to-date symlink: /home/ashraful/HBRS/AMR/AMR_PROJECT/amr-team-bot/install/robile_interfaces/include/robile_interfaces/robile_interfaces/msg/detail/position_labelled__builder.hpp\n'}
[14.820017] (robile_interfaces) StdoutLine: {'line': b'-- Up-to-date symlink: /home/ashraful/HBRS/AMR/AMR_PROJECT/amr-team-bot/install/robile_interfaces/include/robile_interfaces/robile_interfaces/msg/detail/position_labelled__struct.hpp\n'}
[14.820225] (robile_interfaces) StdoutLine: {'line': b'-- Up-to-date symlink: /home/ashraful/HBRS/AMR/AMR_PROJECT/amr-team-bot/install/robile_interfaces/include/robile_interfaces/robile_interfaces/msg/detail/position_labelled__traits.hpp\n'}
[14.827412] (robile_interfaces) StdoutLine: {'line': b'-- Up-to-date symlink: /home/ashraful/HBRS/AMR/AMR_PROJECT/amr-team-bot/install/robile_interfaces/include/robile_interfaces/robile_interfaces/msg/detail/position_labelled__type_support.hpp\n'}
[14.827731] (robile_interfaces) StdoutLine: {'line': b'-- Up-to-date symlink: /home/ashraful/HBRS/AMR/AMR_PROJECT/amr-team-bot/install/robile_interfaces/include/robile_interfaces/robile_interfaces/msg/detail/position_labelled_array__builder.hpp\n'}
[14.827949] (robile_interfaces) StdoutLine: {'line': b'-- Up-to-date symlink: /home/ashraful/HBRS/AMR/AMR_PROJECT/amr-team-bot/install/robile_interfaces/include/robile_interfaces/robile_interfaces/msg/detail/position_labelled_array__struct.hpp\n'}
[14.828145] (robile_interfaces) StdoutLine: {'line': b'-- Up-to-date symlink: /home/ashraful/HBRS/AMR/AMR_PROJECT/amr-team-bot/install/robile_interfaces/include/robile_interfaces/robile_interfaces/msg/detail/position_labelled_array__traits.hpp\n'}
[14.828333] (robile_interfaces) StdoutLine: {'line': b'-- Up-to-date symlink: /home/ashraful/HBRS/AMR/AMR_PROJECT/amr-team-bot/install/robile_interfaces/include/robile_interfaces/robile_interfaces/msg/detail/position_labelled_array__type_support.hpp\n'}
[14.828536] (robile_interfaces) StdoutLine: {'line': b'-- Up-to-date symlink: /home/ashraful/HBRS/AMR/AMR_PROJECT/amr-team-bot/install/robile_interfaces/include/robile_interfaces/robile_interfaces/msg/position_labelled.hpp\n'}
[14.828736] (robile_interfaces) StdoutLine: {'line': b'-- Up-to-date symlink: /home/ashraful/HBRS/AMR/AMR_PROJECT/amr-team-bot/install/robile_interfaces/include/robile_interfaces/robile_interfaces/msg/position_labelled_array.hpp\n'}
[14.828929] (robile_interfaces) StdoutLine: {'line': b'-- Up-to-date symlink: /home/ashraful/HBRS/AMR/AMR_PROJECT/amr-team-bot/install/robile_interfaces/include/robile_interfaces/robile_interfaces/msg/rosidl_generator_cpp__visibility_control.hpp\n'}
[14.829165] (robile_interfaces) StdoutLine: {'line': b'-- Up-to-date symlink: /home/ashraful/HBRS/AMR/AMR_PROJECT/amr-team-bot/install/robile_interfaces/include/robile_interfaces/robile_interfaces/msg/detail/position_labelled__rosidl_typesupport_fastrtps_cpp.hpp\n'}
[14.829381] (robile_interfaces) StdoutLine: {'line': b'-- Up-to-date symlink: /home/ashraful/HBRS/AMR/AMR_PROJECT/amr-team-bot/install/robile_interfaces/include/robile_interfaces/robile_interfaces/msg/detail/position_labelled_array__rosidl_typesupport_fastrtps_cpp.hpp\n'}
[14.842443] (robile_interfaces) StdoutLine: {'line': b'-- Up-to-date symlink: /home/ashraful/HBRS/AMR/AMR_PROJECT/amr-team-bot/install/robile_interfaces/include/robile_interfaces/robile_interfaces/msg/rosidl_typesupport_fastrtps_cpp__visibility_control.h\n'}
[14.842886] (robile_interfaces) StdoutLine: {'line': b'-- Up-to-date symlink: /home/ashraful/HBRS/AMR/AMR_PROJECT/amr-team-bot/install/robile_interfaces/include/robile_interfaces/robile_interfaces/msg/detail/position_labelled__rosidl_typesupport_introspection_c.h\n'}
[14.843089] (robile_interfaces) StdoutLine: {'line': b'-- Up-to-date symlink: /home/ashraful/HBRS/AMR/AMR_PROJECT/amr-team-bot/install/robile_interfaces/include/robile_interfaces/robile_interfaces/msg/detail/position_labelled_array__rosidl_typesupport_introspection_c.h\n'}
[14.843271] (robile_interfaces) StdoutLine: {'line': b'-- Up-to-date symlink: /home/ashraful/HBRS/AMR/AMR_PROJECT/amr-team-bot/install/robile_interfaces/include/robile_interfaces/robile_interfaces/msg/rosidl_typesupport_introspection_c__visibility_control.h\n'}
[14.843450] (robile_interfaces) StdoutLine: {'line': b'-- Up-to-date symlink: /home/ashraful/HBRS/AMR/AMR_PROJECT/amr-team-bot/install/robile_interfaces/include/robile_interfaces/robile_interfaces/msg/detail/position_labelled__rosidl_typesupport_introspection_cpp.hpp\n'}
[14.843645] (robile_interfaces) StdoutLine: {'line': b'-- Up-to-date symlink: /home/ashraful/HBRS/AMR/AMR_PROJECT/amr-team-bot/install/robile_interfaces/include/robile_interfaces/robile_interfaces/msg/detail/position_labelled_array__rosidl_typesupport_introspection_cpp.hpp\n'}
[14.843850] (robile_interfaces) StdoutLine: {'line': b'-- Up-to-date symlink: /home/ashraful/HBRS/AMR/AMR_PROJECT/amr-team-bot/install/robile_interfaces/share/robile_interfaces/environment/pythonpath.sh\n'}
[14.844026] (robile_interfaces) StdoutLine: {'line': b'-- Up-to-date symlink: /home/ashraful/HBRS/AMR/AMR_PROJECT/amr-team-bot/install/robile_interfaces/share/robile_interfaces/environment/pythonpath.dsv\n'}
[14.844201] (robile_interfaces) StdoutLine: {'line': b'-- Up-to-date symlink: /home/ashraful/HBRS/AMR/AMR_PROJECT/amr-team-bot/install/robile_interfaces/local/lib/python3.10/dist-packages/robile_interfaces-0.0.0-py3.10.egg-info/PKG-INFO\n'}
[14.844379] (robile_interfaces) StdoutLine: {'line': b'-- Up-to-date symlink: /home/ashraful/HBRS/AMR/AMR_PROJECT/amr-team-bot/install/robile_interfaces/local/lib/python3.10/dist-packages/robile_interfaces-0.0.0-py3.10.egg-info/SOURCES.txt\n'}
[14.844607] (robile_interfaces) StdoutLine: {'line': b'-- Up-to-date symlink: /home/ashraful/HBRS/AMR/AMR_PROJECT/amr-team-bot/install/robile_interfaces/local/lib/python3.10/dist-packages/robile_interfaces-0.0.0-py3.10.egg-info/dependency_links.txt\n'}
[14.844792] (robile_interfaces) StdoutLine: {'line': b'-- Up-to-date symlink: /home/ashraful/HBRS/AMR/AMR_PROJECT/amr-team-bot/install/robile_interfaces/local/lib/python3.10/dist-packages/robile_interfaces-0.0.0-py3.10.egg-info/top_level.txt\n'}
[14.844963] (robile_interfaces) StdoutLine: {'line': b'-- Up-to-date symlink: /home/ashraful/HBRS/AMR/AMR_PROJECT/amr-team-bot/install/robile_interfaces/local/lib/python3.10/dist-packages/robile_interfaces/__init__.py\n'}
[14.845133] (robile_interfaces) StdoutLine: {'line': b'-- Up-to-date symlink: /home/ashraful/HBRS/AMR/AMR_PROJECT/amr-team-bot/install/robile_interfaces/local/lib/python3.10/dist-packages/robile_interfaces/_robile_interfaces_s.ep.rosidl_typesupport_c.c\n'}
[14.845303] (robile_interfaces) StdoutLine: {'line': b'-- Up-to-date symlink: /home/ashraful/HBRS/AMR/AMR_PROJECT/amr-team-bot/install/robile_interfaces/local/lib/python3.10/dist-packages/robile_interfaces/_robile_interfaces_s.ep.rosidl_typesupport_fastrtps_c.c\n'}
[14.855498] (robile_interfaces) StdoutLine: {'line': b'-- Up-to-date symlink: /home/ashraful/HBRS/AMR/AMR_PROJECT/amr-team-bot/install/robile_interfaces/local/lib/python3.10/dist-packages/robile_interfaces/_robile_interfaces_s.ep.rosidl_typesupport_introspection_c.c\n'}
[14.856351] (robile_interfaces) StdoutLine: {'line': b'-- Up-to-date symlink: /home/ashraful/HBRS/AMR/AMR_PROJECT/amr-team-bot/install/robile_interfaces/local/lib/python3.10/dist-packages/robile_interfaces/librobile_interfaces__rosidl_generator_py.so\n'}
[14.857246] (robile_interfaces) StdoutLine: {'line': b'-- Up-to-date symlink: /home/ashraful/HBRS/AMR/AMR_PROJECT/amr-team-bot/install/robile_interfaces/local/lib/python3.10/dist-packages/robile_interfaces/msg/__init__.py\n'}
[14.862013] (robile_interfaces) StdoutLine: {'line': b'-- Up-to-date symlink: /home/ashraful/HBRS/AMR/AMR_PROJECT/amr-team-bot/install/robile_interfaces/local/lib/python3.10/dist-packages/robile_interfaces/msg/_position_labelled.py\n'}
[14.862284] (robile_interfaces) StdoutLine: {'line': b'-- Up-to-date symlink: /home/ashraful/HBRS/AMR/AMR_PROJECT/amr-team-bot/install/robile_interfaces/local/lib/python3.10/dist-packages/robile_interfaces/msg/_position_labelled_array.py\n'}
[14.863967] (robile_interfaces) StdoutLine: {'line': b'-- Up-to-date symlink: /home/ashraful/HBRS/AMR/AMR_PROJECT/amr-team-bot/install/robile_interfaces/local/lib/python3.10/dist-packages/robile_interfaces/msg/_position_labelled_array_s.c\n'}
[14.864324] (robile_interfaces) StdoutLine: {'line': b'-- Up-to-date symlink: /home/ashraful/HBRS/AMR/AMR_PROJECT/amr-team-bot/install/robile_interfaces/local/lib/python3.10/dist-packages/robile_interfaces/msg/_position_labelled_s.c\n'}
[14.864999] (robile_interfaces) StdoutLine: {'line': b'-- Up-to-date symlink: /home/ashraful/HBRS/AMR/AMR_PROJECT/amr-team-bot/install/robile_interfaces/local/lib/python3.10/dist-packages/robile_interfaces/robile_interfaces_s__rosidl_typesupport_c.cpython-310-x86_64-linux-gnu.so\n'}
[14.865528] (robile_interfaces) StdoutLine: {'line': b'-- Up-to-date symlink: /home/ashraful/HBRS/AMR/AMR_PROJECT/amr-team-bot/install/robile_interfaces/local/lib/python3.10/dist-packages/robile_interfaces/robile_interfaces_s__rosidl_typesupport_fastrtps_c.cpython-310-x86_64-linux-gnu.so\n'}
[14.865748] (robile_interfaces) StdoutLine: {'line': b'-- Up-to-date symlink: /home/ashraful/HBRS/AMR/AMR_PROJECT/amr-team-bot/install/robile_interfaces/local/lib/python3.10/dist-packages/robile_interfaces/robile_interfaces_s__rosidl_typesupport_introspection_c.cpython-310-x86_64-linux-gnu.so\n'}
[14.865953] (robile_interfaces) StdoutLine: {'line': b'-- Up-to-date symlink: /home/ashraful/HBRS/AMR/AMR_PROJECT/amr-team-bot/install/robile_interfaces/local/lib/python3.10/dist-packages/robile_interfaces/robile_interfaces_s__rosidl_typesupport_fastrtps_c.cpython-310-x86_64-linux-gnu.so\n'}
[14.866136] (robile_interfaces) StdoutLine: {'line': b'-- Up-to-date symlink: /home/ashraful/HBRS/AMR/AMR_PROJECT/amr-team-bot/install/robile_interfaces/local/lib/python3.10/dist-packages/robile_interfaces/robile_interfaces_s__rosidl_typesupport_introspection_c.cpython-310-x86_64-linux-gnu.so\n'}
[14.866308] (robile_interfaces) StdoutLine: {'line': b'-- Up-to-date symlink: /home/ashraful/HBRS/AMR/AMR_PROJECT/amr-team-bot/install/robile_interfaces/local/lib/python3.10/dist-packages/robile_interfaces/robile_interfaces_s__rosidl_typesupport_c.cpython-310-x86_64-linux-gnu.so\n'}
[14.866485] (robile_interfaces) StdoutLine: {'line': b'-- Up-to-date symlink: /home/ashraful/HBRS/AMR/AMR_PROJECT/amr-team-bot/install/robile_interfaces/share/ament_index/resource_index/rust_packages/robile_interfaces\n'}
[14.866669] (robile_interfaces) StdoutLine: {'line': b'-- Up-to-date symlink: /home/ashraful/HBRS/AMR/AMR_PROJECT/amr-team-bot/install/robile_interfaces/share/robile_interfaces/rust/Cargo.toml\n'}
[14.866833] (robile_interfaces) StdoutLine: {'line': b'-- Up-to-date symlink: /home/ashraful/HBRS/AMR/AMR_PROJECT/amr-team-bot/install/robile_interfaces/share/robile_interfaces/rust/build.rs\n'}
[14.866997] (robile_interfaces) StdoutLine: {'line': b'-- Up-to-date symlink: /home/ashraful/HBRS/AMR/AMR_PROJECT/amr-team-bot/install/robile_interfaces/share/robile_interfaces/rust/src/lib.rs\n'}
[14.867182] (robile_interfaces) StdoutLine: {'line': b'-- Up-to-date symlink: /home/ashraful/HBRS/AMR/AMR_PROJECT/amr-team-bot/install/robile_interfaces/share/robile_interfaces/rust/src/msg.rs\n'}
[14.867341] (robile_interfaces) StdoutLine: {'line': b'-- Up-to-date symlink: /home/ashraful/HBRS/AMR/AMR_PROJECT/amr-team-bot/install/robile_interfaces/share/robile_interfaces/rust/src/msg/rmw.rs\n'}
[14.871702] (robile_interfaces) StdoutLine: {'line': b'-- Up-to-date symlink: /home/ashraful/HBRS/AMR/AMR_PROJECT/amr-team-bot/install/robile_interfaces/share/robile_interfaces/msg/PositionLabelled.idl\n'}
[14.872032] (robile_interfaces) StdoutLine: {'line': b'-- Up-to-date symlink: /home/ashraful/HBRS/AMR/AMR_PROJECT/amr-team-bot/install/robile_interfaces/share/robile_interfaces/msg/PositionLabelledArray.idl\n'}
[14.872235] (robile_interfaces) StdoutLine: {'line': b'-- Up-to-date symlink: /home/ashraful/HBRS/AMR/AMR_PROJECT/amr-team-bot/install/robile_interfaces/share/robile_interfaces/msg/PositionLabelled.msg\n'}
[14.872494] (robile_interfaces) StdoutLine: {'line': b'-- Up-to-date symlink: /home/ashraful/HBRS/AMR/AMR_PROJECT/amr-team-bot/install/robile_interfaces/share/robile_interfaces/msg/PositionLabelledArray.msg\n'}
[14.872704] (robile_interfaces) StdoutLine: {'line': b'-- Up-to-date symlink: /home/ashraful/HBRS/AMR/AMR_PROJECT/amr-team-bot/install/robile_interfaces/share/ament_index/resource_index/package_run_dependencies/robile_interfaces\n'}
[14.872906] (robile_interfaces) StdoutLine: {'line': b'-- Up-to-date symlink: /home/ashraful/HBRS/AMR/AMR_PROJECT/amr-team-bot/install/robile_interfaces/share/ament_index/resource_index/parent_prefix_path/robile_interfaces\n'}
[14.873137] (robile_bringup) CommandEnded: {'returncode': 0}
[14.874675] (robile_interfaces) StdoutLine: {'line': b'-- Up-to-date symlink: /home/ashraful/HBRS/AMR/AMR_PROJECT/amr-team-bot/install/robile_interfaces/share/robile_interfaces/environment/ament_prefix_path.sh\n'}
[14.874979] (robile_bringup) Command: {'cmd': ['/usr/bin/python3', '-W', 'ignore:setup.py install is deprecated', '-W', 'ignore:easy_install command is deprecated', 'setup.py', 'egg_info', '--egg-base', '../../../build/robile_bringup', 'build', '--build-base', '/home/ashraful/HBRS/AMR/AMR_PROJECT/amr-team-bot/build/robile_bringup/build', 'install', '--record', '/home/ashraful/HBRS/AMR/AMR_PROJECT/amr-team-bot/build/robile_bringup/install.log', '--install-scripts', '$base/lib/robile_bringup', '--single-version-externally-managed', 'install_data', '--force'], 'cwd': '/home/ashraful/HBRS/AMR/AMR_PROJECT/amr-team-bot/src/Robile/robile_bringup', 'env': {'LESSOPEN': '| /usr/bin/lesspipe %s', 'USER': 'ashraful', 'LC_TIME': 'de_DE.UTF-8', 'XDG_SESSION_TYPE': 'wayland', 'SHLVL': '1', 'LD_LIBRARY_PATH': '/usr/lib/x86_64-linux-gnu/gazebo-11/plugins:/opt/ros/humble/opt/rviz_ogre_vendor/lib:/opt/ros/humble/lib/x86_64-linux-gnu:/opt/ros/humble/lib:/home/ashraful/.mujoco/mujoco-3.9.0/lib:/home/ashraful/.mujoco/mujoco-3.9.0/lib', 'HOME': '/home/ashraful', 'OLDPWD': '/home/ashraful/HBRS/AMR/AMR_PROJECT/amr-team-bot/src', 'DESKTOP_SESSION': 'ubuntu', 'ROS_PYTHON_VERSION': '3', 'GNOME_SHELL_SESSION_MODE': 'ubuntu', 'GTK_MODULES': 'gail:atk-bridge', 'LC_MONETARY': 'de_DE.UTF-8', 'MANAGERPID': '1723', 'SYSTEMD_EXEC_PID': '2083', 'DBUS_SESSION_BUS_ADDRESS': 'unix:path=/run/user/1000/bus', 'COLORTERM': 'truecolor', 'TERMINATOR_DBUS_NAME': 'net.tenshu.Terminator25ef4b219e3b005583550f2b0f9f990c3', 'GIO_LAUNCHED_DESKTOP_FILE_PID': '87784', 'IM_CONFIG_PHASE': '1', 'WAYLAND_DISPLAY': 'wayland-0', 'ROS_DISTRO': 'humble', 'LOGNAME': 'ashraful', 'JOURNAL_STREAM': '8:20533', '_': '/usr/bin/colcon', 'ROS_VERSION': '2', 'XDG_SESSION_CLASS': 'user', 'USERNAME': 'ashraful', 'TERM': 'xterm-256color', 'GNOME_DESKTOP_SESSION_ID': 'this-is-deprecated', 'ROS_LOCALHOST_ONLY': '0', 'PATH': '/opt/ros/humble/bin:/home/ashraful/.local/bin:/usr/local/sbin:/usr/local/bin:/usr/sbin:/usr/bin:/sbin:/bin:/usr/games:/usr/local/games:/snap/bin:/snap/bin:/home/ashraful/.mujoco/mujoco-3.9.0/bin', 'SESSION_MANAGER': 'local/ashraful:@/tmp/.ICE-unix/1865,unix/ashraful:/tmp/.ICE-unix/1865', 'INVOCATION_ID': '8220aff1741a4be28484ee2ff67f3009', 'XDG_MENU_PREFIX': 'gnome-', 'LC_ADDRESS': 'de_DE.UTF-8', 'GNOME_SETUP_DISPLAY': ':1', 'XDG_RUNTIME_DIR': '/run/user/1000', 'DISPLAY': ':0', 'TERMINATOR_DBUS_PATH': '/net/tenshu/Terminator2', 'LANG': 'en_US.UTF-8', 'XDG_CURRENT_DESKTOP': 'ubuntu:GNOME', 'IBUS_DISABLE_SNOOPER': '1', 'LC_TELEPHONE': 'de_DE.UTF-8', 'XMODIFIERS': '@im=ibus', 'XDG_SESSION_DESKTOP': 'ubuntu', 'XAUTHORITY': '/run/user/1000/.mutter-Xwaylandauth.RE1JW3', 'LS_COLORS': 'rs=0:di=01;34:ln=01;36:mh=00:pi=40;33:so=01;35:do=01;35:bd=40;33;01:cd=40;33;01:or=40;31;01:mi=00:su=37;41:sg=30;43:ca=30;41:tw=30;42:ow=34;42:st=37;44:ex=01;32:*.tar=01;31:*.tgz=01;31:*.arc=01;31:*.arj=01;31:*.taz=01;31:*.lha=01;31:*.lz4=01;31:*.lzh=01;31:*.lzma=01;31:*.tlz=01;31:*.txz=01;31:*.tzo=01;31:*.t7z=01;31:*.zip=01;31:*.z=01;31:*.dz=01;31:*.gz=01;31:*.lrz=01;31:*.lz=01;31:*.lzo=01;31:*.xz=01;31:*.zst=01;31:*.tzst=01;31:*.bz2=01;31:*.bz=01;31:*.tbz=01;31:*.tbz2=01;31:*.tz=01;31:*.deb=01;31:*.rpm=01;31:*.jar=01;31:*.war=01;31:*.ear=01;31:*.sar=01;31:*.rar=01;31:*.alz=01;31:*.ace=01;31:*.zoo=01;31:*.cpio=01;31:*.7z=01;31:*.rz=01;31:*.cab=01;31:*.wim=01;31:*.swm=01;31:*.dwm=01;31:*.esd=01;31:*.jpg=01;35:*.jpeg=01;35:*.mjpg=01;35:*.mjpeg=01;35:*.gif=01;35:*.bmp=01;35:*.pbm=01;35:*.pgm=01;35:*.ppm=01;35:*.tga=01;35:*.xbm=01;35:*.xpm=01;35:*.tif=01;35:*.tiff=01;35:*.png=01;35:*.svg=01;35:*.svgz=01;35:*.mng=01;35:*.pcx=01;35:*.mov=01;35:*.mpg=01;35:*.mpeg=01;35:*.m2v=01;35:*.mkv=01;35:*.webm=01;35:*.webp=01;35:*.ogm=01;35:*.mp4=01;35:*.m4v=01;35:*.mp4v=01;35:*.vob=01;35:*.qt=01;35:*.nuv=01;35:*.wmv=01;35:*.asf=01;35:*.rm=01;35:*.rmvb=01;35:*.flc=01;35:*.avi=01;35:*.fli=01;35:*.flv=01;35:*.gl=01;35:*.dl=01;35:*.xcf=01;35:*.xwd=01;35:*.yuv=01;35:*.cgm=01;35:*.emf=01;35:*.ogv=01;35:*.ogx=01;35:*.aac=00;36:*.au=00;36:*.flac=00;36:*.m4a=00;36:*.mid=00;36:*.midi=00;36:*.mka=00;36:*.mp3=00;36:*.mpc=00;36:*.ogg=00;36:*.ra=00;36:*.wav=00;36:*.oga=00;36:*.opus=00;36:*.spx=00;36:*.xspf=00;36:', 'SSH_AGENT_LAUNCHER': 'gnome-keyring', 'SSH_AUTH_SOCK': '/run/user/1000/keyring/ssh', 'AMENT_PREFIX_PATH': '/opt/ros/humble', 'SHELL': '/bin/bash', 'LC_NAME': 'de_DE.UTF-8', 'TERMINATOR_UUID': 'urn:uuid:1c72cd59-31a6-4f1a-b61b-5502cd39b2d2', 'QT_ACCESSIBILITY': '1', 'GDMSESSION': 'ubuntu', 'LESSCLOSE': '/usr/bin/lesspipe %s %s', 'LC_MEASUREMENT': 'de_DE.UTF-8', 'LC_IDENTIFICATION': 'de_DE.UTF-8', 'QT_IM_MODULE': 'ibus', 'PWD': '/home/ashraful/HBRS/AMR/AMR_PROJECT/amr-team-bot/build/robile_bringup', 'XDG_CONFIG_DIRS': '/etc/xdg/xdg-ubuntu:/etc/xdg', 'XDG_DATA_DIRS': '/usr/share/ubuntu:/usr/local/share/:/usr/share/:/var/lib/snapd/desktop', 'PYTHONPATH': '/home/ashraful/HBRS/AMR/AMR_PROJECT/amr-team-bot/build/robile_bringup/prefix_override:/usr/lib/python3/dist-packages/colcon_core/task/python/colcon_distutils_commands:/home/ashraful/HBRS/AMR/AMR_PROJECT/amr-team-bot/install/robile_bringup/lib/python3.10/site-packages:/opt/ros/humble/lib/python3.10/site-packages:/opt/ros/humble/local/lib/python3.10/dist-packages', 'LC_NUMERIC': 'de_DE.UTF-8', 'LC_PAPER': 'de_DE.UTF-8', 'COLCON': '1', 'VTE_VERSION': '6800'}, 'shell': False}
[14.876003] (potential) StdoutLine: {'line': b'Removing /home/ashraful/HBRS/AMR/AMR_PROJECT/amr-team-bot/install/potential/lib/python3.10/site-packages/potential.egg-link (link to .)\n'}
[14.876245] (robile_interfaces) StdoutLine: {'line': b'-- Up-to-date symlink: /home/ashraful/HBRS/AMR/AMR_PROJECT/amr-team-bot/install/robile_interfaces/share/robile_interfaces/environment/ament_prefix_path.dsv\n'}
[14.876436] (robile_interfaces) StdoutLine: {'line': b'-- Up-to-date symlink: /home/ashraful/HBRS/AMR/AMR_PROJECT/amr-team-bot/install/robile_interfaces/share/robile_interfaces/environment/path.sh\n'}
[14.877241] (robile_interfaces) StdoutLine: {'line': b'-- Up-to-date symlink: /home/ashraful/HBRS/AMR/AMR_PROJECT/amr-team-bot/install/robile_interfaces/share/robile_interfaces/environment/path.dsv\n'}
[14.877424] (robile_interfaces) StdoutLine: {'line': b'-- Up-to-date symlink: /home/ashraful/HBRS/AMR/AMR_PROJECT/amr-team-bot/install/robile_interfaces/share/robile_interfaces/local_setup.bash\n'}
[14.877864] (robile_interfaces) StdoutLine: {'line': b'-- Up-to-date symlink: /home/ashraful/HBRS/AMR/AMR_PROJECT/amr-team-bot/install/robile_interfaces/share/robile_interfaces/local_setup.sh\n'}
[14.878294] (robile_interfaces) StdoutLine: {'line': b'-- Up-to-date symlink: /home/ashraful/HBRS/AMR/AMR_PROJECT/amr-team-bot/install/robile_interfaces/share/robile_interfaces/local_setup.zsh\n'}
[14.879323] (robile_interfaces) StdoutLine: {'line': b'-- Up-to-date symlink: /home/ashraful/HBRS/AMR/AMR_PROJECT/amr-team-bot/install/robile_interfaces/share/robile_interfaces/local_setup.dsv\n'}
[14.879818] (robile_interfaces) StdoutLine: {'line': b'-- Symlinking: /home/ashraful/HBRS/AMR/AMR_PROJECT/amr-team-bot/install/robile_interfaces/share/robile_interfaces/package.dsv\n'}
[14.880238] (robile_interfaces) StdoutLine: {'line': b'-- Up-to-date symlink: /home/ashraful/HBRS/AMR/AMR_PROJECT/amr-team-bot/install/robile_interfaces/share/ament_index/resource_index/packages/robile_interfaces\n'}
[14.880705] (robile_interfaces) StdoutLine: {'line': b'-- Up-to-date symlink: /home/ashraful/HBRS/AMR/AMR_PROJECT/amr-team-bot/install/robile_interfaces/share/robile_interfaces/cmake/rosidl_cmake-extras.cmake\n'}
[14.881206] (robile_interfaces) StdoutLine: {'line': b'-- Up-to-date symlink: /home/ashraful/HBRS/AMR/AMR_PROJECT/amr-team-bot/install/robile_interfaces/share/robile_interfaces/cmake/ament_cmake_export_dependencies-extras.cmake\n'}
[14.881738] (robile_interfaces) StdoutLine: {'line': b'-- Up-to-date symlink: /home/ashraful/HBRS/AMR/AMR_PROJECT/amr-team-bot/install/robile_interfaces/share/robile_interfaces/cmake/ament_cmake_export_include_directories-extras.cmake\n'}
[14.882303] (robile_interfaces) StdoutLine: {'line': b'-- Up-to-date symlink: /home/ashraful/HBRS/AMR/AMR_PROJECT/amr-team-bot/install/robile_interfaces/share/robile_interfaces/cmake/ament_cmake_export_libraries-extras.cmake\n'}
[14.882807] (robile_interfaces) StdoutLine: {'line': b'-- Up-to-date symlink: /home/ashraful/HBRS/AMR/AMR_PROJECT/amr-team-bot/install/robile_interfaces/share/robile_interfaces/cmake/ament_cmake_export_targets-extras.cmake\n'}
[14.883236] (robile_interfaces) StdoutLine: {'line': b'-- Up-to-date symlink: /home/ashraful/HBRS/AMR/AMR_PROJECT/amr-team-bot/install/robile_interfaces/share/robile_interfaces/cmake/rosidl_cmake_export_typesupport_targets-extras.cmake\n'}
[14.883676] (robile_interfaces) StdoutLine: {'line': b'-- Up-to-date symlink: /home/ashraful/HBRS/AMR/AMR_PROJECT/amr-team-bot/install/robile_interfaces/share/robile_interfaces/cmake/rosidl_cmake_export_typesupport_libraries-extras.cmake\n'}
[14.884117] (robile_interfaces) StdoutLine: {'line': b'-- Symlinking: /home/ashraful/HBRS/AMR/AMR_PROJECT/amr-team-bot/install/robile_interfaces/share/robile_interfaces/cmake/rosidl_cmake_aggregate_target-extras.cmake\n'}
[14.886448] (robile_interfaces) StdoutLine: {'line': b'-- Up-to-date symlink: /home/ashraful/HBRS/AMR/AMR_PROJECT/amr-team-bot/install/robile_interfaces/share/robile_interfaces/cmake/robile_interfacesConfig.cmake\n'}
[14.887127] (robile_interfaces) StdoutLine: {'line': b'-- Up-to-date symlink: /home/ashraful/HBRS/AMR/AMR_PROJECT/amr-team-bot/install/robile_interfaces/share/robile_interfaces/cmake/robile_interfacesConfig-version.cmake\n'}
[14.887965] (robile_interfaces) StdoutLine: {'line': b'-- Up-to-date symlink: /home/ashraful/HBRS/AMR/AMR_PROJECT/amr-team-bot/install/robile_interfaces/share/robile_interfaces/package.xml\n'}
[14.899983] (robile_interfaces) StdoutLine: {'line': b'-- Installing: /home/ashraful/HBRS/AMR/AMR_PROJECT/amr-team-bot/install/robile_interfaces/lib/librobile_interfaces__rosidl_generator_c.so\n'}
[14.902647] (robile_interfaces) StdoutLine: {'line': b'-- Set runtime path of "/home/ashraful/HBRS/AMR/AMR_PROJECT/amr-team-bot/install/robile_interfaces/lib/librobile_interfaces__rosidl_generator_c.so" to ""\n'}
[14.904648] (robile_interfaces) StdoutLine: {'line': b'-- Installing: /home/ashraful/HBRS/AMR/AMR_PROJECT/amr-team-bot/install/robile_interfaces/lib/librobile_interfaces__rosidl_typesupport_fastrtps_c.so\n'}
[14.907065] (robile_interfaces) StdoutLine: {'line': b'-- Set runtime path of "/home/ashraful/HBRS/AMR/AMR_PROJECT/amr-team-bot/install/robile_interfaces/lib/librobile_interfaces__rosidl_typesupport_fastrtps_c.so" to ""\n'}
[14.911193] (-) TimerEvent: {}
[14.917083] (robile_interfaces) StdoutLine: {'line': b'-- Installing: /home/ashraful/HBRS/AMR/AMR_PROJECT/amr-team-bot/install/robile_interfaces/lib/librobile_interfaces__rosidl_typesupport_fastrtps_cpp.so\n'}
[14.920413] (robile_interfaces) StdoutLine: {'line': b'-- Set runtime path of "/home/ashraful/HBRS/AMR/AMR_PROJECT/amr-team-bot/install/robile_interfaces/lib/librobile_interfaces__rosidl_typesupport_fastrtps_cpp.so" to ""\n'}
[14.925877] (robile_interfaces) StdoutLine: {'line': b'-- Installing: /home/ashraful/HBRS/AMR/AMR_PROJECT/amr-team-bot/install/robile_interfaces/lib/librobile_interfaces__rosidl_typesupport_introspection_c.so\n'}
[14.927123] (robile_interfaces) StdoutLine: {'line': b'-- Set runtime path of "/home/ashraful/HBRS/AMR/AMR_PROJECT/amr-team-bot/install/robile_interfaces/lib/librobile_interfaces__rosidl_typesupport_introspection_c.so" to ""\n'}
[14.930302] (robile_interfaces) StdoutLine: {'line': b'-- Installing: /home/ashraful/HBRS/AMR/AMR_PROJECT/amr-team-bot/install/robile_interfaces/lib/librobile_interfaces__rosidl_typesupport_c.so\n'}
[14.932519] (robile_interfaces) StdoutLine: {'line': b'-- Set runtime path of "/home/ashraful/HBRS/AMR/AMR_PROJECT/amr-team-bot/install/robile_interfaces/lib/librobile_interfaces__rosidl_typesupport_c.so" to ""\n'}
[14.936952] (robile_interfaces) StdoutLine: {'line': b'-- Installing: /home/ashraful/HBRS/AMR/AMR_PROJECT/amr-team-bot/install/robile_interfaces/lib/librobile_interfaces__rosidl_typesupport_introspection_cpp.so\n'}
[14.945866] (robile_interfaces) StdoutLine: {'line': b'-- Set runtime path of "/home/ashraful/HBRS/AMR/AMR_PROJECT/amr-team-bot/install/robile_interfaces/lib/librobile_interfaces__rosidl_typesupport_introspection_cpp.so" to ""\n'}
[14.946273] (robile_interfaces) StdoutLine: {'line': b'-- Installing: /home/ashraful/HBRS/AMR/AMR_PROJECT/amr-team-bot/install/robile_interfaces/lib/librobile_interfaces__rosidl_typesupport_cpp.so\n'}
[14.947872] (robile_interfaces) StdoutLine: {'line': b'-- Set runtime path of "/home/ashraful/HBRS/AMR/AMR_PROJECT/amr-team-bot/install/robile_interfaces/lib/librobile_interfaces__rosidl_typesupport_cpp.so" to ""\n'}
[15.014723] (-) TimerEvent: {}
[15.075761] (robile_interfaces) StdoutLine: {'line': b"Listing '/home/ashraful/HBRS/AMR/AMR_PROJECT/amr-team-bot/install/robile_interfaces/local/lib/python3.10/dist-packages/robile_interfaces'...\n"}
[15.079298] (robile_interfaces) StdoutLine: {'line': b"Compiling '/home/ashraful/HBRS/AMR/AMR_PROJECT/amr-team-bot/install/robile_interfaces/local/lib/python3.10/dist-packages/robile_interfaces/__init__.py'...\n"}
[15.079964] (robile_interfaces) StdoutLine: {'line': b"Listing '/home/ashraful/HBRS/AMR/AMR_PROJECT/amr-team-bot/install/robile_interfaces/local/lib/python3.10/dist-packages/robile_interfaces/msg'...\n"}
[15.102207] (robile_interfaces) StdoutLine: {'line': b'-- Installing: /home/ashraful/HBRS/AMR/AMR_PROJECT/amr-team-bot/install/robile_interfaces/lib/librobile_interfaces__rosidl_generator_py.so\n'}
[15.103988] (robile_interfaces) StdoutLine: {'line': b'-- Set runtime path of "/home/ashraful/HBRS/AMR/AMR_PROJECT/amr-team-bot/install/robile_interfaces/lib/librobile_interfaces__rosidl_generator_py.so" to ""\n'}
[15.105670] (robile_interfaces) StdoutLine: {'line': b'-- Up-to-date: /home/ashraful/HBRS/AMR/AMR_PROJECT/amr-team-bot/install/robile_interfaces/share/robile_interfaces/cmake/export_robile_interfaces__rosidl_generator_cExport.cmake\n'}
[15.106021] (robile_interfaces) StdoutLine: {'line': b'-- Up-to-date: /home/ashraful/HBRS/AMR/AMR_PROJECT/amr-team-bot/install/robile_interfaces/share/robile_interfaces/cmake/export_robile_interfaces__rosidl_generator_cExport-noconfig.cmake\n'}
[15.111210] (robile_interfaces) StdoutLine: {'line': b'-- Up-to-date: /home/ashraful/HBRS/AMR/AMR_PROJECT/amr-team-bot/install/robile_interfaces/share/robile_interfaces/cmake/export_robile_interfaces__rosidl_typesupport_fastrtps_cExport.cmake\n'}
[15.111644] (robile_interfaces) StdoutLine: {'line': b'-- Up-to-date: /home/ashraful/HBRS/AMR/AMR_PROJECT/amr-team-bot/install/robile_interfaces/share/robile_interfaces/cmake/export_robile_interfaces__rosidl_typesupport_fastrtps_cExport-noconfig.cmake\n'}
[15.113458] (robile_interfaces) StdoutLine: {'line': b'-- Up-to-date: /home/ashraful/HBRS/AMR/AMR_PROJECT/amr-team-bot/install/robile_interfaces/share/robile_interfaces/cmake/export_robile_interfaces__rosidl_generator_cppExport.cmake\n'}
[15.116673] (robile_interfaces) StdoutLine: {'line': b'-- Up-to-date: /home/ashraful/HBRS/AMR/AMR_PROJECT/amr-team-bot/install/robile_interfaces/share/robile_interfaces/cmake/export_robile_interfaces__rosidl_typesupport_fastrtps_cppExport.cmake\n'}
[15.117032] (-) TimerEvent: {}
[15.126987] (robile_interfaces) StdoutLine: {'line': b'-- Up-to-date: /home/ashraful/HBRS/AMR/AMR_PROJECT/amr-team-bot/install/robile_interfaces/share/robile_interfaces/cmake/export_robile_interfaces__rosidl_typesupport_fastrtps_cppExport-noconfig.cmake\n'}
[15.127381] (robile_interfaces) StdoutLine: {'line': b'-- Up-to-date: /home/ashraful/HBRS/AMR/AMR_PROJECT/amr-team-bot/install/robile_interfaces/share/robile_interfaces/cmake/robile_interfaces__rosidl_typesupport_introspection_cExport.cmake\n'}
[15.127645] (robile_interfaces) StdoutLine: {'line': b'-- Up-to-date: /home/ashraful/HBRS/AMR/AMR_PROJECT/amr-team-bot/install/robile_interfaces/share/robile_interfaces/cmake/robile_interfaces__rosidl_typesupport_introspection_cExport-noconfig.cmake\n'}
[15.127864] (robile_interfaces) StdoutLine: {'line': b'-- Up-to-date: /home/ashraful/HBRS/AMR/AMR_PROJECT/amr-team-bot/install/robile_interfaces/share/robile_interfaces/cmake/robile_interfaces__rosidl_typesupport_cExport.cmake\n'}
[15.128057] (robile_interfaces) StdoutLine: {'line': b'-- Up-to-date: /home/ashraful/HBRS/AMR/AMR_PROJECT/amr-team-bot/install/robile_interfaces/share/robile_interfaces/cmake/robile_interfaces__rosidl_typesupport_cExport-noconfig.cmake\n'}
[15.128239] (robile_interfaces) StdoutLine: {'line': b'-- Up-to-date: /home/ashraful/HBRS/AMR/AMR_PROJECT/amr-team-bot/install/robile_interfaces/share/robile_interfaces/cmake/robile_interfaces__rosidl_typesupport_introspection_cppExport.cmake\n'}
[15.128442] (robile_interfaces) StdoutLine: {'line': b'-- Up-to-date: /home/ashraful/HBRS/AMR/AMR_PROJECT/amr-team-bot/install/robile_interfaces/share/robile_interfaces/cmake/robile_interfaces__rosidl_typesupport_introspection_cppExport-noconfig.cmake\n'}
[15.136071] (robile_interfaces) StdoutLine: {'line': b'-- Up-to-date: /home/ashraful/HBRS/AMR/AMR_PROJECT/amr-team-bot/install/robile_interfaces/share/robile_interfaces/cmake/robile_interfaces__rosidl_typesupport_cppExport.cmake\n'}
[15.137707] (robile_interfaces) StdoutLine: {'line': b'-- Up-to-date: /home/ashraful/HBRS/AMR/AMR_PROJECT/amr-team-bot/install/robile_interfaces/share/robile_interfaces/cmake/robile_interfaces__rosidl_typesupport_cppExport-noconfig.cmake\n'}
[15.138055] (robile_interfaces) StdoutLine: {'line': b'-- Up-to-date: /home/ashraful/HBRS/AMR/AMR_PROJECT/amr-team-bot/install/robile_interfaces/share/robile_interfaces/cmake/export_robile_interfaces__rosidl_generator_pyExport.cmake\n'}
[15.138282] (robile_interfaces) StdoutLine: {'line': b'-- Up-to-date: /home/ashraful/HBRS/AMR/AMR_PROJECT/amr-team-bot/install/robile_interfaces/share/robile_interfaces/cmake/export_robile_interfaces__rosidl_generator_pyExport-noconfig.cmake\n'}
[15.217196] (-) TimerEvent: {}
[15.320571] (-) TimerEvent: {}
[15.422301] (-) TimerEvent: {}
[15.523243] (-) TimerEvent: {}
[15.625846] (-) TimerEvent: {}
[15.682204] (robile_control_simple) StdoutLine: {'line': b'running develop\n'}
[15.726156] (-) TimerEvent: {}
[15.828102] (-) TimerEvent: {}
[15.854781] (robile_gazebo) JobProgress: {'identifier': 'robile_gazebo', 'progress': 'cmake'}
[15.861486] (robile_gazebo) JobProgress: {'identifier': 'robile_gazebo', 'progress': 'build'}
[15.861640] (robile_gazebo) Command: {'cmd': ['/usr/bin/cmake', '--build', '/home/ashraful/HBRS/AMR/AMR_PROJECT/amr-team-bot/build/robile_gazebo', '--', '-j8', '-l8'], 'cwd': '/home/ashraful/HBRS/AMR/AMR_PROJECT/amr-team-bot/build/robile_gazebo', 'env': OrderedDict([('LESSOPEN', '| /usr/bin/lesspipe %s'), ('USER', 'ashraful'), ('LC_TIME', 'de_DE.UTF-8'), ('XDG_SESSION_TYPE', 'wayland'), ('SHLVL', '1'), ('LD_LIBRARY_PATH', '/usr/lib/x86_64-linux-gnu/gazebo-11/plugins:/opt/ros/humble/opt/rviz_ogre_vendor/lib:/opt/ros/humble/lib/x86_64-linux-gnu:/opt/ros/humble/lib:/home/ashraful/.mujoco/mujoco-3.9.0/lib:/home/ashraful/.mujoco/mujoco-3.9.0/lib'), ('HOME', '/home/ashraful'), ('OLDPWD', '/home/ashraful/HBRS/AMR/AMR_PROJECT/amr-team-bot/src'), ('DESKTOP_SESSION', 'ubuntu'), ('ROS_PYTHON_VERSION', '3'), ('GNOME_SHELL_SESSION_MODE', 'ubuntu'), ('GTK_MODULES', 'gail:atk-bridge'), ('LC_MONETARY', 'de_DE.UTF-8'), ('MANAGERPID', '1723'), ('SYSTEMD_EXEC_PID', '2083'), ('DBUS_SESSION_BUS_ADDRESS', 'unix:path=/run/user/1000/bus'), ('COLORTERM', 'truecolor'), ('TERMINATOR_DBUS_NAME', 'net.tenshu.Terminator25ef4b219e3b005583550f2b0f9f990c3'), ('GIO_LAUNCHED_DESKTOP_FILE_PID', '87784'), ('IM_CONFIG_PHASE', '1'), ('WAYLAND_DISPLAY', 'wayland-0'), ('ROS_DISTRO', 'humble'), ('LOGNAME', 'ashraful'), ('JOURNAL_STREAM', '8:20533'), ('_', '/usr/bin/colcon'), ('ROS_VERSION', '2'), ('XDG_SESSION_CLASS', 'user'), ('USERNAME', 'ashraful'), ('TERM', 'xterm-256color'), ('GNOME_DESKTOP_SESSION_ID', 'this-is-deprecated'), ('ROS_LOCALHOST_ONLY', '0'), ('PATH', '/opt/ros/humble/bin:/home/ashraful/.local/bin:/usr/local/sbin:/usr/local/bin:/usr/sbin:/usr/bin:/sbin:/bin:/usr/games:/usr/local/games:/snap/bin:/snap/bin:/home/ashraful/.mujoco/mujoco-3.9.0/bin'), ('SESSION_MANAGER', 'local/ashraful:@/tmp/.ICE-unix/1865,unix/ashraful:/tmp/.ICE-unix/1865'), ('INVOCATION_ID', '8220aff1741a4be28484ee2ff67f3009'), ('XDG_MENU_PREFIX', 'gnome-'), ('LC_ADDRESS', 'de_DE.UTF-8'), ('GNOME_SETUP_DISPLAY', ':1'), ('XDG_RUNTIME_DIR', '/run/user/1000'), ('DISPLAY', ':0'), ('TERMINATOR_DBUS_PATH', '/net/tenshu/Terminator2'), ('LANG', 'en_US.UTF-8'), ('XDG_CURRENT_DESKTOP', 'ubuntu:GNOME'), ('IBUS_DISABLE_SNOOPER', '1'), ('LC_TELEPHONE', 'de_DE.UTF-8'), ('XMODIFIERS', '@im=ibus'), ('XDG_SESSION_DESKTOP', 'ubuntu'), ('XAUTHORITY', '/run/user/1000/.mutter-Xwaylandauth.RE1JW3'), ('LS_COLORS', 'rs=0:di=01;34:ln=01;36:mh=00:pi=40;33:so=01;35:do=01;35:bd=40;33;01:cd=40;33;01:or=40;31;01:mi=00:su=37;41:sg=30;43:ca=30;41:tw=30;42:ow=34;42:st=37;44:ex=01;32:*.tar=01;31:*.tgz=01;31:*.arc=01;31:*.arj=01;31:*.taz=01;31:*.lha=01;31:*.lz4=01;31:*.lzh=01;31:*.lzma=01;31:*.tlz=01;31:*.txz=01;31:*.tzo=01;31:*.t7z=01;31:*.zip=01;31:*.z=01;31:*.dz=01;31:*.gz=01;31:*.lrz=01;31:*.lz=01;31:*.lzo=01;31:*.xz=01;31:*.zst=01;31:*.tzst=01;31:*.bz2=01;31:*.bz=01;31:*.tbz=01;31:*.tbz2=01;31:*.tz=01;31:*.deb=01;31:*.rpm=01;31:*.jar=01;31:*.war=01;31:*.ear=01;31:*.sar=01;31:*.rar=01;31:*.alz=01;31:*.ace=01;31:*.zoo=01;31:*.cpio=01;31:*.7z=01;31:*.rz=01;31:*.cab=01;31:*.wim=01;31:*.swm=01;31:*.dwm=01;31:*.esd=01;31:*.jpg=01;35:*.jpeg=01;35:*.mjpg=01;35:*.mjpeg=01;35:*.gif=01;35:*.bmp=01;35:*.pbm=01;35:*.pgm=01;35:*.ppm=01;35:*.tga=01;35:*.xbm=01;35:*.xpm=01;35:*.tif=01;35:*.tiff=01;35:*.png=01;35:*.svg=01;35:*.svgz=01;35:*.mng=01;35:*.pcx=01;35:*.mov=01;35:*.mpg=01;35:*.mpeg=01;35:*.m2v=01;35:*.mkv=01;35:*.webm=01;35:*.webp=01;35:*.ogm=01;35:*.mp4=01;35:*.m4v=01;35:*.mp4v=01;35:*.vob=01;35:*.qt=01;35:*.nuv=01;35:*.wmv=01;35:*.asf=01;35:*.rm=01;35:*.rmvb=01;35:*.flc=01;35:*.avi=01;35:*.fli=01;35:*.flv=01;35:*.gl=01;35:*.dl=01;35:*.xcf=01;35:*.xwd=01;35:*.yuv=01;35:*.cgm=01;35:*.emf=01;35:*.ogv=01;35:*.ogx=01;35:*.aac=00;36:*.au=00;36:*.flac=00;36:*.m4a=00;36:*.mid=00;36:*.midi=00;36:*.mka=00;36:*.mp3=00;36:*.mpc=00;36:*.ogg=00;36:*.ra=00;36:*.wav=00;36:*.oga=00;36:*.opus=00;36:*.spx=00;36:*.xspf=00;36:'), ('SSH_AGENT_LAUNCHER', 'gnome-keyring'), ('SSH_AUTH_SOCK', '/run/user/1000/keyring/ssh'), ('AMENT_PREFIX_PATH', '/home/ashraful/HBRS/AMR/AMR_PROJECT/amr-team-bot/install/robile_description:/opt/ros/humble'), ('SHELL', '/bin/bash'), ('LC_NAME', 'de_DE.UTF-8'), ('TERMINATOR_UUID', 'urn:uuid:1c72cd59-31a6-4f1a-b61b-5502cd39b2d2'), ('QT_ACCESSIBILITY', '1'), ('GDMSESSION', 'ubuntu'), ('LESSCLOSE', '/usr/bin/lesspipe %s %s'), ('LC_MEASUREMENT', 'de_DE.UTF-8'), ('LC_IDENTIFICATION', 'de_DE.UTF-8'), ('QT_IM_MODULE', 'ibus'), ('PWD', '/home/ashraful/HBRS/AMR/AMR_PROJECT/amr-team-bot/build/robile_gazebo'), ('XDG_CONFIG_DIRS', '/etc/xdg/xdg-ubuntu:/etc/xdg'), ('XDG_DATA_DIRS', '/usr/share/ubuntu:/usr/local/share/:/usr/share/:/var/lib/snapd/desktop'), ('PYTHONPATH', '/opt/ros/humble/lib/python3.10/site-packages:/opt/ros/humble/local/lib/python3.10/dist-packages'), ('LC_NUMERIC', 'de_DE.UTF-8'), ('LC_PAPER', 'de_DE.UTF-8'), ('COLCON', '1'), ('VTE_VERSION', '6800'), ('CMAKE_PREFIX_PATH', '/home/ashraful/HBRS/AMR/AMR_PROJECT/amr-team-bot/install/robile_description:/opt/ros/humble')]), 'shell': False}
[15.874751] (robile_bringup) StdoutLine: {'line': b'running egg_info\n'}
[15.881150] (robile_bringup) StdoutLine: {'line': b'writing ../../../build/robile_bringup/robile_bringup.egg-info/PKG-INFO\n'}
[15.884724] (robile_bringup) StdoutLine: {'line': b'writing dependency_links to ../../../build/robile_bringup/robile_bringup.egg-info/dependency_links.txt\n'}
[15.885022] (robile_bringup) StdoutLine: {'line': b'writing entry points to ../../../build/robile_bringup/robile_bringup.egg-info/entry_points.txt\n'}
[15.885389] (robile_bringup) StdoutLine: {'line': b'writing requirements to ../../../build/robile_bringup/robile_bringup.egg-info/requires.txt\n'}
[15.885924] (robile_bringup) StdoutLine: {'line': b'writing top-level names to ../../../build/robile_bringup/robile_bringup.egg-info/top_level.txt\n'}
[15.904347] (robile_bringup) StdoutLine: {'line': b"reading manifest file '../../../build/robile_bringup/robile_bringup.egg-info/SOURCES.txt'\n"}
[15.904797] (robile_bringup) StdoutLine: {'line': b"writing manifest file '../../../build/robile_bringup/robile_bringup.egg-info/SOURCES.txt'\n"}
[15.905012] (robile_bringup) StdoutLine: {'line': b'running build\n'}
[15.905197] (robile_bringup) StdoutLine: {'line': b'running build_py\n'}
[15.905379] (robile_bringup) StdoutLine: {'line': b'creating /home/ashraful/HBRS/AMR/AMR_PROJECT/amr-team-bot/build/robile_bringup/build\n'}
[15.905610] (robile_bringup) StdoutLine: {'line': b'creating /home/ashraful/HBRS/AMR/AMR_PROJECT/amr-team-bot/build/robile_bringup/build/lib\n'}
[15.905801] (robile_bringup) StdoutLine: {'line': b'creating /home/ashraful/HBRS/AMR/AMR_PROJECT/amr-team-bot/build/robile_bringup/build/lib/robile_bringup\n'}
[15.905981] (robile_bringup) StdoutLine: {'line': b'copying robile_bringup/__init__.py -> /home/ashraful/HBRS/AMR/AMR_PROJECT/amr-team-bot/build/robile_bringup/build/lib/robile_bringup\n'}
[15.906162] (robile_bringup) StdoutLine: {'line': b'running install\n'}
[15.906347] (robile_bringup) StdoutLine: {'line': b'running install_lib\n'}
[15.909508] (robile_bringup) StdoutLine: {'line': b'creating /home/ashraful/HBRS/AMR/AMR_PROJECT/amr-team-bot/install/robile_bringup/lib/python3.10/site-packages/robile_bringup\n'}
[15.923375] (robile_bringup) StdoutLine: {'line': b'copying /home/ashraful/HBRS/AMR/AMR_PROJECT/amr-team-bot/build/robile_bringup/build/lib/robile_bringup/__init__.py -> /home/ashraful/HBRS/AMR/AMR_PROJECT/amr-team-bot/install/robile_bringup/lib/python3.10/site-packages/robile_bringup\n'}
[15.923972] (robile_bringup) StdoutLine: {'line': b'byte-compiling /home/ashraful/HBRS/AMR/AMR_PROJECT/amr-team-bot/install/robile_bringup/lib/python3.10/site-packages/robile_bringup/__init__.py to __init__.cpython-310.pyc\n'}
[15.924495] (robile_bringup) StdoutLine: {'line': b'running install_data\n'}
[15.924888] (robile_bringup) StdoutLine: {'line': b'copying resource/robile_bringup -> /home/ashraful/HBRS/AMR/AMR_PROJECT/amr-team-bot/install/robile_bringup/share/ament_index/resource_index/packages\n'}
[15.925086] (robile_bringup) StdoutLine: {'line': b'copying package.xml -> /home/ashraful/HBRS/AMR/AMR_PROJECT/amr-team-bot/install/robile_bringup/share/robile_bringup\n'}
[15.925281] (robile_bringup) StdoutLine: {'line': b'copying launch/robot.launch.py -> /home/ashraful/HBRS/AMR/AMR_PROJECT/amr-team-bot/install/robile_bringup/share/robile_bringup\n'}
[15.925481] (robile_bringup) StdoutLine: {'line': b'running install_egg_info\n'}
[15.925688] (robile_bringup) StdoutLine: {'line': b'Copying ../../../build/robile_bringup/robile_bringup.egg-info to /home/ashraful/HBRS/AMR/AMR_PROJECT/amr-team-bot/install/robile_bringup/lib/python3.10/site-packages/robile_bringup-0.0.0-py3.10.egg-info\n'}
[15.925875] (robile_bringup) StdoutLine: {'line': b'running install_scripts\n'}
[15.926070] (potential) CommandEnded: {'returncode': 0}
[15.931090] (-) TimerEvent: {}
[15.932072] (potential) Command: {'cmd': ['/usr/bin/python3', '-W', 'ignore:setup.py install is deprecated', '-W', 'ignore:easy_install command is deprecated', 'setup.py', 'egg_info', '--egg-base', '../../build/potential', 'build', '--build-base', '/home/ashraful/HBRS/AMR/AMR_PROJECT/amr-team-bot/build/potential/build', 'install', '--record', '/home/ashraful/HBRS/AMR/AMR_PROJECT/amr-team-bot/build/potential/install.log', '--install-scripts', '$base/lib/potential', '--single-version-externally-managed', 'install_data', '--force'], 'cwd': '/home/ashraful/HBRS/AMR/AMR_PROJECT/amr-team-bot/src/potential', 'env': {'LESSOPEN': '| /usr/bin/lesspipe %s', 'USER': 'ashraful', 'LC_TIME': 'de_DE.UTF-8', 'XDG_SESSION_TYPE': 'wayland', 'SHLVL': '1', 'LD_LIBRARY_PATH': '/usr/lib/x86_64-linux-gnu/gazebo-11/plugins:/opt/ros/humble/opt/rviz_ogre_vendor/lib:/opt/ros/humble/lib/x86_64-linux-gnu:/opt/ros/humble/lib:/home/ashraful/.mujoco/mujoco-3.9.0/lib:/home/ashraful/.mujoco/mujoco-3.9.0/lib', 'HOME': '/home/ashraful', 'OLDPWD': '/home/ashraful/HBRS/AMR/AMR_PROJECT/amr-team-bot/src', 'DESKTOP_SESSION': 'ubuntu', 'ROS_PYTHON_VERSION': '3', 'GNOME_SHELL_SESSION_MODE': 'ubuntu', 'GTK_MODULES': 'gail:atk-bridge', 'LC_MONETARY': 'de_DE.UTF-8', 'MANAGERPID': '1723', 'SYSTEMD_EXEC_PID': '2083', 'DBUS_SESSION_BUS_ADDRESS': 'unix:path=/run/user/1000/bus', 'COLORTERM': 'truecolor', 'TERMINATOR_DBUS_NAME': 'net.tenshu.Terminator25ef4b219e3b005583550f2b0f9f990c3', 'GIO_LAUNCHED_DESKTOP_FILE_PID': '87784', 'IM_CONFIG_PHASE': '1', 'WAYLAND_DISPLAY': 'wayland-0', 'ROS_DISTRO': 'humble', 'LOGNAME': 'ashraful', 'JOURNAL_STREAM': '8:20533', '_': '/usr/bin/colcon', 'ROS_VERSION': '2', 'XDG_SESSION_CLASS': 'user', 'USERNAME': 'ashraful', 'TERM': 'xterm-256color', 'GNOME_DESKTOP_SESSION_ID': 'this-is-deprecated', 'ROS_LOCALHOST_ONLY': '0', 'PATH': '/opt/ros/humble/bin:/home/ashraful/.local/bin:/usr/local/sbin:/usr/local/bin:/usr/sbin:/usr/bin:/sbin:/bin:/usr/games:/usr/local/games:/snap/bin:/snap/bin:/home/ashraful/.mujoco/mujoco-3.9.0/bin', 'SESSION_MANAGER': 'local/ashraful:@/tmp/.ICE-unix/1865,unix/ashraful:/tmp/.ICE-unix/1865', 'INVOCATION_ID': '8220aff1741a4be28484ee2ff67f3009', 'XDG_MENU_PREFIX': 'gnome-', 'LC_ADDRESS': 'de_DE.UTF-8', 'GNOME_SETUP_DISPLAY': ':1', 'XDG_RUNTIME_DIR': '/run/user/1000', 'DISPLAY': ':0', 'TERMINATOR_DBUS_PATH': '/net/tenshu/Terminator2', 'LANG': 'en_US.UTF-8', 'XDG_CURRENT_DESKTOP': 'ubuntu:GNOME', 'IBUS_DISABLE_SNOOPER': '1', 'LC_TELEPHONE': 'de_DE.UTF-8', 'XMODIFIERS': '@im=ibus', 'XDG_SESSION_DESKTOP': 'ubuntu', 'XAUTHORITY': '/run/user/1000/.mutter-Xwaylandauth.RE1JW3', 'LS_COLORS': 'rs=0:di=01;34:ln=01;36:mh=00:pi=40;33:so=01;35:do=01;35:bd=40;33;01:cd=40;33;01:or=40;31;01:mi=00:su=37;41:sg=30;43:ca=30;41:tw=30;42:ow=34;42:st=37;44:ex=01;32:*.tar=01;31:*.tgz=01;31:*.arc=01;31:*.arj=01;31:*.taz=01;31:*.lha=01;31:*.lz4=01;31:*.lzh=01;31:*.lzma=01;31:*.tlz=01;31:*.txz=01;31:*.tzo=01;31:*.t7z=01;31:*.zip=01;31:*.z=01;31:*.dz=01;31:*.gz=01;31:*.lrz=01;31:*.lz=01;31:*.lzo=01;31:*.xz=01;31:*.zst=01;31:*.tzst=01;31:*.bz2=01;31:*.bz=01;31:*.tbz=01;31:*.tbz2=01;31:*.tz=01;31:*.deb=01;31:*.rpm=01;31:*.jar=01;31:*.war=01;31:*.ear=01;31:*.sar=01;31:*.rar=01;31:*.alz=01;31:*.ace=01;31:*.zoo=01;31:*.cpio=01;31:*.7z=01;31:*.rz=01;31:*.cab=01;31:*.wim=01;31:*.swm=01;31:*.dwm=01;31:*.esd=01;31:*.jpg=01;35:*.jpeg=01;35:*.mjpg=01;35:*.mjpeg=01;35:*.gif=01;35:*.bmp=01;35:*.pbm=01;35:*.pgm=01;35:*.ppm=01;35:*.tga=01;35:*.xbm=01;35:*.xpm=01;35:*.tif=01;35:*.tiff=01;35:*.png=01;35:*.svg=01;35:*.svgz=01;35:*.mng=01;35:*.pcx=01;35:*.mov=01;35:*.mpg=01;35:*.mpeg=01;35:*.m2v=01;35:*.mkv=01;35:*.webm=01;35:*.webp=01;35:*.ogm=01;35:*.mp4=01;35:*.m4v=01;35:*.mp4v=01;35:*.vob=01;35:*.qt=01;35:*.nuv=01;35:*.wmv=01;35:*.asf=01;35:*.rm=01;35:*.rmvb=01;35:*.flc=01;35:*.avi=01;35:*.fli=01;35:*.flv=01;35:*.gl=01;35:*.dl=01;35:*.xcf=01;35:*.xwd=01;35:*.yuv=01;35:*.cgm=01;35:*.emf=01;35:*.ogv=01;35:*.ogx=01;35:*.aac=00;36:*.au=00;36:*.flac=00;36:*.m4a=00;36:*.mid=00;36:*.midi=00;36:*.mka=00;36:*.mp3=00;36:*.mpc=00;36:*.ogg=00;36:*.ra=00;36:*.wav=00;36:*.oga=00;36:*.opus=00;36:*.spx=00;36:*.xspf=00;36:', 'SSH_AGENT_LAUNCHER': 'gnome-keyring', 'SSH_AUTH_SOCK': '/run/user/1000/keyring/ssh', 'AMENT_PREFIX_PATH': '/opt/ros/humble', 'SHELL': '/bin/bash', 'LC_NAME': 'de_DE.UTF-8', 'TERMINATOR_UUID': 'urn:uuid:1c72cd59-31a6-4f1a-b61b-5502cd39b2d2', 'QT_ACCESSIBILITY': '1', 'GDMSESSION': 'ubuntu', 'LESSCLOSE': '/usr/bin/lesspipe %s %s', 'LC_MEASUREMENT': 'de_DE.UTF-8', 'LC_IDENTIFICATION': 'de_DE.UTF-8', 'QT_IM_MODULE': 'ibus', 'PWD': '/home/ashraful/HBRS/AMR/AMR_PROJECT/amr-team-bot/build/potential', 'XDG_CONFIG_DIRS': '/etc/xdg/xdg-ubuntu:/etc/xdg', 'XDG_DATA_DIRS': '/usr/share/ubuntu:/usr/local/share/:/usr/share/:/var/lib/snapd/desktop', 'PYTHONPATH': '/home/ashraful/HBRS/AMR/AMR_PROJECT/amr-team-bot/build/potential/prefix_override:/usr/lib/python3/dist-packages/colcon_core/task/python/colcon_distutils_commands:/home/ashraful/HBRS/AMR/AMR_PROJECT/amr-team-bot/install/potential/lib/python3.10/site-packages:/opt/ros/humble/lib/python3.10/site-packages:/opt/ros/humble/local/lib/python3.10/dist-packages', 'LC_NUMERIC': 'de_DE.UTF-8', 'LC_PAPER': 'de_DE.UTF-8', 'COLCON': '1', 'VTE_VERSION': '6800'}, 'shell': False}
[15.938183] (robile_interfaces) CommandEnded: {'returncode': 0}
[15.966912] (robile_bringup) StdoutLine: {'line': b"writing list of installed files to '/home/ashraful/HBRS/AMR/AMR_PROJECT/amr-team-bot/build/robile_bringup/install.log'\n"}
[16.034579] (-) TimerEvent: {}
[16.045781] (robile_interfaces) JobEnded: {'identifier': 'robile_interfaces', 'rc': 0}
[16.049514] (robile_navigation) JobStarted: {'identifier': 'robile_navigation'}
[16.094766] (robile_bringup) CommandEnded: {'returncode': 0}
[16.123750] (robile_bringup) JobEnded: {'identifier': 'robile_bringup', 'rc': 0}
[16.125999] (robile_navigation) JobProgress: {'identifier': 'robile_navigation', 'progress': 'cmake'}
[16.132875] (robile_navigation) Command: {'cmd': ['/usr/bin/cmake', '/home/ashraful/HBRS/AMR/AMR_PROJECT/amr-team-bot/src/robile_navigation', '-DCMAKE_INSTALL_PREFIX=/home/ashraful/HBRS/AMR/AMR_PROJECT/amr-team-bot/install/robile_navigation'], 'cwd': '/home/ashraful/HBRS/AMR/AMR_PROJECT/amr-team-bot/build/robile_navigation', 'env': OrderedDict([('LESSOPEN', '| /usr/bin/lesspipe %s'), ('USER', 'ashraful'), ('LC_TIME', 'de_DE.UTF-8'), ('XDG_SESSION_TYPE', 'wayland'), ('SHLVL', '1'), ('LD_LIBRARY_PATH', '/home/ashraful/HBRS/AMR/AMR_PROJECT/amr-team-bot/install/robile_interfaces/lib:/usr/lib/x86_64-linux-gnu/gazebo-11/plugins:/opt/ros/humble/opt/rviz_ogre_vendor/lib:/opt/ros/humble/lib/x86_64-linux-gnu:/opt/ros/humble/lib:/home/ashraful/.mujoco/mujoco-3.9.0/lib:/home/ashraful/.mujoco/mujoco-3.9.0/lib'), ('HOME', '/home/ashraful'), ('OLDPWD', '/home/ashraful/HBRS/AMR/AMR_PROJECT/amr-team-bot/src'), ('DESKTOP_SESSION', 'ubuntu'), ('ROS_PYTHON_VERSION', '3'), ('GNOME_SHELL_SESSION_MODE', 'ubuntu'), ('GTK_MODULES', 'gail:atk-bridge'), ('LC_MONETARY', 'de_DE.UTF-8'), ('MANAGERPID', '1723'), ('SYSTEMD_EXEC_PID', '2083'), ('DBUS_SESSION_BUS_ADDRESS', 'unix:path=/run/user/1000/bus'), ('COLORTERM', 'truecolor'), ('TERMINATOR_DBUS_NAME', 'net.tenshu.Terminator25ef4b219e3b005583550f2b0f9f990c3'), ('GIO_LAUNCHED_DESKTOP_FILE_PID', '87784'), ('IM_CONFIG_PHASE', '1'), ('WAYLAND_DISPLAY', 'wayland-0'), ('ROS_DISTRO', 'humble'), ('LOGNAME', 'ashraful'), ('JOURNAL_STREAM', '8:20533'), ('_', '/usr/bin/colcon'), ('ROS_VERSION', '2'), ('XDG_SESSION_CLASS', 'user'), ('USERNAME', 'ashraful'), ('TERM', 'xterm-256color'), ('GNOME_DESKTOP_SESSION_ID', 'this-is-deprecated'), ('ROS_LOCALHOST_ONLY', '0'), ('PATH', '/opt/ros/humble/bin:/home/ashraful/.local/bin:/usr/local/sbin:/usr/local/bin:/usr/sbin:/usr/bin:/sbin:/bin:/usr/games:/usr/local/games:/snap/bin:/snap/bin:/home/ashraful/.mujoco/mujoco-3.9.0/bin'), ('SESSION_MANAGER', 'local/ashraful:@/tmp/.ICE-unix/1865,unix/ashraful:/tmp/.ICE-unix/1865'), ('INVOCATION_ID', '8220aff1741a4be28484ee2ff67f3009'), ('XDG_MENU_PREFIX', 'gnome-'), ('LC_ADDRESS', 'de_DE.UTF-8'), ('GNOME_SETUP_DISPLAY', ':1'), ('XDG_RUNTIME_DIR', '/run/user/1000'), ('DISPLAY', ':0'), ('TERMINATOR_DBUS_PATH', '/net/tenshu/Terminator2'), ('LANG', 'en_US.UTF-8'), ('XDG_CURRENT_DESKTOP', 'ubuntu:GNOME'), ('IBUS_DISABLE_SNOOPER', '1'), ('LC_TELEPHONE', 'de_DE.UTF-8'), ('XMODIFIERS', '@im=ibus'), ('XDG_SESSION_DESKTOP', 'ubuntu'), ('XAUTHORITY', '/run/user/1000/.mutter-Xwaylandauth.RE1JW3'), ('LS_COLORS', 'rs=0:di=01;34:ln=01;36:mh=00:pi=40;33:so=01;35:do=01;35:bd=40;33;01:cd=40;33;01:or=40;31;01:mi=00:su=37;41:sg=30;43:ca=30;41:tw=30;42:ow=34;42:st=37;44:ex=01;32:*.tar=01;31:*.tgz=01;31:*.arc=01;31:*.arj=01;31:*.taz=01;31:*.lha=01;31:*.lz4=01;31:*.lzh=01;31:*.lzma=01;31:*.tlz=01;31:*.txz=01;31:*.tzo=01;31:*.t7z=01;31:*.zip=01;31:*.z=01;31:*.dz=01;31:*.gz=01;31:*.lrz=01;31:*.lz=01;31:*.lzo=01;31:*.xz=01;31:*.zst=01;31:*.tzst=01;31:*.bz2=01;31:*.bz=01;31:*.tbz=01;31:*.tbz2=01;31:*.tz=01;31:*.deb=01;31:*.rpm=01;31:*.jar=01;31:*.war=01;31:*.ear=01;31:*.sar=01;31:*.rar=01;31:*.alz=01;31:*.ace=01;31:*.zoo=01;31:*.cpio=01;31:*.7z=01;31:*.rz=01;31:*.cab=01;31:*.wim=01;31:*.swm=01;31:*.dwm=01;31:*.esd=01;31:*.jpg=01;35:*.jpeg=01;35:*.mjpg=01;35:*.mjpeg=01;35:*.gif=01;35:*.bmp=01;35:*.pbm=01;35:*.pgm=01;35:*.ppm=01;35:*.tga=01;35:*.xbm=01;35:*.xpm=01;35:*.tif=01;35:*.tiff=01;35:*.png=01;35:*.svg=01;35:*.svgz=01;35:*.mng=01;35:*.pcx=01;35:*.mov=01;35:*.mpg=01;35:*.mpeg=01;35:*.m2v=01;35:*.mkv=01;35:*.webm=01;35:*.webp=01;35:*.ogm=01;35:*.mp4=01;35:*.m4v=01;35:*.mp4v=01;35:*.vob=01;35:*.qt=01;35:*.nuv=01;35:*.wmv=01;35:*.asf=01;35:*.rm=01;35:*.rmvb=01;35:*.flc=01;35:*.avi=01;35:*.fli=01;35:*.flv=01;35:*.gl=01;35:*.dl=01;35:*.xcf=01;35:*.xwd=01;35:*.yuv=01;35:*.cgm=01;35:*.emf=01;35:*.ogv=01;35:*.ogx=01;35:*.aac=00;36:*.au=00;36:*.flac=00;36:*.m4a=00;36:*.mid=00;36:*.midi=00;36:*.mka=00;36:*.mp3=00;36:*.mpc=00;36:*.ogg=00;36:*.ra=00;36:*.wav=00;36:*.oga=00;36:*.opus=00;36:*.spx=00;36:*.xspf=00;36:'), ('SSH_AGENT_LAUNCHER', 'gnome-keyring'), ('SSH_AUTH_SOCK', '/run/user/1000/keyring/ssh'), ('AMENT_PREFIX_PATH', '/home/ashraful/HBRS/AMR/AMR_PROJECT/amr-team-bot/install/robile_interfaces:/opt/ros/humble'), ('SHELL', '/bin/bash'), ('LC_NAME', 'de_DE.UTF-8'), ('TERMINATOR_UUID', 'urn:uuid:1c72cd59-31a6-4f1a-b61b-5502cd39b2d2'), ('QT_ACCESSIBILITY', '1'), ('GDMSESSION', 'ubuntu'), ('LESSCLOSE', '/usr/bin/lesspipe %s %s'), ('LC_MEASUREMENT', 'de_DE.UTF-8'), ('LC_IDENTIFICATION', 'de_DE.UTF-8'), ('QT_IM_MODULE', 'ibus'), ('PWD', '/home/ashraful/HBRS/AMR/AMR_PROJECT/amr-team-bot/build/robile_navigation'), ('XDG_CONFIG_DIRS', '/etc/xdg/xdg-ubuntu:/etc/xdg'), ('XDG_DATA_DIRS', '/usr/share/ubuntu:/usr/local/share/:/usr/share/:/var/lib/snapd/desktop'), ('PYTHONPATH', '/home/ashraful/HBRS/AMR/AMR_PROJECT/amr-team-bot/install/robile_interfaces/local/lib/python3.10/dist-packages:/opt/ros/humble/lib/python3.10/site-packages:/opt/ros/humble/local/lib/python3.10/dist-packages'), ('LC_NUMERIC', 'de_DE.UTF-8'), ('LC_PAPER', 'de_DE.UTF-8'), ('COLCON', '1'), ('VTE_VERSION', '6800'), ('CMAKE_PREFIX_PATH', '/home/ashraful/HBRS/AMR/AMR_PROJECT/amr-team-bot/install/robile_interfaces')]), 'shell': False}
[16.164038] (-) TimerEvent: {}
[16.166333] (robile_gazebo) CommandEnded: {'returncode': 0}
[16.170720] (robile_gazebo) JobProgress: {'identifier': 'robile_gazebo', 'progress': 'install'}
[16.171034] (robile_gazebo) Command: {'cmd': ['/usr/bin/cmake', '--install', '/home/ashraful/HBRS/AMR/AMR_PROJECT/amr-team-bot/build/robile_gazebo'], 'cwd': '/home/ashraful/HBRS/AMR/AMR_PROJECT/amr-team-bot/build/robile_gazebo', 'env': OrderedDict([('LESSOPEN', '| /usr/bin/lesspipe %s'), ('USER', 'ashraful'), ('LC_TIME', 'de_DE.UTF-8'), ('XDG_SESSION_TYPE', 'wayland'), ('SHLVL', '1'), ('LD_LIBRARY_PATH', '/usr/lib/x86_64-linux-gnu/gazebo-11/plugins:/opt/ros/humble/opt/rviz_ogre_vendor/lib:/opt/ros/humble/lib/x86_64-linux-gnu:/opt/ros/humble/lib:/home/ashraful/.mujoco/mujoco-3.9.0/lib:/home/ashraful/.mujoco/mujoco-3.9.0/lib'), ('HOME', '/home/ashraful'), ('OLDPWD', '/home/ashraful/HBRS/AMR/AMR_PROJECT/amr-team-bot/src'), ('DESKTOP_SESSION', 'ubuntu'), ('ROS_PYTHON_VERSION', '3'), ('GNOME_SHELL_SESSION_MODE', 'ubuntu'), ('GTK_MODULES', 'gail:atk-bridge'), ('LC_MONETARY', 'de_DE.UTF-8'), ('MANAGERPID', '1723'), ('SYSTEMD_EXEC_PID', '2083'), ('DBUS_SESSION_BUS_ADDRESS', 'unix:path=/run/user/1000/bus'), ('COLORTERM', 'truecolor'), ('TERMINATOR_DBUS_NAME', 'net.tenshu.Terminator25ef4b219e3b005583550f2b0f9f990c3'), ('GIO_LAUNCHED_DESKTOP_FILE_PID', '87784'), ('IM_CONFIG_PHASE', '1'), ('WAYLAND_DISPLAY', 'wayland-0'), ('ROS_DISTRO', 'humble'), ('LOGNAME', 'ashraful'), ('JOURNAL_STREAM', '8:20533'), ('_', '/usr/bin/colcon'), ('ROS_VERSION', '2'), ('XDG_SESSION_CLASS', 'user'), ('USERNAME', 'ashraful'), ('TERM', 'xterm-256color'), ('GNOME_DESKTOP_SESSION_ID', 'this-is-deprecated'), ('ROS_LOCALHOST_ONLY', '0'), ('PATH', '/opt/ros/humble/bin:/home/ashraful/.local/bin:/usr/local/sbin:/usr/local/bin:/usr/sbin:/usr/bin:/sbin:/bin:/usr/games:/usr/local/games:/snap/bin:/snap/bin:/home/ashraful/.mujoco/mujoco-3.9.0/bin'), ('SESSION_MANAGER', 'local/ashraful:@/tmp/.ICE-unix/1865,unix/ashraful:/tmp/.ICE-unix/1865'), ('INVOCATION_ID', '8220aff1741a4be28484ee2ff67f3009'), ('XDG_MENU_PREFIX', 'gnome-'), ('LC_ADDRESS', 'de_DE.UTF-8'), ('GNOME_SETUP_DISPLAY', ':1'), ('XDG_RUNTIME_DIR', '/run/user/1000'), ('DISPLAY', ':0'), ('TERMINATOR_DBUS_PATH', '/net/tenshu/Terminator2'), ('LANG', 'en_US.UTF-8'), ('XDG_CURRENT_DESKTOP', 'ubuntu:GNOME'), ('IBUS_DISABLE_SNOOPER', '1'), ('LC_TELEPHONE', 'de_DE.UTF-8'), ('XMODIFIERS', '@im=ibus'), ('XDG_SESSION_DESKTOP', 'ubuntu'), ('XAUTHORITY', '/run/user/1000/.mutter-Xwaylandauth.RE1JW3'), ('LS_COLORS', 'rs=0:di=01;34:ln=01;36:mh=00:pi=40;33:so=01;35:do=01;35:bd=40;33;01:cd=40;33;01:or=40;31;01:mi=00:su=37;41:sg=30;43:ca=30;41:tw=30;42:ow=34;42:st=37;44:ex=01;32:*.tar=01;31:*.tgz=01;31:*.arc=01;31:*.arj=01;31:*.taz=01;31:*.lha=01;31:*.lz4=01;31:*.lzh=01;31:*.lzma=01;31:*.tlz=01;31:*.txz=01;31:*.tzo=01;31:*.t7z=01;31:*.zip=01;31:*.z=01;31:*.dz=01;31:*.gz=01;31:*.lrz=01;31:*.lz=01;31:*.lzo=01;31:*.xz=01;31:*.zst=01;31:*.tzst=01;31:*.bz2=01;31:*.bz=01;31:*.tbz=01;31:*.tbz2=01;31:*.tz=01;31:*.deb=01;31:*.rpm=01;31:*.jar=01;31:*.war=01;31:*.ear=01;31:*.sar=01;31:*.rar=01;31:*.alz=01;31:*.ace=01;31:*.zoo=01;31:*.cpio=01;31:*.7z=01;31:*.rz=01;31:*.cab=01;31:*.wim=01;31:*.swm=01;31:*.dwm=01;31:*.esd=01;31:*.jpg=01;35:*.jpeg=01;35:*.mjpg=01;35:*.mjpeg=01;35:*.gif=01;35:*.bmp=01;35:*.pbm=01;35:*.pgm=01;35:*.ppm=01;35:*.tga=01;35:*.xbm=01;35:*.xpm=01;35:*.tif=01;35:*.tiff=01;35:*.png=01;35:*.svg=01;35:*.svgz=01;35:*.mng=01;35:*.pcx=01;35:*.mov=01;35:*.mpg=01;35:*.mpeg=01;35:*.m2v=01;35:*.mkv=01;35:*.webm=01;35:*.webp=01;35:*.ogm=01;35:*.mp4=01;35:*.m4v=01;35:*.mp4v=01;35:*.vob=01;35:*.qt=01;35:*.nuv=01;35:*.wmv=01;35:*.asf=01;35:*.rm=01;35:*.rmvb=01;35:*.flc=01;35:*.avi=01;35:*.fli=01;35:*.flv=01;35:*.gl=01;35:*.dl=01;35:*.xcf=01;35:*.xwd=01;35:*.yuv=01;35:*.cgm=01;35:*.emf=01;35:*.ogv=01;35:*.ogx=01;35:*.aac=00;36:*.au=00;36:*.flac=00;36:*.m4a=00;36:*.mid=00;36:*.midi=00;36:*.mka=00;36:*.mp3=00;36:*.mpc=00;36:*.ogg=00;36:*.ra=00;36:*.wav=00;36:*.oga=00;36:*.opus=00;36:*.spx=00;36:*.xspf=00;36:'), ('SSH_AGENT_LAUNCHER', 'gnome-keyring'), ('SSH_AUTH_SOCK', '/run/user/1000/keyring/ssh'), ('AMENT_PREFIX_PATH', '/home/ashraful/HBRS/AMR/AMR_PROJECT/amr-team-bot/install/robile_description:/opt/ros/humble'), ('SHELL', '/bin/bash'), ('LC_NAME', 'de_DE.UTF-8'), ('TERMINATOR_UUID', 'urn:uuid:1c72cd59-31a6-4f1a-b61b-5502cd39b2d2'), ('QT_ACCESSIBILITY', '1'), ('GDMSESSION', 'ubuntu'), ('LESSCLOSE', '/usr/bin/lesspipe %s %s'), ('LC_MEASUREMENT', 'de_DE.UTF-8'), ('LC_IDENTIFICATION', 'de_DE.UTF-8'), ('QT_IM_MODULE', 'ibus'), ('PWD', '/home/ashraful/HBRS/AMR/AMR_PROJECT/amr-team-bot/build/robile_gazebo'), ('XDG_CONFIG_DIRS', '/etc/xdg/xdg-ubuntu:/etc/xdg'), ('XDG_DATA_DIRS', '/usr/share/ubuntu:/usr/local/share/:/usr/share/:/var/lib/snapd/desktop'), ('PYTHONPATH', '/opt/ros/humble/lib/python3.10/site-packages:/opt/ros/humble/local/lib/python3.10/dist-packages'), ('LC_NUMERIC', 'de_DE.UTF-8'), ('LC_PAPER', 'de_DE.UTF-8'), ('COLCON', '1'), ('VTE_VERSION', '6800'), ('CMAKE_PREFIX_PATH', '/home/ashraful/HBRS/AMR/AMR_PROJECT/amr-team-bot/install/robile_description:/opt/ros/humble')]), 'shell': False}
[16.174609] (robile_navigation) StdoutLine: {'line': b'-- Found ament_cmake: 1.3.14 (/opt/ros/humble/share/ament_cmake/cmake)\n'}
[16.182832] (robile_reach_goal) Command: {'cmd': ['/usr/bin/python3', '-W', 'ignore:setup.py install is deprecated', '-W', 'ignore:easy_install command is deprecated', 'setup.py', 'develop', '--uninstall', '--editable', '--build-directory', '/home/ashraful/HBRS/AMR/AMR_PROJECT/amr-team-bot/build/robile_reach_goal/build'], 'cwd': '/home/ashraful/HBRS/AMR/AMR_PROJECT/amr-team-bot/build/robile_reach_goal', 'env': {'LESSOPEN': '| /usr/bin/lesspipe %s', 'USER': 'ashraful', 'LC_TIME': 'de_DE.UTF-8', 'XDG_SESSION_TYPE': 'wayland', 'SHLVL': '1', 'LD_LIBRARY_PATH': '/usr/lib/x86_64-linux-gnu/gazebo-11/plugins:/opt/ros/humble/opt/rviz_ogre_vendor/lib:/opt/ros/humble/lib/x86_64-linux-gnu:/opt/ros/humble/lib:/home/ashraful/.mujoco/mujoco-3.9.0/lib:/home/ashraful/.mujoco/mujoco-3.9.0/lib', 'HOME': '/home/ashraful', 'OLDPWD': '/home/ashraful/HBRS/AMR/AMR_PROJECT/amr-team-bot/src', 'DESKTOP_SESSION': 'ubuntu', 'ROS_PYTHON_VERSION': '3', 'GNOME_SHELL_SESSION_MODE': 'ubuntu', 'GTK_MODULES': 'gail:atk-bridge', 'LC_MONETARY': 'de_DE.UTF-8', 'MANAGERPID': '1723', 'SYSTEMD_EXEC_PID': '2083', 'DBUS_SESSION_BUS_ADDRESS': 'unix:path=/run/user/1000/bus', 'COLORTERM': 'truecolor', 'TERMINATOR_DBUS_NAME': 'net.tenshu.Terminator25ef4b219e3b005583550f2b0f9f990c3', 'GIO_LAUNCHED_DESKTOP_FILE_PID': '87784', 'IM_CONFIG_PHASE': '1', 'WAYLAND_DISPLAY': 'wayland-0', 'ROS_DISTRO': 'humble', 'LOGNAME': 'ashraful', 'JOURNAL_STREAM': '8:20533', '_': '/usr/bin/colcon', 'ROS_VERSION': '2', 'XDG_SESSION_CLASS': 'user', 'USERNAME': 'ashraful', 'TERM': 'xterm-256color', 'GNOME_DESKTOP_SESSION_ID': 'this-is-deprecated', 'ROS_LOCALHOST_ONLY': '0', 'PATH': '/opt/ros/humble/bin:/home/ashraful/.local/bin:/usr/local/sbin:/usr/local/bin:/usr/sbin:/usr/bin:/sbin:/bin:/usr/games:/usr/local/games:/snap/bin:/snap/bin:/home/ashraful/.mujoco/mujoco-3.9.0/bin', 'SESSION_MANAGER': 'local/ashraful:@/tmp/.ICE-unix/1865,unix/ashraful:/tmp/.ICE-unix/1865', 'INVOCATION_ID': '8220aff1741a4be28484ee2ff67f3009', 'XDG_MENU_PREFIX': 'gnome-', 'LC_ADDRESS': 'de_DE.UTF-8', 'GNOME_SETUP_DISPLAY': ':1', 'XDG_RUNTIME_DIR': '/run/user/1000', 'DISPLAY': ':0', 'TERMINATOR_DBUS_PATH': '/net/tenshu/Terminator2', 'LANG': 'en_US.UTF-8', 'XDG_CURRENT_DESKTOP': 'ubuntu:GNOME', 'IBUS_DISABLE_SNOOPER': '1', 'LC_TELEPHONE': 'de_DE.UTF-8', 'XMODIFIERS': '@im=ibus', 'XDG_SESSION_DESKTOP': 'ubuntu', 'XAUTHORITY': '/run/user/1000/.mutter-Xwaylandauth.RE1JW3', 'LS_COLORS': 'rs=0:di=01;34:ln=01;36:mh=00:pi=40;33:so=01;35:do=01;35:bd=40;33;01:cd=40;33;01:or=40;31;01:mi=00:su=37;41:sg=30;43:ca=30;41:tw=30;42:ow=34;42:st=37;44:ex=01;32:*.tar=01;31:*.tgz=01;31:*.arc=01;31:*.arj=01;31:*.taz=01;31:*.lha=01;31:*.lz4=01;31:*.lzh=01;31:*.lzma=01;31:*.tlz=01;31:*.txz=01;31:*.tzo=01;31:*.t7z=01;31:*.zip=01;31:*.z=01;31:*.dz=01;31:*.gz=01;31:*.lrz=01;31:*.lz=01;31:*.lzo=01;31:*.xz=01;31:*.zst=01;31:*.tzst=01;31:*.bz2=01;31:*.bz=01;31:*.tbz=01;31:*.tbz2=01;31:*.tz=01;31:*.deb=01;31:*.rpm=01;31:*.jar=01;31:*.war=01;31:*.ear=01;31:*.sar=01;31:*.rar=01;31:*.alz=01;31:*.ace=01;31:*.zoo=01;31:*.cpio=01;31:*.7z=01;31:*.rz=01;31:*.cab=01;31:*.wim=01;31:*.swm=01;31:*.dwm=01;31:*.esd=01;31:*.jpg=01;35:*.jpeg=01;35:*.mjpg=01;35:*.mjpeg=01;35:*.gif=01;35:*.bmp=01;35:*.pbm=01;35:*.pgm=01;35:*.ppm=01;35:*.tga=01;35:*.xbm=01;35:*.xpm=01;35:*.tif=01;35:*.tiff=01;35:*.png=01;35:*.svg=01;35:*.svgz=01;35:*.mng=01;35:*.pcx=01;35:*.mov=01;35:*.mpg=01;35:*.mpeg=01;35:*.m2v=01;35:*.mkv=01;35:*.webm=01;35:*.webp=01;35:*.ogm=01;35:*.mp4=01;35:*.m4v=01;35:*.mp4v=01;35:*.vob=01;35:*.qt=01;35:*.nuv=01;35:*.wmv=01;35:*.asf=01;35:*.rm=01;35:*.rmvb=01;35:*.flc=01;35:*.avi=01;35:*.fli=01;35:*.flv=01;35:*.gl=01;35:*.dl=01;35:*.xcf=01;35:*.xwd=01;35:*.yuv=01;35:*.cgm=01;35:*.emf=01;35:*.ogv=01;35:*.ogx=01;35:*.aac=00;36:*.au=00;36:*.flac=00;36:*.m4a=00;36:*.mid=00;36:*.midi=00;36:*.mka=00;36:*.mp3=00;36:*.mpc=00;36:*.ogg=00;36:*.ra=00;36:*.wav=00;36:*.oga=00;36:*.opus=00;36:*.spx=00;36:*.xspf=00;36:', 'SSH_AGENT_LAUNCHER': 'gnome-keyring', 'SSH_AUTH_SOCK': '/run/user/1000/keyring/ssh', 'AMENT_PREFIX_PATH': '/opt/ros/humble', 'SHELL': '/bin/bash', 'LC_NAME': 'de_DE.UTF-8', 'TERMINATOR_UUID': 'urn:uuid:1c72cd59-31a6-4f1a-b61b-5502cd39b2d2', 'QT_ACCESSIBILITY': '1', 'GDMSESSION': 'ubuntu', 'LESSCLOSE': '/usr/bin/lesspipe %s %s', 'LC_MEASUREMENT': 'de_DE.UTF-8', 'LC_IDENTIFICATION': 'de_DE.UTF-8', 'QT_IM_MODULE': 'ibus', 'PWD': '/home/ashraful/HBRS/AMR/AMR_PROJECT/amr-team-bot/build/robile_reach_goal', 'XDG_CONFIG_DIRS': '/etc/xdg/xdg-ubuntu:/etc/xdg', 'XDG_DATA_DIRS': '/usr/share/ubuntu:/usr/local/share/:/usr/share/:/var/lib/snapd/desktop', 'PYTHONPATH': '/home/ashraful/HBRS/AMR/AMR_PROJECT/amr-team-bot/build/robile_reach_goal/prefix_override:/usr/lib/python3/dist-packages/colcon_core/task/python/colcon_distutils_commands:/home/ashraful/HBRS/AMR/AMR_PROJECT/amr-team-bot/install/robile_reach_goal/lib/python3.10/site-packages:/opt/ros/humble/lib/python3.10/site-packages:/opt/ros/humble/local/lib/python3.10/dist-packages', 'LC_NUMERIC': 'de_DE.UTF-8', 'LC_PAPER': 'de_DE.UTF-8', 'COLCON': '1', 'VTE_VERSION': '6800'}, 'shell': False}
[16.203867] (robile_gazebo) StdoutLine: {'line': b'-- Install configuration: ""\n'}
[16.215520] (robile_gazebo) StdoutLine: {'line': b'-- Execute custom install script\n'}
[16.218820] (robile_gazebo) StdoutLine: {'line': b'-- Up-to-date symlink: /home/ashraful/HBRS/AMR/AMR_PROJECT/amr-team-bot/install/robile_gazebo/share/robile_gazebo//config/doxygen/Doxyfile.in\n'}
[16.219247] (robile_gazebo) StdoutLine: {'line': b'-- Up-to-date symlink: /home/ashraful/HBRS/AMR/AMR_PROJECT/amr-team-bot/install/robile_gazebo/share/robile_gazebo//config/rviz/robile.rviz\n'}
[16.221471] (robile_gazebo) StdoutLine: {'line': b'-- Up-to-date symlink: /home/ashraful/HBRS/AMR/AMR_PROJECT/amr-team-bot/install/robile_gazebo/share/robile_gazebo//config/rviz/robile_foxy_nav.rviz\n'}
[16.228458] (robile_gazebo) StdoutLine: {'line': b'-- Up-to-date symlink: /home/ashraful/HBRS/AMR/AMR_PROJECT/amr-team-bot/install/robile_gazebo/share/robile_gazebo//config/rviz/robile_rolling.rviz\n'}
[16.232446] (robile_gazebo) StdoutLine: {'line': b'-- Up-to-date symlink: /home/ashraful/HBRS/AMR/AMR_PROJECT/amr-team-bot/install/robile_gazebo/share/robile_gazebo//launch/gazebo_4_wheel.launch (copy).py\n'}
[16.233482] (robile_gazebo) StdoutLine: {'line': b'-- Up-to-date symlink: /home/ashraful/HBRS/AMR/AMR_PROJECT/amr-team-bot/install/robile_gazebo/share/robile_gazebo//launch/gazebo_4_wheel.launch.py\n'}
[16.234321] (robile_gazebo) StdoutLine: {'line': b'-- Up-to-date symlink: /home/ashraful/HBRS/AMR/AMR_PROJECT/amr-team-bot/install/robile_gazebo/share/robile_gazebo//worlds/closed_walls.world\n'}
[16.237535] (robile_gazebo) StdoutLine: {'line': b'-- Up-to-date symlink: /home/ashraful/HBRS/AMR/AMR_PROJECT/amr-team-bot/install/robile_gazebo/share/robile_gazebo//worlds/potential_field_gazebo.world\n'}
[16.237768] (robile_gazebo) StdoutLine: {'line': b'-- Symlinking: /home/ashraful/HBRS/AMR/AMR_PROJECT/amr-team-bot/install/robile_gazebo/share/robile_gazebo//worlds/small_house.world\n'}
[16.269562] (-) TimerEvent: {}
[16.281079] (robile_gazebo) StdoutLine: {'line': b'-- Up-to-date symlink: /home/ashraful/HBRS/AMR/AMR_PROJECT/amr-team-bot/install/robile_gazebo/share/ament_index/resource_index/package_run_dependencies/robile_gazebo\n'}
[16.285230] (robile_gazebo) StdoutLine: {'line': b'-- Up-to-date symlink: /home/ashraful/HBRS/AMR/AMR_PROJECT/amr-team-bot/install/robile_gazebo/share/ament_index/resource_index/parent_prefix_path/robile_gazebo\n'}
[16.286364] (robile_gazebo) StdoutLine: {'line': b'-- Up-to-date symlink: /home/ashraful/HBRS/AMR/AMR_PROJECT/amr-team-bot/install/robile_gazebo/share/robile_gazebo/environment/ament_prefix_path.sh\n'}
[16.288098] (robile_gazebo) StdoutLine: {'line': b'-- Up-to-date symlink: /home/ashraful/HBRS/AMR/AMR_PROJECT/amr-team-bot/install/robile_gazebo/share/robile_gazebo/environment/ament_prefix_path.dsv\n'}
[16.288329] (robile_gazebo) StdoutLine: {'line': b'-- Up-to-date symlink: /home/ashraful/HBRS/AMR/AMR_PROJECT/amr-team-bot/install/robile_gazebo/share/robile_gazebo/environment/path.sh\n'}
[16.288545] (robile_gazebo) StdoutLine: {'line': b'-- Up-to-date symlink: /home/ashraful/HBRS/AMR/AMR_PROJECT/amr-team-bot/install/robile_gazebo/share/robile_gazebo/environment/path.dsv\n'}
[16.296771] (robile_gazebo) StdoutLine: {'line': b'-- Up-to-date symlink: /home/ashraful/HBRS/AMR/AMR_PROJECT/amr-team-bot/install/robile_gazebo/share/robile_gazebo/local_setup.bash\n'}
[16.297042] (robile_gazebo) StdoutLine: {'line': b'-- Up-to-date symlink: /home/ashraful/HBRS/AMR/AMR_PROJECT/amr-team-bot/install/robile_gazebo/share/robile_gazebo/local_setup.sh\n'}
[16.297240] (robile_gazebo) StdoutLine: {'line': b'-- Up-to-date symlink: /home/ashraful/HBRS/AMR/AMR_PROJECT/amr-team-bot/install/robile_gazebo/share/robile_gazebo/local_setup.zsh\n'}
[16.301407] (robile_gazebo) StdoutLine: {'line': b'-- Up-to-date symlink: /home/ashraful/HBRS/AMR/AMR_PROJECT/amr-team-bot/install/robile_gazebo/share/robile_gazebo/local_setup.dsv\n'}
[16.302150] (robile_gazebo) StdoutLine: {'line': b'-- Symlinking: /home/ashraful/HBRS/AMR/AMR_PROJECT/amr-team-bot/install/robile_gazebo/share/robile_gazebo/package.dsv\n'}
[16.316595] (robile_gazebo) StdoutLine: {'line': b'-- Up-to-date symlink: /home/ashraful/HBRS/AMR/AMR_PROJECT/amr-team-bot/install/robile_gazebo/share/ament_index/resource_index/packages/robile_gazebo\n'}
[16.318627] (robile_gazebo) StdoutLine: {'line': b'-- Up-to-date symlink: /home/ashraful/HBRS/AMR/AMR_PROJECT/amr-team-bot/install/robile_gazebo/share/robile_gazebo/cmake/ament_cmake_export_include_directories-extras.cmake\n'}
[16.319424] (robile_gazebo) StdoutLine: {'line': b'-- Up-to-date symlink: /home/ashraful/HBRS/AMR/AMR_PROJECT/amr-team-bot/install/robile_gazebo/share/robile_gazebo/cmake/robile_gazeboConfig.cmake\n'}
[16.320770] (robile_gazebo) StdoutLine: {'line': b'-- Up-to-date symlink: /home/ashraful/HBRS/AMR/AMR_PROJECT/amr-team-bot/install/robile_gazebo/share/robile_gazebo/cmake/robile_gazeboConfig-version.cmake\n'}
[16.322681] (robile_gazebo) StdoutLine: {'line': b'-- Up-to-date symlink: /home/ashraful/HBRS/AMR/AMR_PROJECT/amr-team-bot/install/robile_gazebo/share/robile_gazebo/package.xml\n'}
[16.332704] (robile_gazebo) CommandEnded: {'returncode': 0}
[16.370134] (-) TimerEvent: {}
[16.450759] (robile_gazebo) JobEnded: {'identifier': 'robile_gazebo', 'rc': 0}
[16.470288] (-) TimerEvent: {}
[16.534966] (robile_control_simple) StdoutLine: {'line': b'Removing /home/ashraful/HBRS/AMR/AMR_PROJECT/amr-team-bot/install/robile_control_simple/lib/python3.10/site-packages/robile-control-simple.egg-link (link to .)\n'}
[16.570839] (-) TimerEvent: {}
[16.589036] (robile_navigation) StdoutLine: {'line': b'-- Override CMake install command with custom implementation using symlinks instead of copying resources\n'}
[16.625847] (robile_navigation) StdoutLine: {'line': b'-- Found rclcpp: 16.0.19 (/opt/ros/humble/share/rclcpp/cmake)\n'}
[16.646520] (robile_control_simple) CommandEnded: {'returncode': 0}
[16.651268] (robile_control_simple) Command: {'cmd': ['/usr/bin/python3', '-W', 'ignore:setup.py install is deprecated', '-W', 'ignore:easy_install command is deprecated', 'setup.py', 'egg_info', '--egg-base', '../../../../build/robile_control_simple', 'build', '--build-base', '/home/ashraful/HBRS/AMR/AMR_PROJECT/amr-team-bot/build/robile_control_simple/build', 'install', '--record', '/home/ashraful/HBRS/AMR/AMR_PROJECT/amr-team-bot/build/robile_control_simple/install.log', '--install-scripts', '$base/lib/robile_control_simple', '--single-version-externally-managed', 'install_data', '--force'], 'cwd': '/home/ashraful/HBRS/AMR/AMR_PROJECT/amr-team-bot/src/Robile/robile_demos/robile_control_simple', 'env': {'LESSOPEN': '| /usr/bin/lesspipe %s', 'USER': 'ashraful', 'LC_TIME': 'de_DE.UTF-8', 'XDG_SESSION_TYPE': 'wayland', 'SHLVL': '1', 'LD_LIBRARY_PATH': '/usr/lib/x86_64-linux-gnu/gazebo-11/plugins:/opt/ros/humble/opt/rviz_ogre_vendor/lib:/opt/ros/humble/lib/x86_64-linux-gnu:/opt/ros/humble/lib:/home/ashraful/.mujoco/mujoco-3.9.0/lib:/home/ashraful/.mujoco/mujoco-3.9.0/lib', 'HOME': '/home/ashraful', 'OLDPWD': '/home/ashraful/HBRS/AMR/AMR_PROJECT/amr-team-bot/src', 'DESKTOP_SESSION': 'ubuntu', 'ROS_PYTHON_VERSION': '3', 'GNOME_SHELL_SESSION_MODE': 'ubuntu', 'GTK_MODULES': 'gail:atk-bridge', 'LC_MONETARY': 'de_DE.UTF-8', 'MANAGERPID': '1723', 'SYSTEMD_EXEC_PID': '2083', 'DBUS_SESSION_BUS_ADDRESS': 'unix:path=/run/user/1000/bus', 'COLORTERM': 'truecolor', 'TERMINATOR_DBUS_NAME': 'net.tenshu.Terminator25ef4b219e3b005583550f2b0f9f990c3', 'GIO_LAUNCHED_DESKTOP_FILE_PID': '87784', 'IM_CONFIG_PHASE': '1', 'WAYLAND_DISPLAY': 'wayland-0', 'ROS_DISTRO': 'humble', 'LOGNAME': 'ashraful', 'JOURNAL_STREAM': '8:20533', '_': '/usr/bin/colcon', 'ROS_VERSION': '2', 'XDG_SESSION_CLASS': 'user', 'USERNAME': 'ashraful', 'TERM': 'xterm-256color', 'GNOME_DESKTOP_SESSION_ID': 'this-is-deprecated', 'ROS_LOCALHOST_ONLY': '0', 'PATH': '/opt/ros/humble/bin:/home/ashraful/.local/bin:/usr/local/sbin:/usr/local/bin:/usr/sbin:/usr/bin:/sbin:/bin:/usr/games:/usr/local/games:/snap/bin:/snap/bin:/home/ashraful/.mujoco/mujoco-3.9.0/bin', 'SESSION_MANAGER': 'local/ashraful:@/tmp/.ICE-unix/1865,unix/ashraful:/tmp/.ICE-unix/1865', 'INVOCATION_ID': '8220aff1741a4be28484ee2ff67f3009', 'XDG_MENU_PREFIX': 'gnome-', 'LC_ADDRESS': 'de_DE.UTF-8', 'GNOME_SETUP_DISPLAY': ':1', 'XDG_RUNTIME_DIR': '/run/user/1000', 'DISPLAY': ':0', 'TERMINATOR_DBUS_PATH': '/net/tenshu/Terminator2', 'LANG': 'en_US.UTF-8', 'XDG_CURRENT_DESKTOP': 'ubuntu:GNOME', 'IBUS_DISABLE_SNOOPER': '1', 'LC_TELEPHONE': 'de_DE.UTF-8', 'XMODIFIERS': '@im=ibus', 'XDG_SESSION_DESKTOP': 'ubuntu', 'XAUTHORITY': '/run/user/1000/.mutter-Xwaylandauth.RE1JW3', 'LS_COLORS': 'rs=0:di=01;34:ln=01;36:mh=00:pi=40;33:so=01;35:do=01;35:bd=40;33;01:cd=40;33;01:or=40;31;01:mi=00:su=37;41:sg=30;43:ca=30;41:tw=30;42:ow=34;42:st=37;44:ex=01;32:*.tar=01;31:*.tgz=01;31:*.arc=01;31:*.arj=01;31:*.taz=01;31:*.lha=01;31:*.lz4=01;31:*.lzh=01;31:*.lzma=01;31:*.tlz=01;31:*.txz=01;31:*.tzo=01;31:*.t7z=01;31:*.zip=01;31:*.z=01;31:*.dz=01;31:*.gz=01;31:*.lrz=01;31:*.lz=01;31:*.lzo=01;31:*.xz=01;31:*.zst=01;31:*.tzst=01;31:*.bz2=01;31:*.bz=01;31:*.tbz=01;31:*.tbz2=01;31:*.tz=01;31:*.deb=01;31:*.rpm=01;31:*.jar=01;31:*.war=01;31:*.ear=01;31:*.sar=01;31:*.rar=01;31:*.alz=01;31:*.ace=01;31:*.zoo=01;31:*.cpio=01;31:*.7z=01;31:*.rz=01;31:*.cab=01;31:*.wim=01;31:*.swm=01;31:*.dwm=01;31:*.esd=01;31:*.jpg=01;35:*.jpeg=01;35:*.mjpg=01;35:*.mjpeg=01;35:*.gif=01;35:*.bmp=01;35:*.pbm=01;35:*.pgm=01;35:*.ppm=01;35:*.tga=01;35:*.xbm=01;35:*.xpm=01;35:*.tif=01;35:*.tiff=01;35:*.png=01;35:*.svg=01;35:*.svgz=01;35:*.mng=01;35:*.pcx=01;35:*.mov=01;35:*.mpg=01;35:*.mpeg=01;35:*.m2v=01;35:*.mkv=01;35:*.webm=01;35:*.webp=01;35:*.ogm=01;35:*.mp4=01;35:*.m4v=01;35:*.mp4v=01;35:*.vob=01;35:*.qt=01;35:*.nuv=01;35:*.wmv=01;35:*.asf=01;35:*.rm=01;35:*.rmvb=01;35:*.flc=01;35:*.avi=01;35:*.fli=01;35:*.flv=01;35:*.gl=01;35:*.dl=01;35:*.xcf=01;35:*.xwd=01;35:*.yuv=01;35:*.cgm=01;35:*.emf=01;35:*.ogv=01;35:*.ogx=01;35:*.aac=00;36:*.au=00;36:*.flac=00;36:*.m4a=00;36:*.mid=00;36:*.midi=00;36:*.mka=00;36:*.mp3=00;36:*.mpc=00;36:*.ogg=00;36:*.ra=00;36:*.wav=00;36:*.oga=00;36:*.opus=00;36:*.spx=00;36:*.xspf=00;36:', 'SSH_AGENT_LAUNCHER': 'gnome-keyring', 'SSH_AUTH_SOCK': '/run/user/1000/keyring/ssh', 'AMENT_PREFIX_PATH': '/opt/ros/humble', 'SHELL': '/bin/bash', 'LC_NAME': 'de_DE.UTF-8', 'TERMINATOR_UUID': 'urn:uuid:1c72cd59-31a6-4f1a-b61b-5502cd39b2d2', 'QT_ACCESSIBILITY': '1', 'GDMSESSION': 'ubuntu', 'LESSCLOSE': '/usr/bin/lesspipe %s %s', 'LC_MEASUREMENT': 'de_DE.UTF-8', 'LC_IDENTIFICATION': 'de_DE.UTF-8', 'QT_IM_MODULE': 'ibus', 'PWD': '/home/ashraful/HBRS/AMR/AMR_PROJECT/amr-team-bot/build/robile_control_simple', 'XDG_CONFIG_DIRS': '/etc/xdg/xdg-ubuntu:/etc/xdg', 'XDG_DATA_DIRS': '/usr/share/ubuntu:/usr/local/share/:/usr/share/:/var/lib/snapd/desktop', 'PYTHONPATH': '/home/ashraful/HBRS/AMR/AMR_PROJECT/amr-team-bot/build/robile_control_simple/prefix_override:/usr/lib/python3/dist-packages/colcon_core/task/python/colcon_distutils_commands:/home/ashraful/HBRS/AMR/AMR_PROJECT/amr-team-bot/install/robile_control_simple/lib/python3.10/site-packages:/opt/ros/humble/lib/python3.10/site-packages:/opt/ros/humble/local/lib/python3.10/dist-packages', 'LC_NUMERIC': 'de_DE.UTF-8', 'LC_PAPER': 'de_DE.UTF-8', 'COLCON': '1', 'VTE_VERSION': '6800'}, 'shell': False}
[16.671549] (-) TimerEvent: {}
[16.768897] (robile_navigation) StdoutLine: {'line': b'-- Found rosidl_generator_c: 3.1.9 (/opt/ros/humble/share/rosidl_generator_c/cmake)\n'}
[16.774796] (-) TimerEvent: {}
[16.775487] (robile_navigation) StdoutLine: {'line': b'-- Found rosidl_adapter: 3.1.9 (/opt/ros/humble/share/rosidl_adapter/cmake)\n'}
[16.798697] (robile_navigation) StdoutLine: {'line': b'-- Found rosidl_generator_cpp: 3.1.9 (/opt/ros/humble/share/rosidl_generator_cpp/cmake)\n'}
[16.846555] (robile_navigation) StdoutLine: {'line': b'-- Using all available rosidl_typesupport_c: rosidl_typesupport_fastrtps_c;rosidl_typesupport_introspection_c\n'}
[16.875573] (-) TimerEvent: {}
[16.889824] (robile_navigation) StdoutLine: {'line': b'-- Using all available rosidl_typesupport_cpp: rosidl_typesupport_fastrtps_cpp;rosidl_typesupport_introspection_cpp\n'}
[16.942983] (potential) StdoutLine: {'line': b'running egg_info\n'}
[16.944257] (potential) StdoutLine: {'line': b'writing ../../build/potential/potential.egg-info/PKG-INFO\n'}
[16.945484] (potential) StdoutLine: {'line': b'writing dependency_links to ../../build/potential/potential.egg-info/dependency_links.txt\n'}
[16.945882] (potential) StdoutLine: {'line': b'writing entry points to ../../build/potential/potential.egg-info/entry_points.txt\n'}
[16.946489] (potential) StdoutLine: {'line': b'writing requirements to ../../build/potential/potential.egg-info/requires.txt\n'}
[16.947070] (potential) StdoutLine: {'line': b'writing top-level names to ../../build/potential/potential.egg-info/top_level.txt\n'}
[16.954749] (potential) StdoutLine: {'line': b"reading manifest file '../../build/potential/potential.egg-info/SOURCES.txt'\n"}
[16.956113] (potential) StdoutLine: {'line': b"adding license file 'LICENSE'\n"}
[16.957659] (potential) StdoutLine: {'line': b"writing manifest file '../../build/potential/potential.egg-info/SOURCES.txt'\n"}
[16.958333] (potential) StdoutLine: {'line': b'running build\n'}
[16.958619] (potential) StdoutLine: {'line': b'running build_py\n'}
[16.959297] (potential) StdoutLine: {'line': b'creating /home/ashraful/HBRS/AMR/AMR_PROJECT/amr-team-bot/build/potential/build\n'}
[16.960510] (potential) StdoutLine: {'line': b'creating /home/ashraful/HBRS/AMR/AMR_PROJECT/amr-team-bot/build/potential/build/lib\n'}
[16.960738] (potential) StdoutLine: {'line': b'creating /home/ashraful/HBRS/AMR/AMR_PROJECT/amr-team-bot/build/potential/build/lib/potential\n'}
[16.960928] (potential) StdoutLine: {'line': b'copying potential/__init__.py -> /home/ashraful/HBRS/AMR/AMR_PROJECT/amr-team-bot/build/potential/build/lib/potential\n'}
[16.962250] (potential) StdoutLine: {'line': b'copying potential/potential.py -> /home/ashraful/HBRS/AMR/AMR_PROJECT/amr-team-bot/build/potential/build/lib/potential\n'}
[16.963036] (potential) StdoutLine: {'line': b'running install\n'}
[16.964162] (potential) StdoutLine: {'line': b'running install_lib\n'}
[16.964385] (potential) StdoutLine: {'line': b'creating /home/ashraful/HBRS/AMR/AMR_PROJECT/amr-team-bot/install/potential/lib/python3.10/site-packages/potential\n'}
[16.965457] (potential) StdoutLine: {'line': b'copying /home/ashraful/HBRS/AMR/AMR_PROJECT/amr-team-bot/build/potential/build/lib/potential/__init__.py -> /home/ashraful/HBRS/AMR/AMR_PROJECT/amr-team-bot/install/potential/lib/python3.10/site-packages/potential\n'}
[16.965768] (potential) StdoutLine: {'line': b'copying /home/ashraful/HBRS/AMR/AMR_PROJECT/amr-team-bot/build/potential/build/lib/potential/potential.py -> /home/ashraful/HBRS/AMR/AMR_PROJECT/amr-team-bot/install/potential/lib/python3.10/site-packages/potential\n'}
[16.966213] (potential) StdoutLine: {'line': b'byte-compiling /home/ashraful/HBRS/AMR/AMR_PROJECT/amr-team-bot/install/potential/lib/python3.10/site-packages/potential/__init__.py to __init__.cpython-310.pyc\n'}
[16.966622] (potential) StdoutLine: {'line': b'byte-compiling /home/ashraful/HBRS/AMR/AMR_PROJECT/amr-team-bot/install/potential/lib/python3.10/site-packages/potential/potential.py to potential.cpython-310.pyc\n'}
[16.971421] (potential) StdoutLine: {'line': b'running install_data\n'}
[16.972440] (potential) StdoutLine: {'line': b'copying resource/potential -> /home/ashraful/HBRS/AMR/AMR_PROJECT/amr-team-bot/install/potential/share/ament_index/resource_index/packages\n'}
[16.972893] (potential) StdoutLine: {'line': b'copying package.xml -> /home/ashraful/HBRS/AMR/AMR_PROJECT/amr-team-bot/install/potential/share/potential\n'}
[16.973166] (potential) StdoutLine: {'line': b'running install_egg_info\n'}
[16.975670] (-) TimerEvent: {}
[16.977921] (potential) StdoutLine: {'line': b'Copying ../../build/potential/potential.egg-info to /home/ashraful/HBRS/AMR/AMR_PROJECT/amr-team-bot/install/potential/lib/python3.10/site-packages/potential-0.0.0-py3.10.egg-info\n'}
[16.982227] (potential) StdoutLine: {'line': b'running install_scripts\n'}
[17.052414] (potential) StdoutLine: {'line': b'Installing potential script to /home/ashraful/HBRS/AMR/AMR_PROJECT/amr-team-bot/install/potential/lib/potential\n'}
[17.054436] (potential) StdoutLine: {'line': b"writing list of installed files to '/home/ashraful/HBRS/AMR/AMR_PROJECT/amr-team-bot/build/potential/install.log'\n"}
[17.075820] (-) TimerEvent: {}
[17.096456] (robile_navigation) StdoutLine: {'line': b'-- Found rmw_implementation_cmake: 6.1.3 (/opt/ros/humble/share/rmw_implementation_cmake/cmake)\n'}
[17.126275] (robile_navigation) StdoutLine: {'line': b'-- Found rmw_fastrtps_cpp: 6.2.10 (/opt/ros/humble/share/rmw_fastrtps_cpp/cmake)\n'}
[17.131826] (potential) CommandEnded: {'returncode': 0}
[17.166298] (potential) JobEnded: {'identifier': 'potential', 'rc': 0}
[17.176382] (-) TimerEvent: {}
[17.278360] (-) TimerEvent: {}
[17.287724] (robile_reach_goal) StdoutLine: {'line': b'running develop\n'}
[17.295393] (wavefront) Command: {'cmd': ['/usr/bin/python3', '-W', 'ignore:setup.py install is deprecated', '-W', 'ignore:easy_install command is deprecated', 'setup.py', 'develop', '--uninstall', '--editable', '--build-directory', '/home/ashraful/HBRS/AMR/AMR_PROJECT/amr-team-bot/build/wavefront/build'], 'cwd': '/home/ashraful/HBRS/AMR/AMR_PROJECT/amr-team-bot/build/wavefront', 'env': {'LESSOPEN': '| /usr/bin/lesspipe %s', 'USER': 'ashraful', 'LC_TIME': 'de_DE.UTF-8', 'XDG_SESSION_TYPE': 'wayland', 'SHLVL': '1', 'LD_LIBRARY_PATH': '/usr/lib/x86_64-linux-gnu/gazebo-11/plugins:/opt/ros/humble/opt/rviz_ogre_vendor/lib:/opt/ros/humble/lib/x86_64-linux-gnu:/opt/ros/humble/lib:/home/ashraful/.mujoco/mujoco-3.9.0/lib:/home/ashraful/.mujoco/mujoco-3.9.0/lib', 'HOME': '/home/ashraful', 'OLDPWD': '/home/ashraful/HBRS/AMR/AMR_PROJECT/amr-team-bot/src', 'DESKTOP_SESSION': 'ubuntu', 'ROS_PYTHON_VERSION': '3', 'GNOME_SHELL_SESSION_MODE': 'ubuntu', 'GTK_MODULES': 'gail:atk-bridge', 'LC_MONETARY': 'de_DE.UTF-8', 'MANAGERPID': '1723', 'SYSTEMD_EXEC_PID': '2083', 'DBUS_SESSION_BUS_ADDRESS': 'unix:path=/run/user/1000/bus', 'COLORTERM': 'truecolor', 'TERMINATOR_DBUS_NAME': 'net.tenshu.Terminator25ef4b219e3b005583550f2b0f9f990c3', 'GIO_LAUNCHED_DESKTOP_FILE_PID': '87784', 'IM_CONFIG_PHASE': '1', 'WAYLAND_DISPLAY': 'wayland-0', 'ROS_DISTRO': 'humble', 'LOGNAME': 'ashraful', 'JOURNAL_STREAM': '8:20533', '_': '/usr/bin/colcon', 'ROS_VERSION': '2', 'XDG_SESSION_CLASS': 'user', 'USERNAME': 'ashraful', 'TERM': 'xterm-256color', 'GNOME_DESKTOP_SESSION_ID': 'this-is-deprecated', 'ROS_LOCALHOST_ONLY': '0', 'PATH': '/opt/ros/humble/bin:/home/ashraful/.local/bin:/usr/local/sbin:/usr/local/bin:/usr/sbin:/usr/bin:/sbin:/bin:/usr/games:/usr/local/games:/snap/bin:/snap/bin:/home/ashraful/.mujoco/mujoco-3.9.0/bin', 'SESSION_MANAGER': 'local/ashraful:@/tmp/.ICE-unix/1865,unix/ashraful:/tmp/.ICE-unix/1865', 'INVOCATION_ID': '8220aff1741a4be28484ee2ff67f3009', 'XDG_MENU_PREFIX': 'gnome-', 'LC_ADDRESS': 'de_DE.UTF-8', 'GNOME_SETUP_DISPLAY': ':1', 'XDG_RUNTIME_DIR': '/run/user/1000', 'DISPLAY': ':0', 'TERMINATOR_DBUS_PATH': '/net/tenshu/Terminator2', 'LANG': 'en_US.UTF-8', 'XDG_CURRENT_DESKTOP': 'ubuntu:GNOME', 'IBUS_DISABLE_SNOOPER': '1', 'LC_TELEPHONE': 'de_DE.UTF-8', 'XMODIFIERS': '@im=ibus', 'XDG_SESSION_DESKTOP': 'ubuntu', 'XAUTHORITY': '/run/user/1000/.mutter-Xwaylandauth.RE1JW3', 'LS_COLORS': 'rs=0:di=01;34:ln=01;36:mh=00:pi=40;33:so=01;35:do=01;35:bd=40;33;01:cd=40;33;01:or=40;31;01:mi=00:su=37;41:sg=30;43:ca=30;41:tw=30;42:ow=34;42:st=37;44:ex=01;32:*.tar=01;31:*.tgz=01;31:*.arc=01;31:*.arj=01;31:*.taz=01;31:*.lha=01;31:*.lz4=01;31:*.lzh=01;31:*.lzma=01;31:*.tlz=01;31:*.txz=01;31:*.tzo=01;31:*.t7z=01;31:*.zip=01;31:*.z=01;31:*.dz=01;31:*.gz=01;31:*.lrz=01;31:*.lz=01;31:*.lzo=01;31:*.xz=01;31:*.zst=01;31:*.tzst=01;31:*.bz2=01;31:*.bz=01;31:*.tbz=01;31:*.tbz2=01;31:*.tz=01;31:*.deb=01;31:*.rpm=01;31:*.jar=01;31:*.war=01;31:*.ear=01;31:*.sar=01;31:*.rar=01;31:*.alz=01;31:*.ace=01;31:*.zoo=01;31:*.cpio=01;31:*.7z=01;31:*.rz=01;31:*.cab=01;31:*.wim=01;31:*.swm=01;31:*.dwm=01;31:*.esd=01;31:*.jpg=01;35:*.jpeg=01;35:*.mjpg=01;35:*.mjpeg=01;35:*.gif=01;35:*.bmp=01;35:*.pbm=01;35:*.pgm=01;35:*.ppm=01;35:*.tga=01;35:*.xbm=01;35:*.xpm=01;35:*.tif=01;35:*.tiff=01;35:*.png=01;35:*.svg=01;35:*.svgz=01;35:*.mng=01;35:*.pcx=01;35:*.mov=01;35:*.mpg=01;35:*.mpeg=01;35:*.m2v=01;35:*.mkv=01;35:*.webm=01;35:*.webp=01;35:*.ogm=01;35:*.mp4=01;35:*.m4v=01;35:*.mp4v=01;35:*.vob=01;35:*.qt=01;35:*.nuv=01;35:*.wmv=01;35:*.asf=01;35:*.rm=01;35:*.rmvb=01;35:*.flc=01;35:*.avi=01;35:*.fli=01;35:*.flv=01;35:*.gl=01;35:*.dl=01;35:*.xcf=01;35:*.xwd=01;35:*.yuv=01;35:*.cgm=01;35:*.emf=01;35:*.ogv=01;35:*.ogx=01;35:*.aac=00;36:*.au=00;36:*.flac=00;36:*.m4a=00;36:*.mid=00;36:*.midi=00;36:*.mka=00;36:*.mp3=00;36:*.mpc=00;36:*.ogg=00;36:*.ra=00;36:*.wav=00;36:*.oga=00;36:*.opus=00;36:*.spx=00;36:*.xspf=00;36:', 'SSH_AGENT_LAUNCHER': 'gnome-keyring', 'SSH_AUTH_SOCK': '/run/user/1000/keyring/ssh', 'AMENT_PREFIX_PATH': '/opt/ros/humble', 'SHELL': '/bin/bash', 'LC_NAME': 'de_DE.UTF-8', 'TERMINATOR_UUID': 'urn:uuid:1c72cd59-31a6-4f1a-b61b-5502cd39b2d2', 'QT_ACCESSIBILITY': '1', 'GDMSESSION': 'ubuntu', 'LESSCLOSE': '/usr/bin/lesspipe %s %s', 'LC_MEASUREMENT': 'de_DE.UTF-8', 'LC_IDENTIFICATION': 'de_DE.UTF-8', 'QT_IM_MODULE': 'ibus', 'PWD': '/home/ashraful/HBRS/AMR/AMR_PROJECT/amr-team-bot/build/wavefront', 'XDG_CONFIG_DIRS': '/etc/xdg/xdg-ubuntu:/etc/xdg', 'XDG_DATA_DIRS': '/usr/share/ubuntu:/usr/local/share/:/usr/share/:/var/lib/snapd/desktop', 'PYTHONPATH': '/home/ashraful/HBRS/AMR/AMR_PROJECT/amr-team-bot/build/wavefront/prefix_override:/usr/lib/python3/dist-packages/colcon_core/task/python/colcon_distutils_commands:/home/ashraful/HBRS/AMR/AMR_PROJECT/amr-team-bot/install/wavefront/lib/python3.10/site-packages:/opt/ros/humble/lib/python3.10/site-packages:/opt/ros/humble/local/lib/python3.10/dist-packages', 'LC_NUMERIC': 'de_DE.UTF-8', 'LC_PAPER': 'de_DE.UTF-8', 'COLCON': '1', 'VTE_VERSION': '6800'}, 'shell': False}
[17.379564] (-) TimerEvent: {}
[17.480242] (-) TimerEvent: {}
[17.533013] (robile_control_simple) StdoutLine: {'line': b'running egg_info\n'}
[17.535070] (robile_control_simple) StdoutLine: {'line': b'writing ../../../../build/robile_control_simple/robile_control_simple.egg-info/PKG-INFO\n'}
[17.538676] (robile_control_simple) StdoutLine: {'line': b'writing dependency_links to ../../../../build/robile_control_simple/robile_control_simple.egg-info/dependency_links.txt\n'}
[17.539003] (robile_control_simple) StdoutLine: {'line': b'writing entry points to ../../../../build/robile_control_simple/robile_control_simple.egg-info/entry_points.txt\n'}
[17.539536] (robile_control_simple) StdoutLine: {'line': b'writing requirements to ../../../../build/robile_control_simple/robile_control_simple.egg-info/requires.txt\n'}
[17.539906] (robile_control_simple) StdoutLine: {'line': b'writing top-level names to ../../../../build/robile_control_simple/robile_control_simple.egg-info/top_level.txt\n'}
[17.543673] (robile_control_simple) StdoutLine: {'line': b"reading manifest file '../../../../build/robile_control_simple/robile_control_simple.egg-info/SOURCES.txt'\n"}
[17.544922] (robile_control_simple) StdoutLine: {'line': b"writing manifest file '../../../../build/robile_control_simple/robile_control_simple.egg-info/SOURCES.txt'\n"}
[17.545272] (robile_control_simple) StdoutLine: {'line': b'running build\n'}
[17.545882] (robile_control_simple) StdoutLine: {'line': b'running build_py\n'}
[17.546146] (robile_control_simple) StdoutLine: {'line': b'creating /home/ashraful/HBRS/AMR/AMR_PROJECT/amr-team-bot/build/robile_control_simple/build\n'}
[17.546336] (robile_control_simple) StdoutLine: {'line': b'creating /home/ashraful/HBRS/AMR/AMR_PROJECT/amr-team-bot/build/robile_control_simple/build/lib\n'}
[17.546540] (robile_control_simple) StdoutLine: {'line': b'creating /home/ashraful/HBRS/AMR/AMR_PROJECT/amr-team-bot/build/robile_control_simple/build/lib/robile_control_simple\n'}
[17.546734] (robile_control_simple) StdoutLine: {'line': b'copying robile_control_simple/__init__.py -> /home/ashraful/HBRS/AMR/AMR_PROJECT/amr-team-bot/build/robile_control_simple/build/lib/robile_control_simple\n'}
[17.549665] (robile_control_simple) StdoutLine: {'line': b'copying robile_control_simple/robile_control_simple.py -> /home/ashraful/HBRS/AMR/AMR_PROJECT/amr-team-bot/build/robile_control_simple/build/lib/robile_control_simple\n'}
[17.550313] (robile_control_simple) StdoutLine: {'line': b'running install\n'}
[17.550575] (robile_control_simple) StdoutLine: {'line': b'running install_lib\n'}
[17.550935] (robile_control_simple) StdoutLine: {'line': b'creating /home/ashraful/HBRS/AMR/AMR_PROJECT/amr-team-bot/install/robile_control_simple/lib/python3.10/site-packages/robile_control_simple\n'}
[17.551156] (robile_control_simple) StdoutLine: {'line': b'copying /home/ashraful/HBRS/AMR/AMR_PROJECT/amr-team-bot/build/robile_control_simple/build/lib/robile_control_simple/__init__.py -> /home/ashraful/HBRS/AMR/AMR_PROJECT/amr-team-bot/install/robile_control_simple/lib/python3.10/site-packages/robile_control_simple\n'}
[17.551423] (robile_control_simple) StdoutLine: {'line': b'copying /home/ashraful/HBRS/AMR/AMR_PROJECT/amr-team-bot/build/robile_control_simple/build/lib/robile_control_simple/robile_control_simple.py -> /home/ashraful/HBRS/AMR/AMR_PROJECT/amr-team-bot/install/robile_control_simple/lib/python3.10/site-packages/robile_control_simple\n'}
[17.552019] (robile_control_simple) StdoutLine: {'line': b'byte-compiling /home/ashraful/HBRS/AMR/AMR_PROJECT/amr-team-bot/install/robile_control_simple/lib/python3.10/site-packages/robile_control_simple/__init__.py to __init__.cpython-310.pyc\n'}
[17.552811] (robile_control_simple) StdoutLine: {'line': b'byte-compiling /home/ashraful/HBRS/AMR/AMR_PROJECT/amr-team-bot/install/robile_control_simple/lib/python3.10/site-packages/robile_control_simple/robile_control_simple.py to robile_control_simple.cpython-310.pyc\n'}
[17.556173] (robile_control_simple) StdoutLine: {'line': b'running install_data\n'}
[17.556582] (robile_control_simple) StdoutLine: {'line': b'copying resource/robile_control_simple -> /home/ashraful/HBRS/AMR/AMR_PROJECT/amr-team-bot/install/robile_control_simple/share/ament_index/resource_index/packages\n'}
[17.556793] (robile_control_simple) StdoutLine: {'line': b'copying package.xml -> /home/ashraful/HBRS/AMR/AMR_PROJECT/amr-team-bot/install/robile_control_simple/share/robile_control_simple\n'}
[17.556975] (robile_control_simple) StdoutLine: {'line': b'running install_egg_info\n'}
[17.562737] (robile_control_simple) StdoutLine: {'line': b'Copying ../../../../build/robile_control_simple/robile_control_simple.egg-info to /home/ashraful/HBRS/AMR/AMR_PROJECT/amr-team-bot/install/robile_control_simple/lib/python3.10/site-packages/robile_control_simple-0.0.0-py3.10.egg-info\n'}
[17.563555] (robile_navigation) StdoutLine: {'line': b"-- Using RMW implementation 'rmw_fastrtps_cpp' as default\n"}
[17.564031] (robile_control_simple) StdoutLine: {'line': b'running install_scripts\n'}
[17.580435] (-) TimerEvent: {}
[17.621295] (robile_control_simple) StdoutLine: {'line': b'Installing circular_motion_publisher script to /home/ashraful/HBRS/AMR/AMR_PROJECT/amr-team-bot/install/robile_control_simple/lib/robile_control_simple\n'}
[17.622354] (robile_control_simple) StdoutLine: {'line': b"writing list of installed files to '/home/ashraful/HBRS/AMR/AMR_PROJECT/amr-team-bot/build/robile_control_simple/install.log'\n"}
[17.678584] (robile_control_simple) CommandEnded: {'returncode': 0}
[17.680519] (-) TimerEvent: {}
[17.696074] (robile_control_simple) JobEnded: {'identifier': 'robile_control_simple', 'rc': 0}
[17.761322] (robile_navigation) StdoutLine: {'line': b'-- Found rclpy: 3.3.21 (/opt/ros/humble/share/rclpy/cmake)\n'}
[17.762528] (robile_navigation) StdoutLine: {'line': b'-- Found nav_msgs: 4.9.2 (/opt/ros/humble/share/nav_msgs/cmake)\n'}
[17.780647] (-) TimerEvent: {}
[17.866335] (robile_navigation) StdoutLine: {'line': b'-- Found robile_interfaces: 0.0.0 (/home/ashraful/HBRS/AMR/AMR_PROJECT/amr-team-bot/install/robile_interfaces/share/robile_interfaces/cmake)\n'}
[17.880764] (-) TimerEvent: {}
[17.884553] (robile_reach_goal) StdoutLine: {'line': b'Removing /home/ashraful/HBRS/AMR/AMR_PROJECT/amr-team-bot/install/robile_reach_goal/lib/python3.10/site-packages/robile-reach-goal.egg-link (link to .)\n'}
[17.929193] (robile_navigation) StdoutLine: {'line': b'-- Found ament_lint_auto: 0.12.15 (/opt/ros/humble/share/ament_lint_auto/cmake)\n'}
[17.953415] (robile_reach_goal) CommandEnded: {'returncode': 0}
[17.956608] (robile_reach_goal) Command: {'cmd': ['/usr/bin/python3', '-W', 'ignore:setup.py install is deprecated', '-W', 'ignore:easy_install command is deprecated', 'setup.py', 'egg_info', '--egg-base', '../../../../build/robile_reach_goal', 'build', '--build-base', '/home/ashraful/HBRS/AMR/AMR_PROJECT/amr-team-bot/build/robile_reach_goal/build', 'install', '--record', '/home/ashraful/HBRS/AMR/AMR_PROJECT/amr-team-bot/build/robile_reach_goal/install.log', '--install-scripts', '$base/lib/robile_reach_goal', '--single-version-externally-managed', 'install_data', '--force'], 'cwd': '/home/ashraful/HBRS/AMR/AMR_PROJECT/amr-team-bot/src/Robile/robile_demos/robile_reach_goal', 'env': {'LESSOPEN': '| /usr/bin/lesspipe %s', 'USER': 'ashraful', 'LC_TIME': 'de_DE.UTF-8', 'XDG_SESSION_TYPE': 'wayland', 'SHLVL': '1', 'LD_LIBRARY_PATH': '/usr/lib/x86_64-linux-gnu/gazebo-11/plugins:/opt/ros/humble/opt/rviz_ogre_vendor/lib:/opt/ros/humble/lib/x86_64-linux-gnu:/opt/ros/humble/lib:/home/ashraful/.mujoco/mujoco-3.9.0/lib:/home/ashraful/.mujoco/mujoco-3.9.0/lib', 'HOME': '/home/ashraful', 'OLDPWD': '/home/ashraful/HBRS/AMR/AMR_PROJECT/amr-team-bot/src', 'DESKTOP_SESSION': 'ubuntu', 'ROS_PYTHON_VERSION': '3', 'GNOME_SHELL_SESSION_MODE': 'ubuntu', 'GTK_MODULES': 'gail:atk-bridge', 'LC_MONETARY': 'de_DE.UTF-8', 'MANAGERPID': '1723', 'SYSTEMD_EXEC_PID': '2083', 'DBUS_SESSION_BUS_ADDRESS': 'unix:path=/run/user/1000/bus', 'COLORTERM': 'truecolor', 'TERMINATOR_DBUS_NAME': 'net.tenshu.Terminator25ef4b219e3b005583550f2b0f9f990c3', 'GIO_LAUNCHED_DESKTOP_FILE_PID': '87784', 'IM_CONFIG_PHASE': '1', 'WAYLAND_DISPLAY': 'wayland-0', 'ROS_DISTRO': 'humble', 'LOGNAME': 'ashraful', 'JOURNAL_STREAM': '8:20533', '_': '/usr/bin/colcon', 'ROS_VERSION': '2', 'XDG_SESSION_CLASS': 'user', 'USERNAME': 'ashraful', 'TERM': 'xterm-256color', 'GNOME_DESKTOP_SESSION_ID': 'this-is-deprecated', 'ROS_LOCALHOST_ONLY': '0', 'PATH': '/opt/ros/humble/bin:/home/ashraful/.local/bin:/usr/local/sbin:/usr/local/bin:/usr/sbin:/usr/bin:/sbin:/bin:/usr/games:/usr/local/games:/snap/bin:/snap/bin:/home/ashraful/.mujoco/mujoco-3.9.0/bin', 'SESSION_MANAGER': 'local/ashraful:@/tmp/.ICE-unix/1865,unix/ashraful:/tmp/.ICE-unix/1865', 'INVOCATION_ID': '8220aff1741a4be28484ee2ff67f3009', 'XDG_MENU_PREFIX': 'gnome-', 'LC_ADDRESS': 'de_DE.UTF-8', 'GNOME_SETUP_DISPLAY': ':1', 'XDG_RUNTIME_DIR': '/run/user/1000', 'DISPLAY': ':0', 'TERMINATOR_DBUS_PATH': '/net/tenshu/Terminator2', 'LANG': 'en_US.UTF-8', 'XDG_CURRENT_DESKTOP': 'ubuntu:GNOME', 'IBUS_DISABLE_SNOOPER': '1', 'LC_TELEPHONE': 'de_DE.UTF-8', 'XMODIFIERS': '@im=ibus', 'XDG_SESSION_DESKTOP': 'ubuntu', 'XAUTHORITY': '/run/user/1000/.mutter-Xwaylandauth.RE1JW3', 'LS_COLORS': 'rs=0:di=01;34:ln=01;36:mh=00:pi=40;33:so=01;35:do=01;35:bd=40;33;01:cd=40;33;01:or=40;31;01:mi=00:su=37;41:sg=30;43:ca=30;41:tw=30;42:ow=34;42:st=37;44:ex=01;32:*.tar=01;31:*.tgz=01;31:*.arc=01;31:*.arj=01;31:*.taz=01;31:*.lha=01;31:*.lz4=01;31:*.lzh=01;31:*.lzma=01;31:*.tlz=01;31:*.txz=01;31:*.tzo=01;31:*.t7z=01;31:*.zip=01;31:*.z=01;31:*.dz=01;31:*.gz=01;31:*.lrz=01;31:*.lz=01;31:*.lzo=01;31:*.xz=01;31:*.zst=01;31:*.tzst=01;31:*.bz2=01;31:*.bz=01;31:*.tbz=01;31:*.tbz2=01;31:*.tz=01;31:*.deb=01;31:*.rpm=01;31:*.jar=01;31:*.war=01;31:*.ear=01;31:*.sar=01;31:*.rar=01;31:*.alz=01;31:*.ace=01;31:*.zoo=01;31:*.cpio=01;31:*.7z=01;31:*.rz=01;31:*.cab=01;31:*.wim=01;31:*.swm=01;31:*.dwm=01;31:*.esd=01;31:*.jpg=01;35:*.jpeg=01;35:*.mjpg=01;35:*.mjpeg=01;35:*.gif=01;35:*.bmp=01;35:*.pbm=01;35:*.pgm=01;35:*.ppm=01;35:*.tga=01;35:*.xbm=01;35:*.xpm=01;35:*.tif=01;35:*.tiff=01;35:*.png=01;35:*.svg=01;35:*.svgz=01;35:*.mng=01;35:*.pcx=01;35:*.mov=01;35:*.mpg=01;35:*.mpeg=01;35:*.m2v=01;35:*.mkv=01;35:*.webm=01;35:*.webp=01;35:*.ogm=01;35:*.mp4=01;35:*.m4v=01;35:*.mp4v=01;35:*.vob=01;35:*.qt=01;35:*.nuv=01;35:*.wmv=01;35:*.asf=01;35:*.rm=01;35:*.rmvb=01;35:*.flc=01;35:*.avi=01;35:*.fli=01;35:*.flv=01;35:*.gl=01;35:*.dl=01;35:*.xcf=01;35:*.xwd=01;35:*.yuv=01;35:*.cgm=01;35:*.emf=01;35:*.ogv=01;35:*.ogx=01;35:*.aac=00;36:*.au=00;36:*.flac=00;36:*.m4a=00;36:*.mid=00;36:*.midi=00;36:*.mka=00;36:*.mp3=00;36:*.mpc=00;36:*.ogg=00;36:*.ra=00;36:*.wav=00;36:*.oga=00;36:*.opus=00;36:*.spx=00;36:*.xspf=00;36:', 'SSH_AGENT_LAUNCHER': 'gnome-keyring', 'SSH_AUTH_SOCK': '/run/user/1000/keyring/ssh', 'AMENT_PREFIX_PATH': '/opt/ros/humble', 'SHELL': '/bin/bash', 'LC_NAME': 'de_DE.UTF-8', 'TERMINATOR_UUID': 'urn:uuid:1c72cd59-31a6-4f1a-b61b-5502cd39b2d2', 'QT_ACCESSIBILITY': '1', 'GDMSESSION': 'ubuntu', 'LESSCLOSE': '/usr/bin/lesspipe %s %s', 'LC_MEASUREMENT': 'de_DE.UTF-8', 'LC_IDENTIFICATION': 'de_DE.UTF-8', 'QT_IM_MODULE': 'ibus', 'PWD': '/home/ashraful/HBRS/AMR/AMR_PROJECT/amr-team-bot/build/robile_reach_goal', 'XDG_CONFIG_DIRS': '/etc/xdg/xdg-ubuntu:/etc/xdg', 'XDG_DATA_DIRS': '/usr/share/ubuntu:/usr/local/share/:/usr/share/:/var/lib/snapd/desktop', 'PYTHONPATH': '/home/ashraful/HBRS/AMR/AMR_PROJECT/amr-team-bot/build/robile_reach_goal/prefix_override:/usr/lib/python3/dist-packages/colcon_core/task/python/colcon_distutils_commands:/home/ashraful/HBRS/AMR/AMR_PROJECT/amr-team-bot/install/robile_reach_goal/lib/python3.10/site-packages:/opt/ros/humble/lib/python3.10/site-packages:/opt/ros/humble/local/lib/python3.10/dist-packages', 'LC_NUMERIC': 'de_DE.UTF-8', 'LC_PAPER': 'de_DE.UTF-8', 'COLCON': '1', 'VTE_VERSION': '6800'}, 'shell': False}
[17.980918] (-) TimerEvent: {}
[18.059775] (wavefront) StdoutLine: {'line': b'running develop\n'}
[18.081047] (-) TimerEvent: {}
[18.139608] (robile_navigation) StderrLine: {'line': b"Error parsing '/home/ashraful/HBRS/AMR/AMR_PROJECT/amr-team-bot/src/robile_navigation/package.xml':\n"}
[18.181184] (-) TimerEvent: {}
[18.237879] (robile_navigation) StderrLine: {'line': b'Traceback (most recent call last):\n'}
[18.238408] (robile_navigation) StderrLine: {'line': b'  File "/opt/ros/humble/share/ament_cmake_core/cmake/core/package_xml_2_cmake.py", line 150, in <module>\n'}
[18.238702] (robile_navigation) StderrLine: {'line': b'    main()\n'}
[18.239192] (robile_navigation) StderrLine: {'line': b'  File "/opt/ros/humble/share/ament_cmake_core/cmake/core/package_xml_2_cmake.py", line 53, in main\n'}
[18.239442] (robile_navigation) StderrLine: {'line': b'    raise e\n'}
[18.239695] (robile_navigation) StderrLine: {'line': b'  File "/opt/ros/humble/share/ament_cmake_core/cmake/core/package_xml_2_cmake.py", line 49, in main\n'}
[18.239892] (robile_navigation) StderrLine: {'line': b'    package = parse_package_string(\n'}
[18.240055] (robile_navigation) StderrLine: {'line': b'  File "/usr/lib/python3/dist-packages/catkin_pkg/package.py", line 786, in parse_package_string\n'}
[18.240221] (robile_navigation) StderrLine: {'line': b"    raise InvalidPackage('Error(s):%s' % (''.join(['\\n- %s' % e for e in errors])), filename)\n"}
[18.240395] (robile_navigation) StderrLine: {'line': b"catkin_pkg.package.InvalidPackage: Error(s) in package '/home/ashraful/HBRS/AMR/AMR_PROJECT/amr-team-bot/src/robile_navigation/package.xml':\n"}
[18.240771] (robile_navigation) StderrLine: {'line': b'Error(s):\n'}
[18.240950] (robile_navigation) StderrLine: {'line': b"- The generic dependency on 'rclpy' is redundant with: build_depend, build_export_depend, exec_depend\n"}
[18.241137] (robile_navigation) StderrLine: {'line': b"- The generic dependency on 'sensor_msgs' is redundant with: exec_depend\n"}
[18.241303] (robile_navigation) StderrLine: {'line': b"- The generic dependency on 'geometry_msgs' is redundant with: exec_depend\n"}
[18.276801] (robile_navigation) StderrLine: {'line': b'\x1b[31mCMake Error at /opt/ros/humble/share/ament_cmake_core/cmake/core/ament_package_xml.cmake:95 (message):\n'}
[18.277172] (robile_navigation) StderrLine: {'line': b'  execute_process(/usr/bin/python3\n'}
[18.277309] (robile_navigation) StderrLine: {'line': b'  /opt/ros/humble/share/ament_cmake_core/cmake/core/package_xml_2_cmake.py\n'}
[18.277474] (robile_navigation) StderrLine: {'line': b'  /home/ashraful/HBRS/AMR/AMR_PROJECT/amr-team-bot/src/robile_navigation/package.xml\n'}
[18.277693] (robile_navigation) StderrLine: {'line': b'  /home/ashraful/HBRS/AMR/AMR_PROJECT/amr-team-bot/build/robile_navigation/ament_cmake_core/package.cmake)\n'}
[18.277850] (robile_navigation) StderrLine: {'line': b'  returned error code 1\n'}
[18.278006] (robile_navigation) StderrLine: {'line': b'Call Stack (most recent call first):\n'}
[18.278159] (robile_navigation) StderrLine: {'line': b'  /opt/ros/humble/share/ament_cmake_core/cmake/core/ament_package_xml.cmake:49 (_ament_package_xml)\n'}
[18.278297] (robile_navigation) StderrLine: {'line': b'  /opt/ros/humble/share/ament_lint_auto/cmake/ament_lint_auto_find_test_dependencies.cmake:31 (ament_package_xml)\n'}
[18.278573] (robile_navigation) StderrLine: {'line': b'  CMakeLists.txt:25 (ament_lint_auto_find_test_dependencies)\n'}
[18.278824] (robile_navigation) StderrLine: {'line': b'\n'}
[18.278935] (robile_navigation) StderrLine: {'line': b'\x1b[0m\n'}
[18.279055] (robile_navigation) StdoutLine: {'line': b'-- Configuring incomplete, errors occurred!\n'}
[18.279197] (robile_navigation) StdoutLine: {'line': b'See also "/home/ashraful/HBRS/AMR/AMR_PROJECT/amr-team-bot/build/robile_navigation/CMakeFiles/CMakeOutput.log".\n'}
[18.281265] (-) TimerEvent: {}
[18.293063] (robile_navigation) CommandEnded: {'returncode': 1}
[18.295171] (robile_navigation) JobEnded: {'identifier': 'robile_navigation', 'rc': 1}
[18.381422] (-) TimerEvent: {}
[18.481925] (-) TimerEvent: {}
[18.568299] (wavefront) StdoutLine: {'line': b'Removing /home/ashraful/HBRS/AMR/AMR_PROJECT/amr-team-bot/install/wavefront/lib/python3.10/site-packages/wavefront.egg-link (link to .)\n'}
[18.582048] (-) TimerEvent: {}
[18.631707] (wavefront) JobEnded: {'identifier': 'wavefront', 'rc': 'SIGINT'}
[18.661608] (robile_reach_goal) StdoutLine: {'line': b'running egg_info\n'}
[18.663546] (robile_reach_goal) StdoutLine: {'line': b'writing ../../../../build/robile_reach_goal/robile_reach_goal.egg-info/PKG-INFO\n'}
[18.664060] (robile_reach_goal) StdoutLine: {'line': b'writing dependency_links to ../../../../build/robile_reach_goal/robile_reach_goal.egg-info/dependency_links.txt\n'}
[18.664507] (robile_reach_goal) StdoutLine: {'line': b'writing entry points to ../../../../build/robile_reach_goal/robile_reach_goal.egg-info/entry_points.txt\n'}
[18.664718] (robile_reach_goal) StdoutLine: {'line': b'writing requirements to ../../../../build/robile_reach_goal/robile_reach_goal.egg-info/requires.txt\n'}
[18.664879] (robile_reach_goal) StdoutLine: {'line': b'writing top-level names to ../../../../build/robile_reach_goal/robile_reach_goal.egg-info/top_level.txt\n'}
[18.668904] (robile_reach_goal) StdoutLine: {'line': b"reading manifest file '../../../../build/robile_reach_goal/robile_reach_goal.egg-info/SOURCES.txt'\n"}
[18.670980] (robile_reach_goal) StdoutLine: {'line': b"writing manifest file '../../../../build/robile_reach_goal/robile_reach_goal.egg-info/SOURCES.txt'\n"}
[18.671517] (robile_reach_goal) StdoutLine: {'line': b'running build\n'}
[18.671759] (robile_reach_goal) StdoutLine: {'line': b'running build_py\n'}
[18.671935] (robile_reach_goal) StdoutLine: {'line': b'creating /home/ashraful/HBRS/AMR/AMR_PROJECT/amr-team-bot/build/robile_reach_goal/build\n'}
[18.672314] (robile_reach_goal) StdoutLine: {'line': b'creating /home/ashraful/HBRS/AMR/AMR_PROJECT/amr-team-bot/build/robile_reach_goal/build/lib\n'}
[18.672606] (robile_reach_goal) StdoutLine: {'line': b'creating /home/ashraful/HBRS/AMR/AMR_PROJECT/amr-team-bot/build/robile_reach_goal/build/lib/robile_reach_goal\n'}
[18.672746] (robile_reach_goal) StdoutLine: {'line': b'copying robile_reach_goal/__init__.py -> /home/ashraful/HBRS/AMR/AMR_PROJECT/amr-team-bot/build/robile_reach_goal/build/lib/robile_reach_goal\n'}
[18.672856] (robile_reach_goal) StdoutLine: {'line': b'copying robile_reach_goal/robile_reach_goal.py -> /home/ashraful/HBRS/AMR/AMR_PROJECT/amr-team-bot/build/robile_reach_goal/build/lib/robile_reach_goal\n'}
[18.673053] (robile_reach_goal) StdoutLine: {'line': b'running install\n'}
[18.673756] (robile_reach_goal) StdoutLine: {'line': b'running install_lib\n'}
[18.675535] (robile_reach_goal) StdoutLine: {'line': b'creating /home/ashraful/HBRS/AMR/AMR_PROJECT/amr-team-bot/install/robile_reach_goal/lib/python3.10/site-packages/robile_reach_goal\n'}
[18.675829] (robile_reach_goal) StdoutLine: {'line': b'copying /home/ashraful/HBRS/AMR/AMR_PROJECT/amr-team-bot/build/robile_reach_goal/build/lib/robile_reach_goal/__init__.py -> /home/ashraful/HBRS/AMR/AMR_PROJECT/amr-team-bot/install/robile_reach_goal/lib/python3.10/site-packages/robile_reach_goal\n'}
[18.676048] (robile_reach_goal) StdoutLine: {'line': b'copying /home/ashraful/HBRS/AMR/AMR_PROJECT/amr-team-bot/build/robile_reach_goal/build/lib/robile_reach_goal/robile_reach_goal.py -> /home/ashraful/HBRS/AMR/AMR_PROJECT/amr-team-bot/install/robile_reach_goal/lib/python3.10/site-packages/robile_reach_goal\n'}
[18.677514] (robile_reach_goal) StdoutLine: {'line': b'byte-compiling /home/ashraful/HBRS/AMR/AMR_PROJECT/amr-team-bot/install/robile_reach_goal/lib/python3.10/site-packages/robile_reach_goal/__init__.py to __init__.cpython-310.pyc\n'}
[18.678170] (robile_reach_goal) StdoutLine: {'line': b'byte-compiling /home/ashraful/HBRS/AMR/AMR_PROJECT/amr-team-bot/install/robile_reach_goal/lib/python3.10/site-packages/robile_reach_goal/robile_reach_goal.py to robile_reach_goal.cpython-310.pyc\n'}
[18.680871] (robile_reach_goal) StdoutLine: {'line': b'running install_data\n'}
[18.681162] (robile_reach_goal) StdoutLine: {'line': b'copying resource/robile_reach_goal -> /home/ashraful/HBRS/AMR/AMR_PROJECT/amr-team-bot/install/robile_reach_goal/share/ament_index/resource_index/packages\n'}
[18.681449] (robile_reach_goal) StdoutLine: {'line': b'copying package.xml -> /home/ashraful/HBRS/AMR/AMR_PROJECT/amr-team-bot/install/robile_reach_goal/share/robile_reach_goal\n'}
[18.681778] (robile_reach_goal) StdoutLine: {'line': b'running install_egg_info\n'}
[18.682124] (-) TimerEvent: {}
[18.686357] (robile_reach_goal) StdoutLine: {'line': b'Copying ../../../../build/robile_reach_goal/robile_reach_goal.egg-info to /home/ashraful/HBRS/AMR/AMR_PROJECT/amr-team-bot/install/robile_reach_goal/lib/python3.10/site-packages/robile_reach_goal-0.0.0-py3.10.egg-info\n'}
[18.689081] (robile_reach_goal) StdoutLine: {'line': b'running install_scripts\n'}
[18.738904] (robile_reach_goal) StdoutLine: {'line': b'Installing robile_reach_goal script to /home/ashraful/HBRS/AMR/AMR_PROJECT/amr-team-bot/install/robile_reach_goal/lib/robile_reach_goal\n'}
[18.739828] (robile_reach_goal) StdoutLine: {'line': b"writing list of installed files to '/home/ashraful/HBRS/AMR/AMR_PROJECT/amr-team-bot/build/robile_reach_goal/install.log'\n"}
[18.782288] (-) TimerEvent: {}
[18.789244] (robile_reach_goal) JobEnded: {'identifier': 'robile_reach_goal', 'rc': 'SIGINT'}
[18.800961] (-) EventReactorShutdown: {}
