[0.797s] Invoking command in '/home/ashraful/HBRS/AMR/AMR_PROJECT/amr-team-bot/build/aws_robomaker_small_house_world': CMAKE_PREFIX_PATH=/opt/ros/humble /usr/bin/cmake /home/ashraful/HBRS/AMR/AMR_PROJECT/amr-team-bot/src/aws-robomaker-small-house-world -DCMAKE_INSTALL_PREFIX=/home/ashraful/HBRS/AMR/AMR_PROJECT/amr-team-bot/install/aws_robomaker_small_house_world
[3.211s] -- The C compiler identification is GNU 11.4.0
[3.212s] -- The CXX compiler identification is GNU 11.4.0
[3.212s] -- Detecting C compiler ABI info
[3.212s] -- Detecting C compiler ABI info - done
[3.212s] -- Check for working C compiler: /usr/bin/cc - skipped
[3.212s] -- Detecting C compile features
[3.215s] -- Detecting C compile features - done
[3.215s] -- Detecting CXX compiler ABI info
[3.215s] -- Detecting CXX compiler ABI info - done
[3.215s] -- Check for working CXX compiler: /usr/bin/c++ - skipped
[3.216s] -- Detecting CXX compile features
[3.216s] -- Detecting CXX compile features - done
[3.216s] -- Found ament_cmake_ros: 0.10.0 (/opt/ros/humble/share/ament_cmake_ros/cmake)
[3.216s] -- Found Python3: /usr/bin/python3 (found version "3.10.12") found components: Interpreter 
[3.217s] -- Configuring done
[3.217s] -- Generating done
[3.217s] -- Build files have been written to: /home/ashraful/HBRS/AMR/AMR_PROJECT/amr-team-bot/build/aws_robomaker_small_house_world
[3.982s] Invoked command in '/home/ashraful/HBRS/AMR/AMR_PROJECT/amr-team-bot/build/aws_robomaker_small_house_world' returned '0': CMAKE_PREFIX_PATH=/opt/ros/humble /usr/bin/cmake /home/ashraful/HBRS/AMR/AMR_PROJECT/amr-team-bot/src/aws-robomaker-small-house-world -DCMAKE_INSTALL_PREFIX=/home/ashraful/HBRS/AMR/AMR_PROJECT/amr-team-bot/install/aws_robomaker_small_house_world
[3.986s] Invoking command in '/home/ashraful/HBRS/AMR/AMR_PROJECT/amr-team-bot/build/aws_robomaker_small_house_world': CMAKE_PREFIX_PATH=/opt/ros/humble /usr/bin/cmake --build /home/ashraful/HBRS/AMR/AMR_PROJECT/amr-team-bot/build/aws_robomaker_small_house_world -- -j8 -l8
[4.570s] Invoked command in '/home/ashraful/HBRS/AMR/AMR_PROJECT/amr-team-bot/build/aws_robomaker_small_house_world' returned '0': CMAKE_PREFIX_PATH=/opt/ros/humble /usr/bin/cmake --build /home/ashraful/HBRS/AMR/AMR_PROJECT/amr-team-bot/build/aws_robomaker_small_house_world -- -j8 -l8
[4.592s] Invoking command in '/home/ashraful/HBRS/AMR/AMR_PROJECT/amr-team-bot/build/aws_robomaker_small_house_world': CMAKE_PREFIX_PATH=/opt/ros/humble /usr/bin/cmake --install /home/ashraful/HBRS/AMR/AMR_PROJECT/amr-team-bot/build/aws_robomaker_small_house_world
[4.826s] -- Install configuration: ""
[4.826s] -- Installing: /home/ashraful/HBRS/AMR/AMR_PROJECT/amr-team-bot/install/aws_robomaker_small_house_world/share/aws_robomaker_small_house_world/launch
[4.831s] -- Installing: /home/ashraful/HBRS/AMR/AMR_PROJECT/amr-team-bot/install/aws_robomaker_small_house_world/share/aws_robomaker_small_house_world/launch/small_house.launch.py
[4.831s] -- Installing: /home/ashraful/HBRS/AMR/AMR_PROJECT/amr-team-bot/install/aws_robomaker_small_house_world/share/aws_robomaker_small_house_world/models
[4.855s] -- Installing: /home/ashraful/HBRS/AMR/AMR_PROJECT/amr-team-bot/install/aws_robomaker_small_house_world/share/aws_robomaker_small_house_world/models/aws_robomaker_residential_Vase_01
[4.859s] -- Installing: /home/ashraful/HBRS/AMR/AMR_PROJECT/amr-team-bot/install/aws_robomaker_small_house_world/share/aws_robomaker_small_house_world/models/aws_robomaker_residential_Vase_01/model.sdf
[4.863s] -- Installing: /home/ashraful/HBRS/AMR/AMR_PROJECT/amr-team-bot/install/aws_robomaker_small_house_world/share/aws_robomaker_small_house_world/models/aws_robomaker_residential_Vase_01/meshes
[4.866s] -- Installing: /home/ashraful/HBRS/AMR/AMR_PROJECT/amr-team-bot/install/aws_robomaker_small_house_world/share/aws_robomaker_small_house_world/models/aws_robomaker_residential_Vase_01/meshes/aws_Vase_01_collision.DAE
[4.874s] -- Installing: /home/ashraful/HBRS/AMR/AMR_PROJECT/amr-team-bot/install/aws_robomaker_small_house_world/share/aws_robomaker_small_house_world/models/aws_robomaker_residential_Vase_01/meshes/aws_Vase_01_visual.DAE
[4.875s] -- Installing: /home/ashraful/HBRS/AMR/AMR_PROJECT/amr-team-bot/install/aws_robomaker_small_house_world/share/aws_robomaker_small_house_world/models/aws_robomaker_residential_Vase_01/materials
[4.875s] -- Installing: /home/ashraful/HBRS/AMR/AMR_PROJECT/amr-team-bot/install/aws_robomaker_small_house_world/share/aws_robomaker_small_house_world/models/aws_robomaker_residential_Vase_01/materials/textures
[4.880s] -- Installing: /home/ashraful/HBRS/AMR/AMR_PROJECT/amr-team-bot/install/aws_robomaker_small_house_world/share/aws_robomaker_small_house_world/models/aws_robomaker_residential_Vase_01/materials/textures/aws_Vase_01.png
[4.880s] -- Installing: /home/ashraful/HBRS/AMR/AMR_PROJECT/amr-team-bot/install/aws_robomaker_small_house_world/share/aws_robomaker_small_house_world/models/aws_robomaker_residential_Vase_01/model.config
[4.883s] -- Installing: /home/ashraful/HBRS/AMR/AMR_PROJECT/amr-team-bot/install/aws_robomaker_small_house_world/share/aws_robomaker_small_house_world/models/aws_robomaker_residential_KitchenUtensils_01
[4.883s] -- Installing: /home/ashraful/HBRS/AMR/AMR_PROJECT/amr-team-bot/install/aws_robomaker_small_house_world/share/aws_robomaker_small_house_world/models/aws_robomaker_residential_KitchenUtensils_01/model.sdf
[4.884s] -- Installing: /home/ashraful/HBRS/AMR/AMR_PROJECT/amr-team-bot/install/aws_robomaker_small_house_world/share/aws_robomaker_small_house_world/models/aws_robomaker_residential_KitchenUtensils_01/meshes
[4.884s] -- Installing: /home/ashraful/HBRS/AMR/AMR_PROJECT/amr-team-bot/install/aws_robomaker_small_house_world/share/aws_robomaker_small_house_world/models/aws_robomaker_residential_KitchenUtensils_01/meshes/aws_KitchenUtensils_01_collision.DAE
[4.884s] -- Installing: /home/ashraful/HBRS/AMR/AMR_PROJECT/amr-team-bot/install/aws_robomaker_small_house_world/share/aws_robomaker_small_house_world/models/aws_robomaker_residential_KitchenUtensils_01/meshes/aws_KitchenUtensils_01_visual.DAE
[4.886s] -- Installing: /home/ashraful/HBRS/AMR/AMR_PROJECT/amr-team-bot/install/aws_robomaker_small_house_world/share/aws_robomaker_small_house_world/models/aws_robomaker_residential_KitchenUtensils_01/materials
[4.886s] -- Installing: /home/ashraful/HBRS/AMR/AMR_PROJECT/amr-team-bot/install/aws_robomaker_small_house_world/share/aws_robomaker_small_house_world/models/aws_robomaker_residential_KitchenUtensils_01/materials/textures
[4.889s] -- Installing: /home/ashraful/HBRS/AMR/AMR_PROJECT/amr-team-bot/install/aws_robomaker_small_house_world/share/aws_robomaker_small_house_world/models/aws_robomaker_residential_KitchenUtensils_01/materials/textures/aws_KitchenUtensils_01.png
[4.896s] -- Installing: /home/ashraful/HBRS/AMR/AMR_PROJECT/amr-team-bot/install/aws_robomaker_small_house_world/share/aws_robomaker_small_house_world/models/aws_robomaker_residential_KitchenUtensils_01/model.config
[4.896s] -- Installing: /home/ashraful/HBRS/AMR/AMR_PROJECT/amr-team-bot/install/aws_robomaker_small_house_world/share/aws_robomaker_small_house_world/models/aws_robomaker_residential_Trash_01
[4.898s] -- Installing: /home/ashraful/HBRS/AMR/AMR_PROJECT/amr-team-bot/install/aws_robomaker_small_house_world/share/aws_robomaker_small_house_world/models/aws_robomaker_residential_Trash_01/model.sdf
[4.898s] -- Installing: /home/ashraful/HBRS/AMR/AMR_PROJECT/amr-team-bot/install/aws_robomaker_small_house_world/share/aws_robomaker_small_house_world/models/aws_robomaker_residential_Trash_01/meshes
[4.900s] -- Installing: /home/ashraful/HBRS/AMR/AMR_PROJECT/amr-team-bot/install/aws_robomaker_small_house_world/share/aws_robomaker_small_house_world/models/aws_robomaker_residential_Trash_01/meshes/aws_Trash_01_collision.DAE
[4.910s] -- Installing: /home/ashraful/HBRS/AMR/AMR_PROJECT/amr-team-bot/install/aws_robomaker_small_house_world/share/aws_robomaker_small_house_world/models/aws_robomaker_residential_Trash_01/meshes/aws_Trash_01_visual.DAE
[4.920s] -- Installing: /home/ashraful/HBRS/AMR/AMR_PROJECT/amr-team-bot/install/aws_robomaker_small_house_world/share/aws_robomaker_small_house_world/models/aws_robomaker_residential_Trash_01/materials
[4.921s] -- Installing: /home/ashraful/HBRS/AMR/AMR_PROJECT/amr-team-bot/install/aws_robomaker_small_house_world/share/aws_robomaker_small_house_world/models/aws_robomaker_residential_Trash_01/materials/textures
[4.921s] -- Installing: /home/ashraful/HBRS/AMR/AMR_PROJECT/amr-team-bot/install/aws_robomaker_small_house_world/share/aws_robomaker_small_house_world/models/aws_robomaker_residential_Trash_01/materials/textures/aws_Trash_01.png
[4.921s] -- Installing: /home/ashraful/HBRS/AMR/AMR_PROJECT/amr-team-bot/install/aws_robomaker_small_house_world/share/aws_robomaker_small_house_world/models/aws_robomaker_residential_Trash_01/model.config
[4.921s] -- Installing: /home/ashraful/HBRS/AMR/AMR_PROJECT/amr-team-bot/install/aws_robomaker_small_house_world/share/aws_robomaker_small_house_world/models/aws_robomaker_residential_Handle_01
[4.926s] -- Installing: /home/ashraful/HBRS/AMR/AMR_PROJECT/amr-team-bot/install/aws_robomaker_small_house_world/share/aws_robomaker_small_house_world/models/aws_robomaker_residential_Handle_01/model.sdf
[4.927s] -- Installing: /home/ashraful/HBRS/AMR/AMR_PROJECT/amr-team-bot/install/aws_robomaker_small_house_world/share/aws_robomaker_small_house_world/models/aws_robomaker_residential_Handle_01/meshes
[4.928s] -- Installing: /home/ashraful/HBRS/AMR/AMR_PROJECT/amr-team-bot/install/aws_robomaker_small_house_world/share/aws_robomaker_small_house_world/models/aws_robomaker_residential_Handle_01/meshes/aws_Handle_01_collision.DAE
[4.929s] -- Installing: /home/ashraful/HBRS/AMR/AMR_PROJECT/amr-team-bot/install/aws_robomaker_small_house_world/share/aws_robomaker_small_house_world/models/aws_robomaker_residential_Handle_01/meshes/aws_Handle_01_visual.DAE
[4.931s] -- Installing: /home/ashraful/HBRS/AMR/AMR_PROJECT/amr-team-bot/install/aws_robomaker_small_house_world/share/aws_robomaker_small_house_world/models/aws_robomaker_residential_Handle_01/meshes/aws_ handle_01_collision.DAE
[4.932s] -- Installing: /home/ashraful/HBRS/AMR/AMR_PROJECT/amr-team-bot/install/aws_robomaker_small_house_world/share/aws_robomaker_small_house_world/models/aws_robomaker_residential_Handle_01/materials
[4.936s] -- Installing: /home/ashraful/HBRS/AMR/AMR_PROJECT/amr-team-bot/install/aws_robomaker_small_house_world/share/aws_robomaker_small_house_world/models/aws_robomaker_residential_Handle_01/materials/textures
[4.938s] -- Installing: /home/ashraful/HBRS/AMR/AMR_PROJECT/amr-team-bot/install/aws_robomaker_small_house_world/share/aws_robomaker_small_house_world/models/aws_robomaker_residential_Handle_01/materials/textures/aws_Handle_01.png
[4.945s] -- Installing: /home/ashraful/HBRS/AMR/AMR_PROJECT/amr-team-bot/install/aws_robomaker_small_house_world/share/aws_robomaker_small_house_world/models/aws_robomaker_residential_Handle_01/model.config
[4.947s] -- Installing: /home/ashraful/HBRS/AMR/AMR_PROJECT/amr-team-bot/install/aws_robomaker_small_house_world/share/aws_robomaker_small_house_world/models/aws_robomaker_residential_Sofa_01
[4.952s] -- Installing: /home/ashraful/HBRS/AMR/AMR_PROJECT/amr-team-bot/install/aws_robomaker_small_house_world/share/aws_robomaker_small_house_world/models/aws_robomaker_residential_Sofa_01/model.sdf
[4.960s] -- Installing: /home/ashraful/HBRS/AMR/AMR_PROJECT/amr-team-bot/install/aws_robomaker_small_house_world/share/aws_robomaker_small_house_world/models/aws_robomaker_residential_Sofa_01/meshes
[4.960s] -- Installing: /home/ashraful/HBRS/AMR/AMR_PROJECT/amr-team-bot/install/aws_robomaker_small_house_world/share/aws_robomaker_small_house_world/models/aws_robomaker_residential_Sofa_01/meshes/aws_Sofa_01_visual.DAE
[4.972s] -- Installing: /home/ashraful/HBRS/AMR/AMR_PROJECT/amr-team-bot/install/aws_robomaker_small_house_world/share/aws_robomaker_small_house_world/models/aws_robomaker_residential_Sofa_01/meshes/aws_Sofa_01_collision.DAE
[4.978s] -- Installing: /home/ashraful/HBRS/AMR/AMR_PROJECT/amr-team-bot/install/aws_robomaker_small_house_world/share/aws_robomaker_small_house_world/models/aws_robomaker_residential_Sofa_01/meshes/aws_Sofa_01.DAE
[4.992s] -- Installing: /home/ashraful/HBRS/AMR/AMR_PROJECT/amr-team-bot/install/aws_robomaker_small_house_world/share/aws_robomaker_small_house_world/models/aws_robomaker_residential_Sofa_01/materials
[4.992s] -- Installing: /home/ashraful/HBRS/AMR/AMR_PROJECT/amr-team-bot/install/aws_robomaker_small_house_world/share/aws_robomaker_small_house_world/models/aws_robomaker_residential_Sofa_01/materials/textures
[4.992s] -- Installing: /home/ashraful/HBRS/AMR/AMR_PROJECT/amr-team-bot/install/aws_robomaker_small_house_world/share/aws_robomaker_small_house_world/models/aws_robomaker_residential_Sofa_01/materials/textures/aws_Sofa_01.png
[5.001s] -- Installing: /home/ashraful/HBRS/AMR/AMR_PROJECT/amr-team-bot/install/aws_robomaker_small_house_world/share/aws_robomaker_small_house_world/models/aws_robomaker_residential_Sofa_01/model.config
[5.001s] -- Installing: /home/ashraful/HBRS/AMR/AMR_PROJECT/amr-team-bot/install/aws_robomaker_small_house_world/share/aws_robomaker_small_house_world/models/aws_robomaker_residential_DeskPortraitA_02
[5.001s] -- Installing: /home/ashraful/HBRS/AMR/AMR_PROJECT/amr-team-bot/install/aws_robomaker_small_house_world/share/aws_robomaker_small_house_world/models/aws_robomaker_residential_DeskPortraitA_02/model.sdf
[5.001s] -- Installing: /home/ashraful/HBRS/AMR/AMR_PROJECT/amr-team-bot/install/aws_robomaker_small_house_world/share/aws_robomaker_small_house_world/models/aws_robomaker_residential_DeskPortraitA_02/meshes
[5.005s] -- Installing: /home/ashraful/HBRS/AMR/AMR_PROJECT/amr-team-bot/install/aws_robomaker_small_house_world/share/aws_robomaker_small_house_world/models/aws_robomaker_residential_DeskPortraitA_02/meshes/aws_DeskPortraitA_01_visual.DAE
[5.012s] -- Installing: /home/ashraful/HBRS/AMR/AMR_PROJECT/amr-team-bot/install/aws_robomaker_small_house_world/share/aws_robomaker_small_house_world/models/aws_robomaker_residential_DeskPortraitA_02/meshes/aws_DeskPortraitA_01_collision.DAE
[5.012s] -- Installing: /home/ashraful/HBRS/AMR/AMR_PROJECT/amr-team-bot/install/aws_robomaker_small_house_world/share/aws_robomaker_small_house_world/models/aws_robomaker_residential_DeskPortraitA_02/materials
[5.012s] -- Installing: /home/ashraful/HBRS/AMR/AMR_PROJECT/amr-team-bot/install/aws_robomaker_small_house_world/share/aws_robomaker_small_house_world/models/aws_robomaker_residential_DeskPortraitA_02/materials/textures
[5.012s] -- Installing: /home/ashraful/HBRS/AMR/AMR_PROJECT/amr-team-bot/install/aws_robomaker_small_house_world/share/aws_robomaker_small_house_world/models/aws_robomaker_residential_DeskPortraitA_02/materials/textures/aws_DeskPortraitA_01.png
[5.013s] -- Installing: /home/ashraful/HBRS/AMR/AMR_PROJECT/amr-team-bot/install/aws_robomaker_small_house_world/share/aws_robomaker_small_house_world/models/aws_robomaker_residential_DeskPortraitA_02/materials/textures/aws_DeskPortraitA_02.png
[5.024s] -- Installing: /home/ashraful/HBRS/AMR/AMR_PROJECT/amr-team-bot/install/aws_robomaker_small_house_world/share/aws_robomaker_small_house_world/models/aws_robomaker_residential_DeskPortraitA_02/model.config
[5.024s] -- Installing: /home/ashraful/HBRS/AMR/AMR_PROJECT/amr-team-bot/install/aws_robomaker_small_house_world/share/aws_robomaker_small_house_world/models/aws_robomaker_residential_DeskPortraitD_03
[5.029s] -- Installing: /home/ashraful/HBRS/AMR/AMR_PROJECT/amr-team-bot/install/aws_robomaker_small_house_world/share/aws_robomaker_small_house_world/models/aws_robomaker_residential_DeskPortraitD_03/model.sdf
[5.029s] -- Installing: /home/ashraful/HBRS/AMR/AMR_PROJECT/amr-team-bot/install/aws_robomaker_small_house_world/share/aws_robomaker_small_house_world/models/aws_robomaker_residential_DeskPortraitD_03/meshes
[5.029s] -- Installing: /home/ashraful/HBRS/AMR/AMR_PROJECT/amr-team-bot/install/aws_robomaker_small_house_world/share/aws_robomaker_small_house_world/models/aws_robomaker_residential_DeskPortraitD_03/meshes/aws_DeskPortraitD_01_visual.DAE
[5.038s] -- Installing: /home/ashraful/HBRS/AMR/AMR_PROJECT/amr-team-bot/install/aws_robomaker_small_house_world/share/aws_robomaker_small_house_world/models/aws_robomaker_residential_DeskPortraitD_03/meshes/aws_DeskPortraitD_01_collision.DAE
[5.043s] -- Installing: /home/ashraful/HBRS/AMR/AMR_PROJECT/amr-team-bot/install/aws_robomaker_small_house_world/share/aws_robomaker_small_house_world/models/aws_robomaker_residential_DeskPortraitD_03/materials
[5.043s] -- Installing: /home/ashraful/HBRS/AMR/AMR_PROJECT/amr-team-bot/install/aws_robomaker_small_house_world/share/aws_robomaker_small_house_world/models/aws_robomaker_residential_DeskPortraitD_03/materials/textures
[5.043s] -- Installing: /home/ashraful/HBRS/AMR/AMR_PROJECT/amr-team-bot/install/aws_robomaker_small_house_world/share/aws_robomaker_small_house_world/models/aws_robomaker_residential_DeskPortraitD_03/materials/textures/aws_DeskPortraitD_02.png
[5.051s] -- Installing: /home/ashraful/HBRS/AMR/AMR_PROJECT/amr-team-bot/install/aws_robomaker_small_house_world/share/aws_robomaker_small_house_world/models/aws_robomaker_residential_DeskPortraitD_03/materials/textures/aws_DeskPortraitD_01.png
[5.053s] -- Installing: /home/ashraful/HBRS/AMR/AMR_PROJECT/amr-team-bot/install/aws_robomaker_small_house_world/share/aws_robomaker_small_house_world/models/aws_robomaker_residential_DeskPortraitD_03/model.config
[5.058s] -- Installing: /home/ashraful/HBRS/AMR/AMR_PROJECT/amr-team-bot/install/aws_robomaker_small_house_world/share/aws_robomaker_small_house_world/models/aws_robomaker_residential_PortraitB_01
[5.059s] -- Installing: /home/ashraful/HBRS/AMR/AMR_PROJECT/amr-team-bot/install/aws_robomaker_small_house_world/share/aws_robomaker_small_house_world/models/aws_robomaker_residential_PortraitB_01/model.sdf
[5.059s] -- Installing: /home/ashraful/HBRS/AMR/AMR_PROJECT/amr-team-bot/install/aws_robomaker_small_house_world/share/aws_robomaker_small_house_world/models/aws_robomaker_residential_PortraitB_01/meshes
[5.060s] -- Installing: /home/ashraful/HBRS/AMR/AMR_PROJECT/amr-team-bot/install/aws_robomaker_small_house_world/share/aws_robomaker_small_house_world/models/aws_robomaker_residential_PortraitB_01/meshes/aws_PortraitB_01_collision.DAE
[5.060s] -- Installing: /home/ashraful/HBRS/AMR/AMR_PROJECT/amr-team-bot/install/aws_robomaker_small_house_world/share/aws_robomaker_small_house_world/models/aws_robomaker_residential_PortraitB_01/meshes/aws_PortraitB_01_visual.DAE
[5.060s] -- Installing: /home/ashraful/HBRS/AMR/AMR_PROJECT/amr-team-bot/install/aws_robomaker_small_house_world/share/aws_robomaker_small_house_world/models/aws_robomaker_residential_PortraitB_01/materials
[5.069s] -- Installing: /home/ashraful/HBRS/AMR/AMR_PROJECT/amr-team-bot/install/aws_robomaker_small_house_world/share/aws_robomaker_small_house_world/models/aws_robomaker_residential_PortraitB_01/materials/textures
[5.072s] -- Installing: /home/ashraful/HBRS/AMR/AMR_PROJECT/amr-team-bot/install/aws_robomaker_small_house_world/share/aws_robomaker_small_house_world/models/aws_robomaker_residential_PortraitB_01/materials/textures/aws_PortraitB_01.png
[5.072s] -- Installing: /home/ashraful/HBRS/AMR/AMR_PROJECT/amr-team-bot/install/aws_robomaker_small_house_world/share/aws_robomaker_small_house_world/models/aws_robomaker_residential_PortraitB_01/materials/textures/aws_PortraitB_02.png
[5.072s] -- Installing: /home/ashraful/HBRS/AMR/AMR_PROJECT/amr-team-bot/install/aws_robomaker_small_house_world/share/aws_robomaker_small_house_world/models/aws_robomaker_residential_PortraitB_01/model.config
[5.073s] -- Installing: /home/ashraful/HBRS/AMR/AMR_PROJECT/amr-team-bot/install/aws_robomaker_small_house_world/share/aws_robomaker_small_house_world/models/aws_robomaker_residential_LightC_01
[5.073s] -- Installing: /home/ashraful/HBRS/AMR/AMR_PROJECT/amr-team-bot/install/aws_robomaker_small_house_world/share/aws_robomaker_small_house_world/models/aws_robomaker_residential_LightC_01/model.sdf
[5.073s] -- Installing: /home/ashraful/HBRS/AMR/AMR_PROJECT/amr-team-bot/install/aws_robomaker_small_house_world/share/aws_robomaker_small_house_world/models/aws_robomaker_residential_LightC_01/meshes
[5.073s] -- Installing: /home/ashraful/HBRS/AMR/AMR_PROJECT/amr-team-bot/install/aws_robomaker_small_house_world/share/aws_robomaker_small_house_world/models/aws_robomaker_residential_LightC_01/meshes/aws_LightC_01_collision.DAE
[5.073s] -- Installing: /home/ashraful/HBRS/AMR/AMR_PROJECT/amr-team-bot/install/aws_robomaker_small_house_world/share/aws_robomaker_small_house_world/models/aws_robomaker_residential_LightC_01/meshes/aws_LightC_01_visual.DAE
[5.077s] -- Installing: /home/ashraful/HBRS/AMR/AMR_PROJECT/amr-team-bot/install/aws_robomaker_small_house_world/share/aws_robomaker_small_house_world/models/aws_robomaker_residential_LightC_01/materials
[5.079s] -- Installing: /home/ashraful/HBRS/AMR/AMR_PROJECT/amr-team-bot/install/aws_robomaker_small_house_world/share/aws_robomaker_small_house_world/models/aws_robomaker_residential_LightC_01/materials/textures
[5.081s] -- Installing: /home/ashraful/HBRS/AMR/AMR_PROJECT/amr-team-bot/install/aws_robomaker_small_house_world/share/aws_robomaker_small_house_world/models/aws_robomaker_residential_LightC_01/materials/textures/aws_LightC_01.png
[5.084s] -- Installing: /home/ashraful/HBRS/AMR/AMR_PROJECT/amr-team-bot/install/aws_robomaker_small_house_world/share/aws_robomaker_small_house_world/models/aws_robomaker_residential_LightC_01/model.config
[5.086s] -- Installing: /home/ashraful/HBRS/AMR/AMR_PROJECT/amr-team-bot/install/aws_robomaker_small_house_world/share/aws_robomaker_small_house_world/models/aws_robomaker_residential_Wardrobe_01
[5.088s] -- Installing: /home/ashraful/HBRS/AMR/AMR_PROJECT/amr-team-bot/install/aws_robomaker_small_house_world/share/aws_robomaker_small_house_world/models/aws_robomaker_residential_Wardrobe_01/model.sdf
[5.090s] -- Installing: /home/ashraful/HBRS/AMR/AMR_PROJECT/amr-team-bot/install/aws_robomaker_small_house_world/share/aws_robomaker_small_house_world/models/aws_robomaker_residential_Wardrobe_01/meshes
[5.091s] -- Installing: /home/ashraful/HBRS/AMR/AMR_PROJECT/amr-team-bot/install/aws_robomaker_small_house_world/share/aws_robomaker_small_house_world/models/aws_robomaker_residential_Wardrobe_01/meshes/aws_Wardrobe_01_visual.DAE
[5.101s] -- Installing: /home/ashraful/HBRS/AMR/AMR_PROJECT/amr-team-bot/install/aws_robomaker_small_house_world/share/aws_robomaker_small_house_world/models/aws_robomaker_residential_Wardrobe_01/meshes/aws_Wardrobe_01_collision.DAE
[5.103s] -- Installing: /home/ashraful/HBRS/AMR/AMR_PROJECT/amr-team-bot/install/aws_robomaker_small_house_world/share/aws_robomaker_small_house_world/models/aws_robomaker_residential_Wardrobe_01/materials
[5.104s] -- Installing: /home/ashraful/HBRS/AMR/AMR_PROJECT/amr-team-bot/install/aws_robomaker_small_house_world/share/aws_robomaker_small_house_world/models/aws_robomaker_residential_Wardrobe_01/materials/textures
[5.108s] -- Installing: /home/ashraful/HBRS/AMR/AMR_PROJECT/amr-team-bot/install/aws_robomaker_small_house_world/share/aws_robomaker_small_house_world/models/aws_robomaker_residential_Wardrobe_01/materials/textures/aws_Wardrobe_01.png
[5.138s] -- Installing: /home/ashraful/HBRS/AMR/AMR_PROJECT/amr-team-bot/install/aws_robomaker_small_house_world/share/aws_robomaker_small_house_world/models/aws_robomaker_residential_Wardrobe_01/model.config
[5.138s] -- Installing: /home/ashraful/HBRS/AMR/AMR_PROJECT/amr-team-bot/install/aws_robomaker_small_house_world/share/aws_robomaker_small_house_world/models/aws_robomaker_residential_CoffeeTable_01
[5.138s] -- Installing: /home/ashraful/HBRS/AMR/AMR_PROJECT/amr-team-bot/install/aws_robomaker_small_house_world/share/aws_robomaker_small_house_world/models/aws_robomaker_residential_CoffeeTable_01/model.sdf
[5.139s] -- Installing: /home/ashraful/HBRS/AMR/AMR_PROJECT/amr-team-bot/install/aws_robomaker_small_house_world/share/aws_robomaker_small_house_world/models/aws_robomaker_residential_CoffeeTable_01/meshes
[5.139s] -- Installing: /home/ashraful/HBRS/AMR/AMR_PROJECT/amr-team-bot/install/aws_robomaker_small_house_world/share/aws_robomaker_small_house_world/models/aws_robomaker_residential_CoffeeTable_01/meshes/aws_CoffeeTable_01_visual.DAE
[5.139s] -- Installing: /home/ashraful/HBRS/AMR/AMR_PROJECT/amr-team-bot/install/aws_robomaker_small_house_world/share/aws_robomaker_small_house_world/models/aws_robomaker_residential_CoffeeTable_01/meshes/aws_CoffeeTable_01_collision.DAE
[5.139s] -- Installing: /home/ashraful/HBRS/AMR/AMR_PROJECT/amr-team-bot/install/aws_robomaker_small_house_world/share/aws_robomaker_small_house_world/models/aws_robomaker_residential_CoffeeTable_01/materials
[5.140s] -- Installing: /home/ashraful/HBRS/AMR/AMR_PROJECT/amr-team-bot/install/aws_robomaker_small_house_world/share/aws_robomaker_small_house_world/models/aws_robomaker_residential_CoffeeTable_01/materials/textures
[5.140s] -- Installing: /home/ashraful/HBRS/AMR/AMR_PROJECT/amr-team-bot/install/aws_robomaker_small_house_world/share/aws_robomaker_small_house_world/models/aws_robomaker_residential_CoffeeTable_01/materials/textures/aws_CoffeeTable_01.png
[5.161s] -- Installing: /home/ashraful/HBRS/AMR/AMR_PROJECT/amr-team-bot/install/aws_robomaker_small_house_world/share/aws_robomaker_small_house_world/models/aws_robomaker_residential_CoffeeTable_01/model.config
[5.165s] -- Installing: /home/ashraful/HBRS/AMR/AMR_PROJECT/amr-team-bot/install/aws_robomaker_small_house_world/share/aws_robomaker_small_house_world/models/aws_robomaker_residential_Door_01
[5.169s] -- Installing: /home/ashraful/HBRS/AMR/AMR_PROJECT/amr-team-bot/install/aws_robomaker_small_house_world/share/aws_robomaker_small_house_world/models/aws_robomaker_residential_Door_01/model.sdf
[5.176s] -- Installing: /home/ashraful/HBRS/AMR/AMR_PROJECT/amr-team-bot/install/aws_robomaker_small_house_world/share/aws_robomaker_small_house_world/models/aws_robomaker_residential_Door_01/meshes
[5.177s] -- Installing: /home/ashraful/HBRS/AMR/AMR_PROJECT/amr-team-bot/install/aws_robomaker_small_house_world/share/aws_robomaker_small_house_world/models/aws_robomaker_residential_Door_01/meshes/aws_Door_01_collision.DAE
[5.181s] -- Installing: /home/ashraful/HBRS/AMR/AMR_PROJECT/amr-team-bot/install/aws_robomaker_small_house_world/share/aws_robomaker_small_house_world/models/aws_robomaker_residential_Door_01/meshes/aws_Door_01_visual.DAE
[5.185s] -- Installing: /home/ashraful/HBRS/AMR/AMR_PROJECT/amr-team-bot/install/aws_robomaker_small_house_world/share/aws_robomaker_small_house_world/models/aws_robomaker_residential_Door_01/materials
[5.186s] -- Installing: /home/ashraful/HBRS/AMR/AMR_PROJECT/amr-team-bot/install/aws_robomaker_small_house_world/share/aws_robomaker_small_house_world/models/aws_robomaker_residential_Door_01/materials/textures
[5.189s] -- Installing: /home/ashraful/HBRS/AMR/AMR_PROJECT/amr-team-bot/install/aws_robomaker_small_house_world/share/aws_robomaker_small_house_world/models/aws_robomaker_residential_Door_01/materials/textures/aws_Door_01.png
[5.190s] -- Installing: /home/ashraful/HBRS/AMR/AMR_PROJECT/amr-team-bot/install/aws_robomaker_small_house_world/share/aws_robomaker_small_house_world/models/aws_robomaker_residential_Door_01/model.config
[5.191s] -- Installing: /home/ashraful/HBRS/AMR/AMR_PROJECT/amr-team-bot/install/aws_robomaker_small_house_world/share/aws_robomaker_small_house_world/models/aws_robomaker_residential_SofaB_01
[5.192s] -- Installing: /home/ashraful/HBRS/AMR/AMR_PROJECT/amr-team-bot/install/aws_robomaker_small_house_world/share/aws_robomaker_small_house_world/models/aws_robomaker_residential_SofaB_01/model.sdf
[5.203s] -- Installing: /home/ashraful/HBRS/AMR/AMR_PROJECT/amr-team-bot/install/aws_robomaker_small_house_world/share/aws_robomaker_small_house_world/models/aws_robomaker_residential_SofaB_01/meshes
[5.204s] -- Installing: /home/ashraful/HBRS/AMR/AMR_PROJECT/amr-team-bot/install/aws_robomaker_small_house_world/share/aws_robomaker_small_house_world/models/aws_robomaker_residential_SofaB_01/meshes/aws_SofaB_01_visual.DAE
[5.206s] -- Installing: /home/ashraful/HBRS/AMR/AMR_PROJECT/amr-team-bot/install/aws_robomaker_small_house_world/share/aws_robomaker_small_house_world/models/aws_robomaker_residential_SofaB_01/meshes/aws_SofaB_01_collision.DAE
[5.212s] -- Installing: /home/ashraful/HBRS/AMR/AMR_PROJECT/amr-team-bot/install/aws_robomaker_small_house_world/share/aws_robomaker_small_house_world/models/aws_robomaker_residential_SofaB_01/materials
[5.212s] -- Installing: /home/ashraful/HBRS/AMR/AMR_PROJECT/amr-team-bot/install/aws_robomaker_small_house_world/share/aws_robomaker_small_house_world/models/aws_robomaker_residential_SofaB_01/materials/textures
[5.212s] -- Installing: /home/ashraful/HBRS/AMR/AMR_PROJECT/amr-team-bot/install/aws_robomaker_small_house_world/share/aws_robomaker_small_house_world/models/aws_robomaker_residential_SofaB_01/materials/textures/aws_SofaB_01.png
[5.223s] -- Installing: /home/ashraful/HBRS/AMR/AMR_PROJECT/amr-team-bot/install/aws_robomaker_small_house_world/share/aws_robomaker_small_house_world/models/aws_robomaker_residential_SofaB_01/model.config
[5.227s] -- Installing: /home/ashraful/HBRS/AMR/AMR_PROJECT/amr-team-bot/install/aws_robomaker_small_house_world/share/aws_robomaker_small_house_world/models/aws_robomaker_residential_PortraitA_01
[5.237s] -- Installing: /home/ashraful/HBRS/AMR/AMR_PROJECT/amr-team-bot/install/aws_robomaker_small_house_world/share/aws_robomaker_small_house_world/models/aws_robomaker_residential_PortraitA_01/model.sdf
[5.237s] -- Installing: /home/ashraful/HBRS/AMR/AMR_PROJECT/amr-team-bot/install/aws_robomaker_small_house_world/share/aws_robomaker_small_house_world/models/aws_robomaker_residential_PortraitA_01/meshes
[5.237s] -- Installing: /home/ashraful/HBRS/AMR/AMR_PROJECT/amr-team-bot/install/aws_robomaker_small_house_world/share/aws_robomaker_small_house_world/models/aws_robomaker_residential_PortraitA_01/meshes/aws_PortraitA_01_collision.DAE
[5.238s] -- Installing: /home/ashraful/HBRS/AMR/AMR_PROJECT/amr-team-bot/install/aws_robomaker_small_house_world/share/aws_robomaker_small_house_world/models/aws_robomaker_residential_PortraitA_01/meshes/aws_PortraitA_01_visual.DAE
[5.238s] -- Installing: /home/ashraful/HBRS/AMR/AMR_PROJECT/amr-team-bot/install/aws_robomaker_small_house_world/share/aws_robomaker_small_house_world/models/aws_robomaker_residential_PortraitA_01/materials
[5.238s] -- Installing: /home/ashraful/HBRS/AMR/AMR_PROJECT/amr-team-bot/install/aws_robomaker_small_house_world/share/aws_robomaker_small_house_world/models/aws_robomaker_residential_PortraitA_01/materials/textures
[5.238s] -- Installing: /home/ashraful/HBRS/AMR/AMR_PROJECT/amr-team-bot/install/aws_robomaker_small_house_world/share/aws_robomaker_small_house_world/models/aws_robomaker_residential_PortraitA_01/materials/textures/aws_PortraitA_01.png
[5.256s] -- Installing: /home/ashraful/HBRS/AMR/AMR_PROJECT/amr-team-bot/install/aws_robomaker_small_house_world/share/aws_robomaker_small_house_world/models/aws_robomaker_residential_PortraitA_01/materials/textures/aws_PortraitA_02.png
[5.256s] -- Installing: /home/ashraful/HBRS/AMR/AMR_PROJECT/amr-team-bot/install/aws_robomaker_small_house_world/share/aws_robomaker_small_house_world/models/aws_robomaker_residential_PortraitA_01/model.config
[5.259s] -- Installing: /home/ashraful/HBRS/AMR/AMR_PROJECT/amr-team-bot/install/aws_robomaker_small_house_world/share/aws_robomaker_small_house_world/models/aws_robomaker_residential_DeskPortraitD_04
[5.259s] -- Installing: /home/ashraful/HBRS/AMR/AMR_PROJECT/amr-team-bot/install/aws_robomaker_small_house_world/share/aws_robomaker_small_house_world/models/aws_robomaker_residential_DeskPortraitD_04/model.sdf
[5.260s] -- Installing: /home/ashraful/HBRS/AMR/AMR_PROJECT/amr-team-bot/install/aws_robomaker_small_house_world/share/aws_robomaker_small_house_world/models/aws_robomaker_residential_DeskPortraitD_04/meshes
[5.260s] -- Installing: /home/ashraful/HBRS/AMR/AMR_PROJECT/amr-team-bot/install/aws_robomaker_small_house_world/share/aws_robomaker_small_house_world/models/aws_robomaker_residential_DeskPortraitD_04/meshes/aws_DeskPortraitD_01_visual.DAE
[5.260s] -- Installing: /home/ashraful/HBRS/AMR/AMR_PROJECT/amr-team-bot/install/aws_robomaker_small_house_world/share/aws_robomaker_small_house_world/models/aws_robomaker_residential_DeskPortraitD_04/meshes/aws_DeskPortraitD_01_collision.DAE
[5.260s] -- Installing: /home/ashraful/HBRS/AMR/AMR_PROJECT/amr-team-bot/install/aws_robomaker_small_house_world/share/aws_robomaker_small_house_world/models/aws_robomaker_residential_DeskPortraitD_04/materials
[5.272s] -- Installing: /home/ashraful/HBRS/AMR/AMR_PROJECT/amr-team-bot/install/aws_robomaker_small_house_world/share/aws_robomaker_small_house_world/models/aws_robomaker_residential_DeskPortraitD_04/materials/textures
[5.283s] -- Installing: /home/ashraful/HBRS/AMR/AMR_PROJECT/amr-team-bot/install/aws_robomaker_small_house_world/share/aws_robomaker_small_house_world/models/aws_robomaker_residential_DeskPortraitD_04/materials/textures/aws_DeskPortraitD_02.png
[5.287s] -- Installing: /home/ashraful/HBRS/AMR/AMR_PROJECT/amr-team-bot/install/aws_robomaker_small_house_world/share/aws_robomaker_small_house_world/models/aws_robomaker_residential_DeskPortraitD_04/materials/textures/aws_DeskPortraitD_01.png
[5.288s] -- Installing: /home/ashraful/HBRS/AMR/AMR_PROJECT/amr-team-bot/install/aws_robomaker_small_house_world/share/aws_robomaker_small_house_world/models/aws_robomaker_residential_DeskPortraitD_04/model.config
[5.296s] -- Installing: /home/ashraful/HBRS/AMR/AMR_PROJECT/amr-team-bot/install/aws_robomaker_small_house_world/share/aws_robomaker_small_house_world/models/aws_robomaker_residential_Tableware_01
[5.297s] -- Installing: /home/ashraful/HBRS/AMR/AMR_PROJECT/amr-team-bot/install/aws_robomaker_small_house_world/share/aws_robomaker_small_house_world/models/aws_robomaker_residential_Tableware_01/model.sdf
[5.297s] -- Installing: /home/ashraful/HBRS/AMR/AMR_PROJECT/amr-team-bot/install/aws_robomaker_small_house_world/share/aws_robomaker_small_house_world/models/aws_robomaker_residential_Tableware_01/meshes
[5.304s] -- Installing: /home/ashraful/HBRS/AMR/AMR_PROJECT/amr-team-bot/install/aws_robomaker_small_house_world/share/aws_robomaker_small_house_world/models/aws_robomaker_residential_Tableware_01/meshes/aws_Tableware_01_visual.DAE
[5.312s] -- Installing: /home/ashraful/HBRS/AMR/AMR_PROJECT/amr-team-bot/install/aws_robomaker_small_house_world/share/aws_robomaker_small_house_world/models/aws_robomaker_residential_Tableware_01/meshes/aws_Tableware_01_collision.DAE
[5.317s] -- Installing: /home/ashraful/HBRS/AMR/AMR_PROJECT/amr-team-bot/install/aws_robomaker_small_house_world/share/aws_robomaker_small_house_world/models/aws_robomaker_residential_Tableware_01/materials
[5.322s] -- Installing: /home/ashraful/HBRS/AMR/AMR_PROJECT/amr-team-bot/install/aws_robomaker_small_house_world/share/aws_robomaker_small_house_world/models/aws_robomaker_residential_Tableware_01/materials/textures
[5.325s] -- Installing: /home/ashraful/HBRS/AMR/AMR_PROJECT/amr-team-bot/install/aws_robomaker_small_house_world/share/aws_robomaker_small_house_world/models/aws_robomaker_residential_Tableware_01/materials/textures/aws_Tableware_01.png
[5.326s] -- Installing: /home/ashraful/HBRS/AMR/AMR_PROJECT/amr-team-bot/install/aws_robomaker_small_house_world/share/aws_robomaker_small_house_world/models/aws_robomaker_residential_Tableware_01/model.config
[5.331s] -- Installing: /home/ashraful/HBRS/AMR/AMR_PROJECT/amr-team-bot/install/aws_robomaker_small_house_world/share/aws_robomaker_small_house_world/models/aws_robomaker_residential_Dumbbell_01
[5.333s] -- Installing: /home/ashraful/HBRS/AMR/AMR_PROJECT/amr-team-bot/install/aws_robomaker_small_house_world/share/aws_robomaker_small_house_world/models/aws_robomaker_residential_Dumbbell_01/model.sdf
[5.341s] -- Installing: /home/ashraful/HBRS/AMR/AMR_PROJECT/amr-team-bot/install/aws_robomaker_small_house_world/share/aws_robomaker_small_house_world/models/aws_robomaker_residential_Dumbbell_01/meshes
[5.342s] -- Installing: /home/ashraful/HBRS/AMR/AMR_PROJECT/amr-team-bot/install/aws_robomaker_small_house_world/share/aws_robomaker_small_house_world/models/aws_robomaker_residential_Dumbbell_01/meshes/aws_Dumbbell_01_collision.DAE
[5.343s] -- Installing: /home/ashraful/HBRS/AMR/AMR_PROJECT/amr-team-bot/install/aws_robomaker_small_house_world/share/aws_robomaker_small_house_world/models/aws_robomaker_residential_Dumbbell_01/meshes/aws_Dumbbell_01_visual.DAE
[5.348s] -- Installing: /home/ashraful/HBRS/AMR/AMR_PROJECT/amr-team-bot/install/aws_robomaker_small_house_world/share/aws_robomaker_small_house_world/models/aws_robomaker_residential_Dumbbell_01/materials
[5.348s] -- Installing: /home/ashraful/HBRS/AMR/AMR_PROJECT/amr-team-bot/install/aws_robomaker_small_house_world/share/aws_robomaker_small_house_world/models/aws_robomaker_residential_Dumbbell_01/materials/textures
[5.350s] -- Installing: /home/ashraful/HBRS/AMR/AMR_PROJECT/amr-team-bot/install/aws_robomaker_small_house_world/share/aws_robomaker_small_house_world/models/aws_robomaker_residential_Dumbbell_01/materials/textures/aws_Dumbbell_01.png
[5.356s] -- Installing: /home/ashraful/HBRS/AMR/AMR_PROJECT/amr-team-bot/install/aws_robomaker_small_house_world/share/aws_robomaker_small_house_world/models/aws_robomaker_residential_Dumbbell_01/model.config
[5.360s] -- Installing: /home/ashraful/HBRS/AMR/AMR_PROJECT/amr-team-bot/install/aws_robomaker_small_house_world/share/aws_robomaker_small_house_world/models/aws_robomaker_residential_FloorB_01
[5.362s] -- Installing: /home/ashraful/HBRS/AMR/AMR_PROJECT/amr-team-bot/install/aws_robomaker_small_house_world/share/aws_robomaker_small_house_world/models/aws_robomaker_residential_FloorB_01/model.sdf
[5.364s] -- Installing: /home/ashraful/HBRS/AMR/AMR_PROJECT/amr-team-bot/install/aws_robomaker_small_house_world/share/aws_robomaker_small_house_world/models/aws_robomaker_residential_FloorB_01/meshes
[5.365s] -- Installing: /home/ashraful/HBRS/AMR/AMR_PROJECT/amr-team-bot/install/aws_robomaker_small_house_world/share/aws_robomaker_small_house_world/models/aws_robomaker_residential_FloorB_01/meshes/aws_FloorB_01_visual.DAE
[5.369s] -- Installing: /home/ashraful/HBRS/AMR/AMR_PROJECT/amr-team-bot/install/aws_robomaker_small_house_world/share/aws_robomaker_small_house_world/models/aws_robomaker_residential_FloorB_01/meshes/aws_FloorB_01_collision.DAE
[5.371s] -- Installing: /home/ashraful/HBRS/AMR/AMR_PROJECT/amr-team-bot/install/aws_robomaker_small_house_world/share/aws_robomaker_small_house_world/models/aws_robomaker_residential_FloorB_01/materials
[5.373s] -- Installing: /home/ashraful/HBRS/AMR/AMR_PROJECT/amr-team-bot/install/aws_robomaker_small_house_world/share/aws_robomaker_small_house_world/models/aws_robomaker_residential_FloorB_01/materials/textures
[5.375s] -- Installing: /home/ashraful/HBRS/AMR/AMR_PROJECT/amr-team-bot/install/aws_robomaker_small_house_world/share/aws_robomaker_small_house_world/models/aws_robomaker_residential_FloorB_01/materials/textures/aws_FloorB_01.png
[5.376s] -- Installing: /home/ashraful/HBRS/AMR/AMR_PROJECT/amr-team-bot/install/aws_robomaker_small_house_world/share/aws_robomaker_small_house_world/models/aws_robomaker_residential_FloorB_01/model.config
[5.376s] -- Installing: /home/ashraful/HBRS/AMR/AMR_PROJECT/amr-team-bot/install/aws_robomaker_small_house_world/share/aws_robomaker_small_house_world/models/aws_robomaker_residential_RoomWindow_01
[5.376s] -- Installing: /home/ashraful/HBRS/AMR/AMR_PROJECT/amr-team-bot/install/aws_robomaker_small_house_world/share/aws_robomaker_small_house_world/models/aws_robomaker_residential_RoomWindow_01/model.sdf
[5.386s] -- Installing: /home/ashraful/HBRS/AMR/AMR_PROJECT/amr-team-bot/install/aws_robomaker_small_house_world/share/aws_robomaker_small_house_world/models/aws_robomaker_residential_RoomWindow_01/meshes
[5.393s] -- Installing: /home/ashraful/HBRS/AMR/AMR_PROJECT/amr-team-bot/install/aws_robomaker_small_house_world/share/aws_robomaker_small_house_world/models/aws_robomaker_residential_RoomWindow_01/meshes/aws_RoomWindow_01_visual.DAE
[5.397s] -- Installing: /home/ashraful/HBRS/AMR/AMR_PROJECT/amr-team-bot/install/aws_robomaker_small_house_world/share/aws_robomaker_small_house_world/models/aws_robomaker_residential_RoomWindow_01/meshes/aws_RoomWindow_01_collision.DAE
[5.398s] -- Installing: /home/ashraful/HBRS/AMR/AMR_PROJECT/amr-team-bot/install/aws_robomaker_small_house_world/share/aws_robomaker_small_house_world/models/aws_robomaker_residential_RoomWindow_01/materials
[5.398s] -- Installing: /home/ashraful/HBRS/AMR/AMR_PROJECT/amr-team-bot/install/aws_robomaker_small_house_world/share/aws_robomaker_small_house_world/models/aws_robomaker_residential_RoomWindow_01/materials/textures
[5.399s] -- Installing: /home/ashraful/HBRS/AMR/AMR_PROJECT/amr-team-bot/install/aws_robomaker_small_house_world/share/aws_robomaker_small_house_world/models/aws_robomaker_residential_RoomWindow_01/materials/textures/aws_RoomWindow_01.png
[5.399s] -- Installing: /home/ashraful/HBRS/AMR/AMR_PROJECT/amr-team-bot/install/aws_robomaker_small_house_world/share/aws_robomaker_small_house_world/models/aws_robomaker_residential_RoomWindow_01/model.config
[5.407s] -- Installing: /home/ashraful/HBRS/AMR/AMR_PROJECT/amr-team-bot/install/aws_robomaker_small_house_world/share/aws_robomaker_small_house_world/models/aws_robomaker_residential_PortraitB_03
[5.409s] -- Installing: /home/ashraful/HBRS/AMR/AMR_PROJECT/amr-team-bot/install/aws_robomaker_small_house_world/share/aws_robomaker_small_house_world/models/aws_robomaker_residential_PortraitB_03/model.sdf
[5.410s] -- Installing: /home/ashraful/HBRS/AMR/AMR_PROJECT/amr-team-bot/install/aws_robomaker_small_house_world/share/aws_robomaker_small_house_world/models/aws_robomaker_residential_PortraitB_03/meshes
[5.410s] -- Installing: /home/ashraful/HBRS/AMR/AMR_PROJECT/amr-team-bot/install/aws_robomaker_small_house_world/share/aws_robomaker_small_house_world/models/aws_robomaker_residential_PortraitB_03/meshes/aws_PortraitB_01_collision.DAE
[5.410s] -- Installing: /home/ashraful/HBRS/AMR/AMR_PROJECT/amr-team-bot/install/aws_robomaker_small_house_world/share/aws_robomaker_small_house_world/models/aws_robomaker_residential_PortraitB_03/meshes/aws_PortraitB_01_visual.DAE
[5.418s] -- Installing: /home/ashraful/HBRS/AMR/AMR_PROJECT/amr-team-bot/install/aws_robomaker_small_house_world/share/aws_robomaker_small_house_world/models/aws_robomaker_residential_PortraitB_03/materials
[5.421s] -- Installing: /home/ashraful/HBRS/AMR/AMR_PROJECT/amr-team-bot/install/aws_robomaker_small_house_world/share/aws_robomaker_small_house_world/models/aws_robomaker_residential_PortraitB_03/materials/textures
[5.422s] -- Installing: /home/ashraful/HBRS/AMR/AMR_PROJECT/amr-team-bot/install/aws_robomaker_small_house_world/share/aws_robomaker_small_house_world/models/aws_robomaker_residential_PortraitB_03/materials/textures/aws_PortraitB_01.png
[5.422s] -- Installing: /home/ashraful/HBRS/AMR/AMR_PROJECT/amr-team-bot/install/aws_robomaker_small_house_world/share/aws_robomaker_small_house_world/models/aws_robomaker_residential_PortraitB_03/materials/textures/aws_PortraitB_02.png
[5.431s] -- Installing: /home/ashraful/HBRS/AMR/AMR_PROJECT/amr-team-bot/install/aws_robomaker_small_house_world/share/aws_robomaker_small_house_world/models/aws_robomaker_residential_PortraitB_03/model.config
[5.432s] -- Installing: /home/ashraful/HBRS/AMR/AMR_PROJECT/amr-team-bot/install/aws_robomaker_small_house_world/share/aws_robomaker_small_house_world/models/aws_robomaker_residential_AirconditionerB_01
[5.435s] -- Installing: /home/ashraful/HBRS/AMR/AMR_PROJECT/amr-team-bot/install/aws_robomaker_small_house_world/share/aws_robomaker_small_house_world/models/aws_robomaker_residential_AirconditionerB_01/model.sdf
[5.437s] -- Installing: /home/ashraful/HBRS/AMR/AMR_PROJECT/amr-team-bot/install/aws_robomaker_small_house_world/share/aws_robomaker_small_house_world/models/aws_robomaker_residential_AirconditionerB_01/meshes
[5.441s] -- Installing: /home/ashraful/HBRS/AMR/AMR_PROJECT/amr-team-bot/install/aws_robomaker_small_house_world/share/aws_robomaker_small_house_world/models/aws_robomaker_residential_AirconditionerB_01/meshes/aws_AirconditionerB_01_collision.DAE
[5.443s] -- Installing: /home/ashraful/HBRS/AMR/AMR_PROJECT/amr-team-bot/install/aws_robomaker_small_house_world/share/aws_robomaker_small_house_world/models/aws_robomaker_residential_AirconditionerB_01/meshes/aws_AirconditionerB_01_visual.DAE
[5.443s] -- Installing: /home/ashraful/HBRS/AMR/AMR_PROJECT/amr-team-bot/install/aws_robomaker_small_house_world/share/aws_robomaker_small_house_world/models/aws_robomaker_residential_AirconditionerB_01/materials
[5.447s] -- Installing: /home/ashraful/HBRS/AMR/AMR_PROJECT/amr-team-bot/install/aws_robomaker_small_house_world/share/aws_robomaker_small_house_world/models/aws_robomaker_residential_AirconditionerB_01/materials/textures
[5.453s] -- Installing: /home/ashraful/HBRS/AMR/AMR_PROJECT/amr-team-bot/install/aws_robomaker_small_house_world/share/aws_robomaker_small_house_world/models/aws_robomaker_residential_AirconditionerB_01/materials/textures/aws_AirconditionerB_01.png
[5.454s] -- Installing: /home/ashraful/HBRS/AMR/AMR_PROJECT/amr-team-bot/install/aws_robomaker_small_house_world/share/aws_robomaker_small_house_world/models/aws_robomaker_residential_AirconditionerB_01/model.config
[5.454s] -- Installing: /home/ashraful/HBRS/AMR/AMR_PROJECT/amr-team-bot/install/aws_robomaker_small_house_world/share/aws_robomaker_small_house_world/models/aws_robomaker_residential_DeskPortraitA_01
[5.455s] -- Installing: /home/ashraful/HBRS/AMR/AMR_PROJECT/amr-team-bot/install/aws_robomaker_small_house_world/share/aws_robomaker_small_house_world/models/aws_robomaker_residential_DeskPortraitA_01/model.sdf
[5.455s] -- Installing: /home/ashraful/HBRS/AMR/AMR_PROJECT/amr-team-bot/install/aws_robomaker_small_house_world/share/aws_robomaker_small_house_world/models/aws_robomaker_residential_DeskPortraitA_01/meshes
[5.456s] -- Installing: /home/ashraful/HBRS/AMR/AMR_PROJECT/amr-team-bot/install/aws_robomaker_small_house_world/share/aws_robomaker_small_house_world/models/aws_robomaker_residential_DeskPortraitA_01/meshes/aws_DeskPortraitA_01_visual.DAE
[5.460s] -- Installing: /home/ashraful/HBRS/AMR/AMR_PROJECT/amr-team-bot/install/aws_robomaker_small_house_world/share/aws_robomaker_small_house_world/models/aws_robomaker_residential_DeskPortraitA_01/meshes/aws_DeskPortraitA_01_collision.DAE
[5.461s] -- Installing: /home/ashraful/HBRS/AMR/AMR_PROJECT/amr-team-bot/install/aws_robomaker_small_house_world/share/aws_robomaker_small_house_world/models/aws_robomaker_residential_DeskPortraitA_01/materials
[5.462s] -- Installing: /home/ashraful/HBRS/AMR/AMR_PROJECT/amr-team-bot/install/aws_robomaker_small_house_world/share/aws_robomaker_small_house_world/models/aws_robomaker_residential_DeskPortraitA_01/materials/textures
[5.463s] -- Installing: /home/ashraful/HBRS/AMR/AMR_PROJECT/amr-team-bot/install/aws_robomaker_small_house_world/share/aws_robomaker_small_house_world/models/aws_robomaker_residential_DeskPortraitA_01/materials/textures/aws_DeskPortraitA_01.png
[5.465s] -- Installing: /home/ashraful/HBRS/AMR/AMR_PROJECT/amr-team-bot/install/aws_robomaker_small_house_world/share/aws_robomaker_small_house_world/models/aws_robomaker_residential_DeskPortraitA_01/materials/textures/aws_DeskPortraitA_02.png
[5.471s] -- Installing: /home/ashraful/HBRS/AMR/AMR_PROJECT/amr-team-bot/install/aws_robomaker_small_house_world/share/aws_robomaker_small_house_world/models/aws_robomaker_residential_DeskPortraitA_01/model.config
[5.472s] -- Installing: /home/ashraful/HBRS/AMR/AMR_PROJECT/amr-team-bot/install/aws_robomaker_small_house_world/share/aws_robomaker_small_house_world/models/aws_robomaker_residential_TVCabinet_01
[5.473s] -- Installing: /home/ashraful/HBRS/AMR/AMR_PROJECT/amr-team-bot/install/aws_robomaker_small_house_world/share/aws_robomaker_small_house_world/models/aws_robomaker_residential_TVCabinet_01/model.sdf
[5.473s] -- Installing: /home/ashraful/HBRS/AMR/AMR_PROJECT/amr-team-bot/install/aws_robomaker_small_house_world/share/aws_robomaker_small_house_world/models/aws_robomaker_residential_TVCabinet_01/meshes
[5.475s] -- Installing: /home/ashraful/HBRS/AMR/AMR_PROJECT/amr-team-bot/install/aws_robomaker_small_house_world/share/aws_robomaker_small_house_world/models/aws_robomaker_residential_TVCabinet_01/meshes/aws_TVCabinet_01_collision.DAE
[5.477s] -- Installing: /home/ashraful/HBRS/AMR/AMR_PROJECT/amr-team-bot/install/aws_robomaker_small_house_world/share/aws_robomaker_small_house_world/models/aws_robomaker_residential_TVCabinet_01/meshes/aws_TVCabinet_01_visual.DAE
[5.478s] -- Installing: /home/ashraful/HBRS/AMR/AMR_PROJECT/amr-team-bot/install/aws_robomaker_small_house_world/share/aws_robomaker_small_house_world/models/aws_robomaker_residential_TVCabinet_01/materials
[5.478s] -- Installing: /home/ashraful/HBRS/AMR/AMR_PROJECT/amr-team-bot/install/aws_robomaker_small_house_world/share/aws_robomaker_small_house_world/models/aws_robomaker_residential_TVCabinet_01/materials/textures
[5.483s] -- Installing: /home/ashraful/HBRS/AMR/AMR_PROJECT/amr-team-bot/install/aws_robomaker_small_house_world/share/aws_robomaker_small_house_world/models/aws_robomaker_residential_TVCabinet_01/materials/textures/aws_TVCabinet_01.png
[5.486s] -- Installing: /home/ashraful/HBRS/AMR/AMR_PROJECT/amr-team-bot/install/aws_robomaker_small_house_world/share/aws_robomaker_small_house_world/models/aws_robomaker_residential_TVCabinet_01/model.config
[5.489s] -- Installing: /home/ashraful/HBRS/AMR/AMR_PROJECT/amr-team-bot/install/aws_robomaker_small_house_world/share/aws_robomaker_small_house_world/models/aws_robomaker_residential_ShoeRack_01
[5.490s] -- Installing: /home/ashraful/HBRS/AMR/AMR_PROJECT/amr-team-bot/install/aws_robomaker_small_house_world/share/aws_robomaker_small_house_world/models/aws_robomaker_residential_ShoeRack_01/model.sdf
[5.498s] -- Installing: /home/ashraful/HBRS/AMR/AMR_PROJECT/amr-team-bot/install/aws_robomaker_small_house_world/share/aws_robomaker_small_house_world/models/aws_robomaker_residential_ShoeRack_01/meshes
[5.504s] -- Installing: /home/ashraful/HBRS/AMR/AMR_PROJECT/amr-team-bot/install/aws_robomaker_small_house_world/share/aws_robomaker_small_house_world/models/aws_robomaker_residential_ShoeRack_01/meshes/aws_ShoeRack_01_visual.DAE
[5.506s] -- Installing: /home/ashraful/HBRS/AMR/AMR_PROJECT/amr-team-bot/install/aws_robomaker_small_house_world/share/aws_robomaker_small_house_world/models/aws_robomaker_residential_ShoeRack_01/meshes/aws_ShoeRack_01_collision.DAE
[5.508s] -- Installing: /home/ashraful/HBRS/AMR/AMR_PROJECT/amr-team-bot/install/aws_robomaker_small_house_world/share/aws_robomaker_small_house_world/models/aws_robomaker_residential_ShoeRack_01/materials
[5.510s] -- Installing: /home/ashraful/HBRS/AMR/AMR_PROJECT/amr-team-bot/install/aws_robomaker_small_house_world/share/aws_robomaker_small_house_world/models/aws_robomaker_residential_ShoeRack_01/materials/textures
[5.511s] -- Installing: /home/ashraful/HBRS/AMR/AMR_PROJECT/amr-team-bot/install/aws_robomaker_small_house_world/share/aws_robomaker_small_house_world/models/aws_robomaker_residential_ShoeRack_01/materials/textures/aws_ShoeRack_01.png
[5.522s] -- Installing: /home/ashraful/HBRS/AMR/AMR_PROJECT/amr-team-bot/install/aws_robomaker_small_house_world/share/aws_robomaker_small_house_world/models/aws_robomaker_residential_ShoeRack_01/model.config
[5.524s] -- Installing: /home/ashraful/HBRS/AMR/AMR_PROJECT/amr-team-bot/install/aws_robomaker_small_house_world/share/aws_robomaker_small_house_world/models/aws_robomaker_residential_CookingBench_01
[5.527s] -- Installing: /home/ashraful/HBRS/AMR/AMR_PROJECT/amr-team-bot/install/aws_robomaker_small_house_world/share/aws_robomaker_small_house_world/models/aws_robomaker_residential_CookingBench_01/model.sdf
[5.528s] -- Installing: /home/ashraful/HBRS/AMR/AMR_PROJECT/amr-team-bot/install/aws_robomaker_small_house_world/share/aws_robomaker_small_house_world/models/aws_robomaker_residential_CookingBench_01/meshes
[5.530s] -- Installing: /home/ashraful/HBRS/AMR/AMR_PROJECT/amr-team-bot/install/aws_robomaker_small_house_world/share/aws_robomaker_small_house_world/models/aws_robomaker_residential_CookingBench_01/meshes/aws_CookingBench_01_collision.DAE
[5.533s] -- Installing: /home/ashraful/HBRS/AMR/AMR_PROJECT/amr-team-bot/install/aws_robomaker_small_house_world/share/aws_robomaker_small_house_world/models/aws_robomaker_residential_CookingBench_01/meshes/aws_CookingBench_01.DAE
[5.535s] -- Installing: /home/ashraful/HBRS/AMR/AMR_PROJECT/amr-team-bot/install/aws_robomaker_small_house_world/share/aws_robomaker_small_house_world/models/aws_robomaker_residential_CookingBench_01/meshes/aws_CookingBench_01_visual.DAE
[5.541s] -- Installing: /home/ashraful/HBRS/AMR/AMR_PROJECT/amr-team-bot/install/aws_robomaker_small_house_world/share/aws_robomaker_small_house_world/models/aws_robomaker_residential_CookingBench_01/materials
[5.546s] -- Installing: /home/ashraful/HBRS/AMR/AMR_PROJECT/amr-team-bot/install/aws_robomaker_small_house_world/share/aws_robomaker_small_house_world/models/aws_robomaker_residential_CookingBench_01/materials/textures
[5.553s] -- Installing: /home/ashraful/HBRS/AMR/AMR_PROJECT/amr-team-bot/install/aws_robomaker_small_house_world/share/aws_robomaker_small_house_world/models/aws_robomaker_residential_CookingBench_01/materials/textures/aws_CookingBench_01.png
[5.557s] -- Installing: /home/ashraful/HBRS/AMR/AMR_PROJECT/amr-team-bot/install/aws_robomaker_small_house_world/share/aws_robomaker_small_house_world/models/aws_robomaker_residential_CookingBench_01/model.config
[5.559s] -- Installing: /home/ashraful/HBRS/AMR/AMR_PROJECT/amr-team-bot/install/aws_robomaker_small_house_world/share/aws_robomaker_small_house_world/models/aws_robomaker_residential_TV_01
[5.562s] -- Installing: /home/ashraful/HBRS/AMR/AMR_PROJECT/amr-team-bot/install/aws_robomaker_small_house_world/share/aws_robomaker_small_house_world/models/aws_robomaker_residential_TV_01/model.sdf
[5.569s] -- Installing: /home/ashraful/HBRS/AMR/AMR_PROJECT/amr-team-bot/install/aws_robomaker_small_house_world/share/aws_robomaker_small_house_world/models/aws_robomaker_residential_TV_01/meshes
[5.570s] -- Installing: /home/ashraful/HBRS/AMR/AMR_PROJECT/amr-team-bot/install/aws_robomaker_small_house_world/share/aws_robomaker_small_house_world/models/aws_robomaker_residential_TV_01/meshes/aws_TV_01_visual.DAE
[5.570s] -- Installing: /home/ashraful/HBRS/AMR/AMR_PROJECT/amr-team-bot/install/aws_robomaker_small_house_world/share/aws_robomaker_small_house_world/models/aws_robomaker_residential_TV_01/meshes/aws_TV_01_collision.DAE
[5.571s] -- Installing: /home/ashraful/HBRS/AMR/AMR_PROJECT/amr-team-bot/install/aws_robomaker_small_house_world/share/aws_robomaker_small_house_world/models/aws_robomaker_residential_TV_01/materials
[5.571s] -- Installing: /home/ashraful/HBRS/AMR/AMR_PROJECT/amr-team-bot/install/aws_robomaker_small_house_world/share/aws_robomaker_small_house_world/models/aws_robomaker_residential_TV_01/materials/textures
[5.571s] -- Installing: /home/ashraful/HBRS/AMR/AMR_PROJECT/amr-team-bot/install/aws_robomaker_small_house_world/share/aws_robomaker_small_house_world/models/aws_robomaker_residential_TV_01/materials/textures/aws_TV_01.png
[5.571s] -- Installing: /home/ashraful/HBRS/AMR/AMR_PROJECT/amr-team-bot/install/aws_robomaker_small_house_world/share/aws_robomaker_small_house_world/models/aws_robomaker_residential_TV_01/model.config
[5.581s] -- Installing: /home/ashraful/HBRS/AMR/AMR_PROJECT/amr-team-bot/install/aws_robomaker_small_house_world/share/aws_robomaker_small_house_world/models/aws_robomaker_residential_DeskPortraitC_01
[5.582s] -- Installing: /home/ashraful/HBRS/AMR/AMR_PROJECT/amr-team-bot/install/aws_robomaker_small_house_world/share/aws_robomaker_small_house_world/models/aws_robomaker_residential_DeskPortraitC_01/model.sdf
[5.582s] -- Installing: /home/ashraful/HBRS/AMR/AMR_PROJECT/amr-team-bot/install/aws_robomaker_small_house_world/share/aws_robomaker_small_house_world/models/aws_robomaker_residential_DeskPortraitC_01/meshes
[5.582s] -- Installing: /home/ashraful/HBRS/AMR/AMR_PROJECT/amr-team-bot/install/aws_robomaker_small_house_world/share/aws_robomaker_small_house_world/models/aws_robomaker_residential_DeskPortraitC_01/meshes/aws_DeskPortraitC_01_visual.DAE
[5.583s] -- Installing: /home/ashraful/HBRS/AMR/AMR_PROJECT/amr-team-bot/install/aws_robomaker_small_house_world/share/aws_robomaker_small_house_world/models/aws_robomaker_residential_DeskPortraitC_01/meshes/aws_DeskPortraitC_01_collision.DAE
[5.583s] -- Installing: /home/ashraful/HBRS/AMR/AMR_PROJECT/amr-team-bot/install/aws_robomaker_small_house_world/share/aws_robomaker_small_house_world/models/aws_robomaker_residential_DeskPortraitC_01/materials
[5.583s] -- Installing: /home/ashraful/HBRS/AMR/AMR_PROJECT/amr-team-bot/install/aws_robomaker_small_house_world/share/aws_robomaker_small_house_world/models/aws_robomaker_residential_DeskPortraitC_01/materials/textures
[5.586s] -- Installing: /home/ashraful/HBRS/AMR/AMR_PROJECT/amr-team-bot/install/aws_robomaker_small_house_world/share/aws_robomaker_small_house_world/models/aws_robomaker_residential_DeskPortraitC_01/materials/textures/aws_DeskPortraitC_02.png
[5.588s] -- Installing: /home/ashraful/HBRS/AMR/AMR_PROJECT/amr-team-bot/install/aws_robomaker_small_house_world/share/aws_robomaker_small_house_world/models/aws_robomaker_residential_DeskPortraitC_01/materials/textures/aws_DeskPortraitC_01.png
[5.588s] -- Installing: /home/ashraful/HBRS/AMR/AMR_PROJECT/amr-team-bot/install/aws_robomaker_small_house_world/share/aws_robomaker_small_house_world/models/aws_robomaker_residential_DeskPortraitC_01/model.config
[5.588s] -- Installing: /home/ashraful/HBRS/AMR/AMR_PROJECT/amr-team-bot/install/aws_robomaker_small_house_world/share/aws_robomaker_small_house_world/models/aws_robomaker_residential_Tablet_01
[5.594s] -- Installing: /home/ashraful/HBRS/AMR/AMR_PROJECT/amr-team-bot/install/aws_robomaker_small_house_world/share/aws_robomaker_small_house_world/models/aws_robomaker_residential_Tablet_01/model.sdf
[5.595s] -- Installing: /home/ashraful/HBRS/AMR/AMR_PROJECT/amr-team-bot/install/aws_robomaker_small_house_world/share/aws_robomaker_small_house_world/models/aws_robomaker_residential_Tablet_01/meshes
[5.596s] -- Installing: /home/ashraful/HBRS/AMR/AMR_PROJECT/amr-team-bot/install/aws_robomaker_small_house_world/share/aws_robomaker_small_house_world/models/aws_robomaker_residential_Tablet_01/meshes/aws_Tablet_01_visual.DAE
[5.596s] -- Installing: /home/ashraful/HBRS/AMR/AMR_PROJECT/amr-team-bot/install/aws_robomaker_small_house_world/share/aws_robomaker_small_house_world/models/aws_robomaker_residential_Tablet_01/meshes/aws_Tablet_01_collision.DAE
[5.596s] -- Installing: /home/ashraful/HBRS/AMR/AMR_PROJECT/amr-team-bot/install/aws_robomaker_small_house_world/share/aws_robomaker_small_house_world/models/aws_robomaker_residential_Tablet_01/materials
[5.598s] -- Installing: /home/ashraful/HBRS/AMR/AMR_PROJECT/amr-team-bot/install/aws_robomaker_small_house_world/share/aws_robomaker_small_house_world/models/aws_robomaker_residential_Tablet_01/materials/textures
[5.601s] -- Installing: /home/ashraful/HBRS/AMR/AMR_PROJECT/amr-team-bot/install/aws_robomaker_small_house_world/share/aws_robomaker_small_house_world/models/aws_robomaker_residential_Tablet_01/materials/textures/aws_Tablet_01_nologo.png
[5.602s] -- Installing: /home/ashraful/HBRS/AMR/AMR_PROJECT/amr-team-bot/install/aws_robomaker_small_house_world/share/aws_robomaker_small_house_world/models/aws_robomaker_residential_Tablet_01/model.config
[5.602s] -- Installing: /home/ashraful/HBRS/AMR/AMR_PROJECT/amr-team-bot/install/aws_robomaker_small_house_world/share/aws_robomaker_small_house_world/models/aws_robomaker_residential_TV_02
[5.605s] -- Installing: /home/ashraful/HBRS/AMR/AMR_PROJECT/amr-team-bot/install/aws_robomaker_small_house_world/share/aws_robomaker_small_house_world/models/aws_robomaker_residential_TV_02/model.sdf
[5.608s] -- Installing: /home/ashraful/HBRS/AMR/AMR_PROJECT/amr-team-bot/install/aws_robomaker_small_house_world/share/aws_robomaker_small_house_world/models/aws_robomaker_residential_TV_02/meshes
[5.608s] -- Installing: /home/ashraful/HBRS/AMR/AMR_PROJECT/amr-team-bot/install/aws_robomaker_small_house_world/share/aws_robomaker_small_house_world/models/aws_robomaker_residential_TV_02/meshes/aws_TV_01_visual.DAE
[5.609s] -- Installing: /home/ashraful/HBRS/AMR/AMR_PROJECT/amr-team-bot/install/aws_robomaker_small_house_world/share/aws_robomaker_small_house_world/models/aws_robomaker_residential_TV_02/meshes/aws_TV_01_collision.DAE
[5.613s] -- Installing: /home/ashraful/HBRS/AMR/AMR_PROJECT/amr-team-bot/install/aws_robomaker_small_house_world/share/aws_robomaker_small_house_world/models/aws_robomaker_residential_TV_02/materials
[5.614s] -- Installing: /home/ashraful/HBRS/AMR/AMR_PROJECT/amr-team-bot/install/aws_robomaker_small_house_world/share/aws_robomaker_small_house_world/models/aws_robomaker_residential_TV_02/materials/textures
[5.616s] -- Installing: /home/ashraful/HBRS/AMR/AMR_PROJECT/amr-team-bot/install/aws_robomaker_small_house_world/share/aws_robomaker_small_house_world/models/aws_robomaker_residential_TV_02/materials/textures/aws_TV_01.png
[5.616s] -- Installing: /home/ashraful/HBRS/AMR/AMR_PROJECT/amr-team-bot/install/aws_robomaker_small_house_world/share/aws_robomaker_small_house_world/models/aws_robomaker_residential_TV_02/model.config
[5.616s] -- Installing: /home/ashraful/HBRS/AMR/AMR_PROJECT/amr-team-bot/install/aws_robomaker_small_house_world/share/aws_robomaker_small_house_world/models/aws_robomaker_residential_RoomCeiling_01
[5.620s] -- Installing: /home/ashraful/HBRS/AMR/AMR_PROJECT/amr-team-bot/install/aws_robomaker_small_house_world/share/aws_robomaker_small_house_world/models/aws_robomaker_residential_RoomCeiling_01/model.sdf
[5.621s] -- Installing: /home/ashraful/HBRS/AMR/AMR_PROJECT/amr-team-bot/install/aws_robomaker_small_house_world/share/aws_robomaker_small_house_world/models/aws_robomaker_residential_RoomCeiling_01/meshes
[5.621s] -- Installing: /home/ashraful/HBRS/AMR/AMR_PROJECT/amr-team-bot/install/aws_robomaker_small_house_world/share/aws_robomaker_small_house_world/models/aws_robomaker_residential_RoomCeiling_01/meshes/aws_RoomCeiling_01_collision.DAE
[5.621s] -- Installing: /home/ashraful/HBRS/AMR/AMR_PROJECT/amr-team-bot/install/aws_robomaker_small_house_world/share/aws_robomaker_small_house_world/models/aws_robomaker_residential_RoomCeiling_01/meshes/aws_RoomCeiling_01_visual.DAE
[5.621s] -- Installing: /home/ashraful/HBRS/AMR/AMR_PROJECT/amr-team-bot/install/aws_robomaker_small_house_world/share/aws_robomaker_small_house_world/models/aws_robomaker_residential_RoomCeiling_01/materials
[5.628s] -- Installing: /home/ashraful/HBRS/AMR/AMR_PROJECT/amr-team-bot/install/aws_robomaker_small_house_world/share/aws_robomaker_small_house_world/models/aws_robomaker_residential_RoomCeiling_01/materials/textures
[5.629s] -- Installing: /home/ashraful/HBRS/AMR/AMR_PROJECT/amr-team-bot/install/aws_robomaker_small_house_world/share/aws_robomaker_small_house_world/models/aws_robomaker_residential_RoomCeiling_01/materials/textures/aws_RoomCeiling_01.png
[5.629s] -- Installing: /home/ashraful/HBRS/AMR/AMR_PROJECT/amr-team-bot/install/aws_robomaker_small_house_world/share/aws_robomaker_small_house_world/models/aws_robomaker_residential_RoomCeiling_01/model.config
[5.630s] -- Installing: /home/ashraful/HBRS/AMR/AMR_PROJECT/amr-team-bot/install/aws_robomaker_small_house_world/share/aws_robomaker_small_house_world/models/aws_robomaker_residential_DeskPortraitB_01
[5.633s] -- Installing: /home/ashraful/HBRS/AMR/AMR_PROJECT/amr-team-bot/install/aws_robomaker_small_house_world/share/aws_robomaker_small_house_world/models/aws_robomaker_residential_DeskPortraitB_01/model.sdf
[5.633s] -- Installing: /home/ashraful/HBRS/AMR/AMR_PROJECT/amr-team-bot/install/aws_robomaker_small_house_world/share/aws_robomaker_small_house_world/models/aws_robomaker_residential_DeskPortraitB_01/meshes
[5.635s] -- Installing: /home/ashraful/HBRS/AMR/AMR_PROJECT/amr-team-bot/install/aws_robomaker_small_house_world/share/aws_robomaker_small_house_world/models/aws_robomaker_residential_DeskPortraitB_01/meshes/aws_DeskPortraitB_01_visual.DAE
[5.635s] -- Installing: /home/ashraful/HBRS/AMR/AMR_PROJECT/amr-team-bot/install/aws_robomaker_small_house_world/share/aws_robomaker_small_house_world/models/aws_robomaker_residential_DeskPortraitB_01/meshes/aws_DeskPortraitB_01_collision.DAE
[5.636s] -- Installing: /home/ashraful/HBRS/AMR/AMR_PROJECT/amr-team-bot/install/aws_robomaker_small_house_world/share/aws_robomaker_small_house_world/models/aws_robomaker_residential_DeskPortraitB_01/materials
[5.636s] -- Installing: /home/ashraful/HBRS/AMR/AMR_PROJECT/amr-team-bot/install/aws_robomaker_small_house_world/share/aws_robomaker_small_house_world/models/aws_robomaker_residential_DeskPortraitB_01/materials/textures
[5.636s] -- Installing: /home/ashraful/HBRS/AMR/AMR_PROJECT/amr-team-bot/install/aws_robomaker_small_house_world/share/aws_robomaker_small_house_world/models/aws_robomaker_residential_DeskPortraitB_01/materials/textures/aws_DeskPortraitB_01.png
[5.636s] -- Installing: /home/ashraful/HBRS/AMR/AMR_PROJECT/amr-team-bot/install/aws_robomaker_small_house_world/share/aws_robomaker_small_house_world/models/aws_robomaker_residential_DeskPortraitB_01/materials/textures/aws_DeskPortraitB_02.png
[5.636s] -- Installing: /home/ashraful/HBRS/AMR/AMR_PROJECT/amr-team-bot/install/aws_robomaker_small_house_world/share/aws_robomaker_small_house_world/models/aws_robomaker_residential_DeskPortraitB_01/model.config
[5.637s] -- Installing: /home/ashraful/HBRS/AMR/AMR_PROJECT/amr-team-bot/install/aws_robomaker_small_house_world/share/aws_robomaker_small_house_world/models/aws_robomaker_residential_SeasoningBox_01
[5.637s] -- Installing: /home/ashraful/HBRS/AMR/AMR_PROJECT/amr-team-bot/install/aws_robomaker_small_house_world/share/aws_robomaker_small_house_world/models/aws_robomaker_residential_SeasoningBox_01/model.sdf
[5.637s] -- Installing: /home/ashraful/HBRS/AMR/AMR_PROJECT/amr-team-bot/install/aws_robomaker_small_house_world/share/aws_robomaker_small_house_world/models/aws_robomaker_residential_SeasoningBox_01/meshes
[5.646s] -- Installing: /home/ashraful/HBRS/AMR/AMR_PROJECT/amr-team-bot/install/aws_robomaker_small_house_world/share/aws_robomaker_small_house_world/models/aws_robomaker_residential_SeasoningBox_01/meshes/aws_SeasoningBox_01_collision.DAE
[5.647s] -- Installing: /home/ashraful/HBRS/AMR/AMR_PROJECT/amr-team-bot/install/aws_robomaker_small_house_world/share/aws_robomaker_small_house_world/models/aws_robomaker_residential_SeasoningBox_01/meshes/aws_SeasoningBox_01_visual.DAE
[5.658s] -- Installing: /home/ashraful/HBRS/AMR/AMR_PROJECT/amr-team-bot/install/aws_robomaker_small_house_world/share/aws_robomaker_small_house_world/models/aws_robomaker_residential_SeasoningBox_01/materials
[5.659s] -- Installing: /home/ashraful/HBRS/AMR/AMR_PROJECT/amr-team-bot/install/aws_robomaker_small_house_world/share/aws_robomaker_small_house_world/models/aws_robomaker_residential_SeasoningBox_01/materials/textures
[5.663s] -- Installing: /home/ashraful/HBRS/AMR/AMR_PROJECT/amr-team-bot/install/aws_robomaker_small_house_world/share/aws_robomaker_small_house_world/models/aws_robomaker_residential_SeasoningBox_01/materials/textures/aws_SeasoningBox_01.png
[5.666s] -- Installing: /home/ashraful/HBRS/AMR/AMR_PROJECT/amr-team-bot/install/aws_robomaker_small_house_world/share/aws_robomaker_small_house_world/models/aws_robomaker_residential_SeasoningBox_01/model.config
[5.667s] -- Installing: /home/ashraful/HBRS/AMR/AMR_PROJECT/amr-team-bot/install/aws_robomaker_small_house_world/share/aws_robomaker_small_house_world/models/aws_robomaker_residential_Pillow_01
[5.668s] -- Installing: /home/ashraful/HBRS/AMR/AMR_PROJECT/amr-team-bot/install/aws_robomaker_small_house_world/share/aws_robomaker_small_house_world/models/aws_robomaker_residential_Pillow_01/model.sdf
[5.668s] -- Installing: /home/ashraful/HBRS/AMR/AMR_PROJECT/amr-team-bot/install/aws_robomaker_small_house_world/share/aws_robomaker_small_house_world/models/aws_robomaker_residential_Pillow_01/meshes
[5.669s] -- Installing: /home/ashraful/HBRS/AMR/AMR_PROJECT/amr-team-bot/install/aws_robomaker_small_house_world/share/aws_robomaker_small_house_world/models/aws_robomaker_residential_Pillow_01/meshes/aws_Pillow_01_visual.DAE
[5.670s] -- Installing: /home/ashraful/HBRS/AMR/AMR_PROJECT/amr-team-bot/install/aws_robomaker_small_house_world/share/aws_robomaker_small_house_world/models/aws_robomaker_residential_Pillow_01/meshes/aws_Pillow_01_collision.DAE
[5.671s] -- Installing: /home/ashraful/HBRS/AMR/AMR_PROJECT/amr-team-bot/install/aws_robomaker_small_house_world/share/aws_robomaker_small_house_world/models/aws_robomaker_residential_Pillow_01/materials
[5.671s] -- Installing: /home/ashraful/HBRS/AMR/AMR_PROJECT/amr-team-bot/install/aws_robomaker_small_house_world/share/aws_robomaker_small_house_world/models/aws_robomaker_residential_Pillow_01/materials/textures
[5.678s] -- Installing: /home/ashraful/HBRS/AMR/AMR_PROJECT/amr-team-bot/install/aws_robomaker_small_house_world/share/aws_robomaker_small_house_world/models/aws_robomaker_residential_Pillow_01/materials/textures/aws_Pillow_01.png
[5.685s] -- Installing: /home/ashraful/HBRS/AMR/AMR_PROJECT/amr-team-bot/install/aws_robomaker_small_house_world/share/aws_robomaker_small_house_world/models/aws_robomaker_residential_Pillow_01/model.config
[5.686s] -- Installing: /home/ashraful/HBRS/AMR/AMR_PROJECT/amr-team-bot/install/aws_robomaker_small_house_world/share/aws_robomaker_small_house_world/models/aws_robomaker_residential_HouseWallB_01
[5.687s] -- Installing: /home/ashraful/HBRS/AMR/AMR_PROJECT/amr-team-bot/install/aws_robomaker_small_house_world/share/aws_robomaker_small_house_world/models/aws_robomaker_residential_HouseWallB_01/model.sdf
[5.694s] -- Installing: /home/ashraful/HBRS/AMR/AMR_PROJECT/amr-team-bot/install/aws_robomaker_small_house_world/share/aws_robomaker_small_house_world/models/aws_robomaker_residential_HouseWallB_01/meshes
[5.694s] -- Installing: /home/ashraful/HBRS/AMR/AMR_PROJECT/amr-team-bot/install/aws_robomaker_small_house_world/share/aws_robomaker_small_house_world/models/aws_robomaker_residential_HouseWallB_01/meshes/aws_HouseWallB_01_collision.DAE
[5.700s] -- Installing: /home/ashraful/HBRS/AMR/AMR_PROJECT/amr-team-bot/install/aws_robomaker_small_house_world/share/aws_robomaker_small_house_world/models/aws_robomaker_residential_HouseWallB_01/meshes/aws_HouseWallB_01_visual.DAE
[5.700s] -- Installing: /home/ashraful/HBRS/AMR/AMR_PROJECT/amr-team-bot/install/aws_robomaker_small_house_world/share/aws_robomaker_small_house_world/models/aws_robomaker_residential_HouseWallB_01/materials
[5.701s] -- Installing: /home/ashraful/HBRS/AMR/AMR_PROJECT/amr-team-bot/install/aws_robomaker_small_house_world/share/aws_robomaker_small_house_world/models/aws_robomaker_residential_HouseWallB_01/materials/textures
[5.701s] -- Installing: /home/ashraful/HBRS/AMR/AMR_PROJECT/amr-team-bot/install/aws_robomaker_small_house_world/share/aws_robomaker_small_house_world/models/aws_robomaker_residential_HouseWallB_01/materials/textures/aws_HouseWallB_01.png
[5.701s] -- Installing: /home/ashraful/HBRS/AMR/AMR_PROJECT/amr-team-bot/install/aws_robomaker_small_house_world/share/aws_robomaker_small_house_world/models/aws_robomaker_residential_HouseWallB_01/model.config
[5.701s] -- Installing: /home/ashraful/HBRS/AMR/AMR_PROJECT/amr-team-bot/install/aws_robomaker_small_house_world/share/aws_robomaker_small_house_world/models/aws_robomaker_residential_DeskPortraitD_01
[5.701s] -- Installing: /home/ashraful/HBRS/AMR/AMR_PROJECT/amr-team-bot/install/aws_robomaker_small_house_world/share/aws_robomaker_small_house_world/models/aws_robomaker_residential_DeskPortraitD_01/model.sdf
[5.702s] -- Installing: /home/ashraful/HBRS/AMR/AMR_PROJECT/amr-team-bot/install/aws_robomaker_small_house_world/share/aws_robomaker_small_house_world/models/aws_robomaker_residential_DeskPortraitD_01/meshes
[5.702s] -- Installing: /home/ashraful/HBRS/AMR/AMR_PROJECT/amr-team-bot/install/aws_robomaker_small_house_world/share/aws_robomaker_small_house_world/models/aws_robomaker_residential_DeskPortraitD_01/meshes/aws_DeskPortraitD_01_visual.DAE
[5.702s] -- Installing: /home/ashraful/HBRS/AMR/AMR_PROJECT/amr-team-bot/install/aws_robomaker_small_house_world/share/aws_robomaker_small_house_world/models/aws_robomaker_residential_DeskPortraitD_01/meshes/aws_DeskPortraitD_01_collision.DAE
[5.713s] -- Installing: /home/ashraful/HBRS/AMR/AMR_PROJECT/amr-team-bot/install/aws_robomaker_small_house_world/share/aws_robomaker_small_house_world/models/aws_robomaker_residential_DeskPortraitD_01/materials
[5.718s] -- Installing: /home/ashraful/HBRS/AMR/AMR_PROJECT/amr-team-bot/install/aws_robomaker_small_house_world/share/aws_robomaker_small_house_world/models/aws_robomaker_residential_DeskPortraitD_01/materials/textures
[5.718s] -- Installing: /home/ashraful/HBRS/AMR/AMR_PROJECT/amr-team-bot/install/aws_robomaker_small_house_world/share/aws_robomaker_small_house_world/models/aws_robomaker_residential_DeskPortraitD_01/materials/textures/aws_DeskPortraitD_02.png
[5.723s] -- Installing: /home/ashraful/HBRS/AMR/AMR_PROJECT/amr-team-bot/install/aws_robomaker_small_house_world/share/aws_robomaker_small_house_world/models/aws_robomaker_residential_DeskPortraitD_01/materials/textures/aws_DeskPortraitD_01.png
[5.728s] -- Installing: /home/ashraful/HBRS/AMR/AMR_PROJECT/amr-team-bot/install/aws_robomaker_small_house_world/share/aws_robomaker_small_house_world/models/aws_robomaker_residential_DeskPortraitD_01/model.config
[5.728s] -- Installing: /home/ashraful/HBRS/AMR/AMR_PROJECT/amr-team-bot/install/aws_robomaker_small_house_world/share/aws_robomaker_small_house_world/models/aws_robomaker_residential_PortraitD_02
[5.729s] -- Installing: /home/ashraful/HBRS/AMR/AMR_PROJECT/amr-team-bot/install/aws_robomaker_small_house_world/share/aws_robomaker_small_house_world/models/aws_robomaker_residential_PortraitD_02/model.sdf
[5.729s] -- Installing: /home/ashraful/HBRS/AMR/AMR_PROJECT/amr-team-bot/install/aws_robomaker_small_house_world/share/aws_robomaker_small_house_world/models/aws_robomaker_residential_PortraitD_02/meshes
[5.730s] -- Installing: /home/ashraful/HBRS/AMR/AMR_PROJECT/amr-team-bot/install/aws_robomaker_small_house_world/share/aws_robomaker_small_house_world/models/aws_robomaker_residential_PortraitD_02/meshes/aws_PortraitD_01_visual.DAE
[5.730s] -- Installing: /home/ashraful/HBRS/AMR/AMR_PROJECT/amr-team-bot/install/aws_robomaker_small_house_world/share/aws_robomaker_small_house_world/models/aws_robomaker_residential_PortraitD_02/meshes/aws_PortraitD_01_collision.DAE
[5.735s] -- Installing: /home/ashraful/HBRS/AMR/AMR_PROJECT/amr-team-bot/install/aws_robomaker_small_house_world/share/aws_robomaker_small_house_world/models/aws_robomaker_residential_PortraitD_02/materials
[5.738s] -- Installing: /home/ashraful/HBRS/AMR/AMR_PROJECT/amr-team-bot/install/aws_robomaker_small_house_world/share/aws_robomaker_small_house_world/models/aws_robomaker_residential_PortraitD_02/materials/textures
[5.742s] -- Installing: /home/ashraful/HBRS/AMR/AMR_PROJECT/amr-team-bot/install/aws_robomaker_small_house_world/share/aws_robomaker_small_house_world/models/aws_robomaker_residential_PortraitD_02/materials/textures/aws_PortraitD_01.png
[5.745s] -- Installing: /home/ashraful/HBRS/AMR/AMR_PROJECT/amr-team-bot/install/aws_robomaker_small_house_world/share/aws_robomaker_small_house_world/models/aws_robomaker_residential_PortraitD_02/materials/textures/aws_PortraitD_02.png
[5.748s] -- Installing: /home/ashraful/HBRS/AMR/AMR_PROJECT/amr-team-bot/install/aws_robomaker_small_house_world/share/aws_robomaker_small_house_world/models/aws_robomaker_residential_PortraitD_02/model.config
[5.752s] -- Installing: /home/ashraful/HBRS/AMR/AMR_PROJECT/amr-team-bot/install/aws_robomaker_small_house_world/share/aws_robomaker_small_house_world/models/aws_robomaker_residential_FoldingDoor_01
[5.757s] -- Installing: /home/ashraful/HBRS/AMR/AMR_PROJECT/amr-team-bot/install/aws_robomaker_small_house_world/share/aws_robomaker_small_house_world/models/aws_robomaker_residential_FoldingDoor_01/model.sdf
[5.765s] -- Installing: /home/ashraful/HBRS/AMR/AMR_PROJECT/amr-team-bot/install/aws_robomaker_small_house_world/share/aws_robomaker_small_house_world/models/aws_robomaker_residential_FoldingDoor_01/meshes
[5.765s] -- Installing: /home/ashraful/HBRS/AMR/AMR_PROJECT/amr-team-bot/install/aws_robomaker_small_house_world/share/aws_robomaker_small_house_world/models/aws_robomaker_residential_FoldingDoor_01/meshes/aws_FoldingDoor_01_visual.DAE
[5.766s] -- Installing: /home/ashraful/HBRS/AMR/AMR_PROJECT/amr-team-bot/install/aws_robomaker_small_house_world/share/aws_robomaker_small_house_world/models/aws_robomaker_residential_FoldingDoor_01/meshes/aws_FoldingDoor_01_collision.DAE
[5.772s] -- Installing: /home/ashraful/HBRS/AMR/AMR_PROJECT/amr-team-bot/install/aws_robomaker_small_house_world/share/aws_robomaker_small_house_world/models/aws_robomaker_residential_FoldingDoor_01/materials
[5.772s] -- Installing: /home/ashraful/HBRS/AMR/AMR_PROJECT/amr-team-bot/install/aws_robomaker_small_house_world/share/aws_robomaker_small_house_world/models/aws_robomaker_residential_FoldingDoor_01/materials/textures
[5.781s] -- Installing: /home/ashraful/HBRS/AMR/AMR_PROJECT/amr-team-bot/install/aws_robomaker_small_house_world/share/aws_robomaker_small_house_world/models/aws_robomaker_residential_FoldingDoor_01/materials/textures/aws_FoldingDoor_01.png
[5.781s] -- Installing: /home/ashraful/HBRS/AMR/AMR_PROJECT/amr-team-bot/install/aws_robomaker_small_house_world/share/aws_robomaker_small_house_world/models/aws_robomaker_residential_FoldingDoor_01/model.config
[5.782s] -- Installing: /home/ashraful/HBRS/AMR/AMR_PROJECT/amr-team-bot/install/aws_robomaker_small_house_world/share/aws_robomaker_small_house_world/models/aws_robomaker_residential_DeskPortraitB_02
[5.782s] -- Installing: /home/ashraful/HBRS/AMR/AMR_PROJECT/amr-team-bot/install/aws_robomaker_small_house_world/share/aws_robomaker_small_house_world/models/aws_robomaker_residential_DeskPortraitB_02/model.sdf
[5.782s] -- Installing: /home/ashraful/HBRS/AMR/AMR_PROJECT/amr-team-bot/install/aws_robomaker_small_house_world/share/aws_robomaker_small_house_world/models/aws_robomaker_residential_DeskPortraitB_02/meshes
[5.786s] -- Installing: /home/ashraful/HBRS/AMR/AMR_PROJECT/amr-team-bot/install/aws_robomaker_small_house_world/share/aws_robomaker_small_house_world/models/aws_robomaker_residential_DeskPortraitB_02/meshes/aws_DeskPortraitB_01_visual.DAE
[5.790s] -- Installing: /home/ashraful/HBRS/AMR/AMR_PROJECT/amr-team-bot/install/aws_robomaker_small_house_world/share/aws_robomaker_small_house_world/models/aws_robomaker_residential_DeskPortraitB_02/meshes/aws_DeskPortraitB_01_collision.DAE
[5.799s] -- Installing: /home/ashraful/HBRS/AMR/AMR_PROJECT/amr-team-bot/install/aws_robomaker_small_house_world/share/aws_robomaker_small_house_world/models/aws_robomaker_residential_DeskPortraitB_02/materials
[5.800s] -- Installing: /home/ashraful/HBRS/AMR/AMR_PROJECT/amr-team-bot/install/aws_robomaker_small_house_world/share/aws_robomaker_small_house_world/models/aws_robomaker_residential_DeskPortraitB_02/materials/textures
[5.800s] -- Installing: /home/ashraful/HBRS/AMR/AMR_PROJECT/amr-team-bot/install/aws_robomaker_small_house_world/share/aws_robomaker_small_house_world/models/aws_robomaker_residential_DeskPortraitB_02/materials/textures/aws_DeskPortraitB_01.png
[5.800s] -- Installing: /home/ashraful/HBRS/AMR/AMR_PROJECT/amr-team-bot/install/aws_robomaker_small_house_world/share/aws_robomaker_small_house_world/models/aws_robomaker_residential_DeskPortraitB_02/materials/textures/aws_DeskPortraitB_02.png
[5.800s] -- Installing: /home/ashraful/HBRS/AMR/AMR_PROJECT/amr-team-bot/install/aws_robomaker_small_house_world/share/aws_robomaker_small_house_world/models/aws_robomaker_residential_DeskPortraitB_02/model.config
[5.817s] -- Installing: /home/ashraful/HBRS/AMR/AMR_PROJECT/amr-team-bot/install/aws_robomaker_small_house_world/share/aws_robomaker_small_house_world/models/aws_robomaker_residential_KitchenTable_01
[5.818s] -- Installing: /home/ashraful/HBRS/AMR/AMR_PROJECT/amr-team-bot/install/aws_robomaker_small_house_world/share/aws_robomaker_small_house_world/models/aws_robomaker_residential_KitchenTable_01/model.sdf
[5.818s] -- Installing: /home/ashraful/HBRS/AMR/AMR_PROJECT/amr-team-bot/install/aws_robomaker_small_house_world/share/aws_robomaker_small_house_world/models/aws_robomaker_residential_KitchenTable_01/meshes
[5.821s] -- Installing: /home/ashraful/HBRS/AMR/AMR_PROJECT/amr-team-bot/install/aws_robomaker_small_house_world/share/aws_robomaker_small_house_world/models/aws_robomaker_residential_KitchenTable_01/meshes/aws_KitchenTable_01_collision.DAE
[5.821s] -- Installing: /home/ashraful/HBRS/AMR/AMR_PROJECT/amr-team-bot/install/aws_robomaker_small_house_world/share/aws_robomaker_small_house_world/models/aws_robomaker_residential_KitchenTable_01/meshes/aws_KitchenTable_01_visual.DAE
[5.829s] -- Installing: /home/ashraful/HBRS/AMR/AMR_PROJECT/amr-team-bot/install/aws_robomaker_small_house_world/share/aws_robomaker_small_house_world/models/aws_robomaker_residential_KitchenTable_01/materials
[5.829s] -- Installing: /home/ashraful/HBRS/AMR/AMR_PROJECT/amr-team-bot/install/aws_robomaker_small_house_world/share/aws_robomaker_small_house_world/models/aws_robomaker_residential_KitchenTable_01/materials/textures
[5.831s] -- Installing: /home/ashraful/HBRS/AMR/AMR_PROJECT/amr-team-bot/install/aws_robomaker_small_house_world/share/aws_robomaker_small_house_world/models/aws_robomaker_residential_KitchenTable_01/materials/textures/aws_KitchenTable_01.png
[5.844s] -- Installing: /home/ashraful/HBRS/AMR/AMR_PROJECT/amr-team-bot/install/aws_robomaker_small_house_world/share/aws_robomaker_small_house_world/models/aws_robomaker_residential_KitchenTable_01/model.config
[5.844s] -- Installing: /home/ashraful/HBRS/AMR/AMR_PROJECT/amr-team-bot/install/aws_robomaker_small_house_world/share/aws_robomaker_small_house_world/models/aws_robomaker_residential_PortraitE_01
[5.845s] -- Installing: /home/ashraful/HBRS/AMR/AMR_PROJECT/amr-team-bot/install/aws_robomaker_small_house_world/share/aws_robomaker_small_house_world/models/aws_robomaker_residential_PortraitE_01/model.sdf
[5.845s] -- Installing: /home/ashraful/HBRS/AMR/AMR_PROJECT/amr-team-bot/install/aws_robomaker_small_house_world/share/aws_robomaker_small_house_world/models/aws_robomaker_residential_PortraitE_01/meshes
[5.845s] -- Installing: /home/ashraful/HBRS/AMR/AMR_PROJECT/amr-team-bot/install/aws_robomaker_small_house_world/share/aws_robomaker_small_house_world/models/aws_robomaker_residential_PortraitE_01/meshes/aws_PortraitE_01_collision.DAE
[5.851s] -- Installing: /home/ashraful/HBRS/AMR/AMR_PROJECT/amr-team-bot/install/aws_robomaker_small_house_world/share/aws_robomaker_small_house_world/models/aws_robomaker_residential_PortraitE_01/meshes/aws_PortraitE_01_visual.DAE
[5.852s] -- Installing: /home/ashraful/HBRS/AMR/AMR_PROJECT/amr-team-bot/install/aws_robomaker_small_house_world/share/aws_robomaker_small_house_world/models/aws_robomaker_residential_PortraitE_01/materials
[5.857s] -- Installing: /home/ashraful/HBRS/AMR/AMR_PROJECT/amr-team-bot/install/aws_robomaker_small_house_world/share/aws_robomaker_small_house_world/models/aws_robomaker_residential_PortraitE_01/materials/textures
[5.861s] -- Installing: /home/ashraful/HBRS/AMR/AMR_PROJECT/amr-team-bot/install/aws_robomaker_small_house_world/share/aws_robomaker_small_house_world/models/aws_robomaker_residential_PortraitE_01/materials/textures/aws_PortraitE_01.png
[5.865s] -- Installing: /home/ashraful/HBRS/AMR/AMR_PROJECT/amr-team-bot/install/aws_robomaker_small_house_world/share/aws_robomaker_small_house_world/models/aws_robomaker_residential_PortraitE_01/materials/textures/aws_PortraitE_02.png
[5.883s] -- Installing: /home/ashraful/HBRS/AMR/AMR_PROJECT/amr-team-bot/install/aws_robomaker_small_house_world/share/aws_robomaker_small_house_world/models/aws_robomaker_residential_PortraitE_01/model.config
[5.885s] -- Installing: /home/ashraful/HBRS/AMR/AMR_PROJECT/amr-team-bot/install/aws_robomaker_small_house_world/share/aws_robomaker_small_house_world/models/aws_robomaker_residential_Ball_01
[5.889s] -- Installing: /home/ashraful/HBRS/AMR/AMR_PROJECT/amr-team-bot/install/aws_robomaker_small_house_world/share/aws_robomaker_small_house_world/models/aws_robomaker_residential_Ball_01/model.sdf
[5.896s] -- Installing: /home/ashraful/HBRS/AMR/AMR_PROJECT/amr-team-bot/install/aws_robomaker_small_house_world/share/aws_robomaker_small_house_world/models/aws_robomaker_residential_Ball_01/meshes
[5.902s] -- Installing: /home/ashraful/HBRS/AMR/AMR_PROJECT/amr-team-bot/install/aws_robomaker_small_house_world/share/aws_robomaker_small_house_world/models/aws_robomaker_residential_Ball_01/meshes/aws_Ball_01_visual.DAE
[5.905s] -- Installing: /home/ashraful/HBRS/AMR/AMR_PROJECT/amr-team-bot/install/aws_robomaker_small_house_world/share/aws_robomaker_small_house_world/models/aws_robomaker_residential_Ball_01/meshes/aws_Ball_01_collision.DAE
[5.908s] -- Installing: /home/ashraful/HBRS/AMR/AMR_PROJECT/amr-team-bot/install/aws_robomaker_small_house_world/share/aws_robomaker_small_house_world/models/aws_robomaker_residential_Ball_01/materials
[5.910s] -- Installing: /home/ashraful/HBRS/AMR/AMR_PROJECT/amr-team-bot/install/aws_robomaker_small_house_world/share/aws_robomaker_small_house_world/models/aws_robomaker_residential_Ball_01/materials/textures
[5.912s] -- Installing: /home/ashraful/HBRS/AMR/AMR_PROJECT/amr-team-bot/install/aws_robomaker_small_house_world/share/aws_robomaker_small_house_world/models/aws_robomaker_residential_Ball_01/materials/textures/aws_Ball_01.png
[5.917s] -- Installing: /home/ashraful/HBRS/AMR/AMR_PROJECT/amr-team-bot/install/aws_robomaker_small_house_world/share/aws_robomaker_small_house_world/models/aws_robomaker_residential_Ball_01/model.config
[5.917s] -- Installing: /home/ashraful/HBRS/AMR/AMR_PROJECT/amr-team-bot/install/aws_robomaker_small_house_world/share/aws_robomaker_small_house_world/models/aws_robomaker_residential_SofaC_01
[5.917s] -- Installing: /home/ashraful/HBRS/AMR/AMR_PROJECT/amr-team-bot/install/aws_robomaker_small_house_world/share/aws_robomaker_small_house_world/models/aws_robomaker_residential_SofaC_01/model.sdf
[5.918s] -- Installing: /home/ashraful/HBRS/AMR/AMR_PROJECT/amr-team-bot/install/aws_robomaker_small_house_world/share/aws_robomaker_small_house_world/models/aws_robomaker_residential_SofaC_01/meshes
[5.918s] -- Installing: /home/ashraful/HBRS/AMR/AMR_PROJECT/amr-team-bot/install/aws_robomaker_small_house_world/share/aws_robomaker_small_house_world/models/aws_robomaker_residential_SofaC_01/meshes/aws_SofaC_01_collision.DAE
[5.918s] -- Installing: /home/ashraful/HBRS/AMR/AMR_PROJECT/amr-team-bot/install/aws_robomaker_small_house_world/share/aws_robomaker_small_house_world/models/aws_robomaker_residential_SofaC_01/meshes/aws_SofaC_01_visual.DAE
[5.918s] -- Installing: /home/ashraful/HBRS/AMR/AMR_PROJECT/amr-team-bot/install/aws_robomaker_small_house_world/share/aws_robomaker_small_house_world/models/aws_robomaker_residential_SofaC_01/materials
[5.919s] -- Installing: /home/ashraful/HBRS/AMR/AMR_PROJECT/amr-team-bot/install/aws_robomaker_small_house_world/share/aws_robomaker_small_house_world/models/aws_robomaker_residential_SofaC_01/materials/textures
[5.919s] -- Installing: /home/ashraful/HBRS/AMR/AMR_PROJECT/amr-team-bot/install/aws_robomaker_small_house_world/share/aws_robomaker_small_house_world/models/aws_robomaker_residential_SofaC_01/materials/textures/aws_SofaC_01.png
[5.919s] -- Installing: /home/ashraful/HBRS/AMR/AMR_PROJECT/amr-team-bot/install/aws_robomaker_small_house_world/share/aws_robomaker_small_house_world/models/aws_robomaker_residential_SofaC_01/model.config
[5.919s] -- Installing: /home/ashraful/HBRS/AMR/AMR_PROJECT/amr-team-bot/install/aws_robomaker_small_house_world/share/aws_robomaker_small_house_world/models/aws_robomaker_residential_FoldingDoor_02
[5.919s] -- Installing: /home/ashraful/HBRS/AMR/AMR_PROJECT/amr-team-bot/install/aws_robomaker_small_house_world/share/aws_robomaker_small_house_world/models/aws_robomaker_residential_FoldingDoor_02/model.sdf
[5.920s] -- Installing: /home/ashraful/HBRS/AMR/AMR_PROJECT/amr-team-bot/install/aws_robomaker_small_house_world/share/aws_robomaker_small_house_world/models/aws_robomaker_residential_FoldingDoor_02/meshes
[5.920s] -- Installing: /home/ashraful/HBRS/AMR/AMR_PROJECT/amr-team-bot/install/aws_robomaker_small_house_world/share/aws_robomaker_small_house_world/models/aws_robomaker_residential_FoldingDoor_02/meshes/aws_FoldingDoor_02_visual.DAE
[5.920s] -- Installing: /home/ashraful/HBRS/AMR/AMR_PROJECT/amr-team-bot/install/aws_robomaker_small_house_world/share/aws_robomaker_small_house_world/models/aws_robomaker_residential_FoldingDoor_02/meshes/aws_FoldingDoor_02_collision.DAE
[5.920s] -- Installing: /home/ashraful/HBRS/AMR/AMR_PROJECT/amr-team-bot/install/aws_robomaker_small_house_world/share/aws_robomaker_small_house_world/models/aws_robomaker_residential_FoldingDoor_02/materials
[5.932s] -- Installing: /home/ashraful/HBRS/AMR/AMR_PROJECT/amr-team-bot/install/aws_robomaker_small_house_world/share/aws_robomaker_small_house_world/models/aws_robomaker_residential_FoldingDoor_02/materials/textures
[5.933s] -- Installing: /home/ashraful/HBRS/AMR/AMR_PROJECT/amr-team-bot/install/aws_robomaker_small_house_world/share/aws_robomaker_small_house_world/models/aws_robomaker_residential_FoldingDoor_02/materials/textures/aws_FoldingDoor_02.png
[5.933s] -- Installing: /home/ashraful/HBRS/AMR/AMR_PROJECT/amr-team-bot/install/aws_robomaker_small_house_world/share/aws_robomaker_small_house_world/models/aws_robomaker_residential_FoldingDoor_02/model.config
[5.933s] -- Installing: /home/ashraful/HBRS/AMR/AMR_PROJECT/amr-team-bot/install/aws_robomaker_small_house_world/share/aws_robomaker_small_house_world/models/aws_robomaker_residential_SecurityCamera_01
[5.936s] -- Installing: /home/ashraful/HBRS/AMR/AMR_PROJECT/amr-team-bot/install/aws_robomaker_small_house_world/share/aws_robomaker_small_house_world/models/aws_robomaker_residential_SecurityCamera_01/model.sdf
[5.937s] -- Installing: /home/ashraful/HBRS/AMR/AMR_PROJECT/amr-team-bot/install/aws_robomaker_small_house_world/share/aws_robomaker_small_house_world/models/aws_robomaker_residential_SecurityCamera_01/meshes
[5.937s] -- Installing: /home/ashraful/HBRS/AMR/AMR_PROJECT/amr-team-bot/install/aws_robomaker_small_house_world/share/aws_robomaker_small_house_world/models/aws_robomaker_residential_SecurityCamera_01/meshes/aws_SecurityCamera_01_collision.DAE
[5.940s] -- Installing: /home/ashraful/HBRS/AMR/AMR_PROJECT/amr-team-bot/install/aws_robomaker_small_house_world/share/aws_robomaker_small_house_world/models/aws_robomaker_residential_SecurityCamera_01/meshes/aws_SecurityCamera_01_visual.DAE
[5.940s] -- Installing: /home/ashraful/HBRS/AMR/AMR_PROJECT/amr-team-bot/install/aws_robomaker_small_house_world/share/aws_robomaker_small_house_world/models/aws_robomaker_residential_SecurityCamera_01/materials
[5.940s] -- Installing: /home/ashraful/HBRS/AMR/AMR_PROJECT/amr-team-bot/install/aws_robomaker_small_house_world/share/aws_robomaker_small_house_world/models/aws_robomaker_residential_SecurityCamera_01/materials/textures
[5.941s] -- Installing: /home/ashraful/HBRS/AMR/AMR_PROJECT/amr-team-bot/install/aws_robomaker_small_house_world/share/aws_robomaker_small_house_world/models/aws_robomaker_residential_SecurityCamera_01/materials/textures/aws_SecurityCamera_01.png
[5.941s] -- Installing: /home/ashraful/HBRS/AMR/AMR_PROJECT/amr-team-bot/install/aws_robomaker_small_house_world/share/aws_robomaker_small_house_world/models/aws_robomaker_residential_SecurityCamera_01/model.config
[5.941s] -- Installing: /home/ashraful/HBRS/AMR/AMR_PROJECT/amr-team-bot/install/aws_robomaker_small_house_world/share/aws_robomaker_small_house_world/models/aws_robomaker_residential_FitnessEquipment_01
[5.941s] -- Installing: /home/ashraful/HBRS/AMR/AMR_PROJECT/amr-team-bot/install/aws_robomaker_small_house_world/share/aws_robomaker_small_house_world/models/aws_robomaker_residential_FitnessEquipment_01/model.sdf
[5.941s] -- Installing: /home/ashraful/HBRS/AMR/AMR_PROJECT/amr-team-bot/install/aws_robomaker_small_house_world/share/aws_robomaker_small_house_world/models/aws_robomaker_residential_FitnessEquipment_01/meshes
[5.942s] -- Installing: /home/ashraful/HBRS/AMR/AMR_PROJECT/amr-team-bot/install/aws_robomaker_small_house_world/share/aws_robomaker_small_house_world/models/aws_robomaker_residential_FitnessEquipment_01/meshes/aws_FitnessEquipment_01_visual.DAE
[5.942s] -- Installing: /home/ashraful/HBRS/AMR/AMR_PROJECT/amr-team-bot/install/aws_robomaker_small_house_world/share/aws_robomaker_small_house_world/models/aws_robomaker_residential_FitnessEquipment_01/meshes/aws_FitnessEquipment_01_collision.DAE
[5.942s] -- Installing: /home/ashraful/HBRS/AMR/AMR_PROJECT/amr-team-bot/install/aws_robomaker_small_house_world/share/aws_robomaker_small_house_world/models/aws_robomaker_residential_FitnessEquipment_01/materials
[5.942s] -- Installing: /home/ashraful/HBRS/AMR/AMR_PROJECT/amr-team-bot/install/aws_robomaker_small_house_world/share/aws_robomaker_small_house_world/models/aws_robomaker_residential_FitnessEquipment_01/materials/textures
[5.943s] -- Installing: /home/ashraful/HBRS/AMR/AMR_PROJECT/amr-team-bot/install/aws_robomaker_small_house_world/share/aws_robomaker_small_house_world/models/aws_robomaker_residential_FitnessEquipment_01/materials/textures/aws_FitnessEquipment_01.png
[5.944s] -- Installing: /home/ashraful/HBRS/AMR/AMR_PROJECT/amr-team-bot/install/aws_robomaker_small_house_world/share/aws_robomaker_small_house_world/models/aws_robomaker_residential_FitnessEquipment_01/model.config
[5.944s] -- Installing: /home/ashraful/HBRS/AMR/AMR_PROJECT/amr-team-bot/install/aws_robomaker_small_house_world/share/aws_robomaker_small_house_world/models/aws_robomaker_residential_PortraitE_02
[5.945s] -- Installing: /home/ashraful/HBRS/AMR/AMR_PROJECT/amr-team-bot/install/aws_robomaker_small_house_world/share/aws_robomaker_small_house_world/models/aws_robomaker_residential_PortraitE_02/model.sdf
[5.946s] -- Installing: /home/ashraful/HBRS/AMR/AMR_PROJECT/amr-team-bot/install/aws_robomaker_small_house_world/share/aws_robomaker_small_house_world/models/aws_robomaker_residential_PortraitE_02/meshes
[5.947s] -- Installing: /home/ashraful/HBRS/AMR/AMR_PROJECT/amr-team-bot/install/aws_robomaker_small_house_world/share/aws_robomaker_small_house_world/models/aws_robomaker_residential_PortraitE_02/meshes/aws_PortraitE_01_collision.DAE
[5.947s] -- Installing: /home/ashraful/HBRS/AMR/AMR_PROJECT/amr-team-bot/install/aws_robomaker_small_house_world/share/aws_robomaker_small_house_world/models/aws_robomaker_residential_PortraitE_02/meshes/aws_PortraitE_01_visual.DAE
[5.959s] -- Installing: /home/ashraful/HBRS/AMR/AMR_PROJECT/amr-team-bot/install/aws_robomaker_small_house_world/share/aws_robomaker_small_house_world/models/aws_robomaker_residential_PortraitE_02/materials
[5.959s] -- Installing: /home/ashraful/HBRS/AMR/AMR_PROJECT/amr-team-bot/install/aws_robomaker_small_house_world/share/aws_robomaker_small_house_world/models/aws_robomaker_residential_PortraitE_02/materials/textures
[5.959s] -- Installing: /home/ashraful/HBRS/AMR/AMR_PROJECT/amr-team-bot/install/aws_robomaker_small_house_world/share/aws_robomaker_small_house_world/models/aws_robomaker_residential_PortraitE_02/materials/textures/aws_PortraitE_01.png
[5.960s] -- Installing: /home/ashraful/HBRS/AMR/AMR_PROJECT/amr-team-bot/install/aws_robomaker_small_house_world/share/aws_robomaker_small_house_world/models/aws_robomaker_residential_PortraitE_02/materials/textures/aws_PortraitE_02.png
[5.980s] -- Installing: /home/ashraful/HBRS/AMR/AMR_PROJECT/amr-team-bot/install/aws_robomaker_small_house_world/share/aws_robomaker_small_house_world/models/aws_robomaker_residential_PortraitE_02/model.config
[5.981s] -- Installing: /home/ashraful/HBRS/AMR/AMR_PROJECT/amr-team-bot/install/aws_robomaker_small_house_world/share/aws_robomaker_small_house_world/models/aws_robomaker_residential_Curtain_01
[5.981s] -- Installing: /home/ashraful/HBRS/AMR/AMR_PROJECT/amr-team-bot/install/aws_robomaker_small_house_world/share/aws_robomaker_small_house_world/models/aws_robomaker_residential_Curtain_01/model.sdf
[5.987s] -- Installing: /home/ashraful/HBRS/AMR/AMR_PROJECT/amr-team-bot/install/aws_robomaker_small_house_world/share/aws_robomaker_small_house_world/models/aws_robomaker_residential_Curtain_01/meshes
[5.987s] -- Installing: /home/ashraful/HBRS/AMR/AMR_PROJECT/amr-team-bot/install/aws_robomaker_small_house_world/share/aws_robomaker_small_house_world/models/aws_robomaker_residential_Curtain_01/meshes/aws_Curtain_01_visual.DAE
[5.987s] -- Installing: /home/ashraful/HBRS/AMR/AMR_PROJECT/amr-team-bot/install/aws_robomaker_small_house_world/share/aws_robomaker_small_house_world/models/aws_robomaker_residential_Curtain_01/meshes/aws_Curtain_01_collision.DAE
[5.988s] -- Installing: /home/ashraful/HBRS/AMR/AMR_PROJECT/amr-team-bot/install/aws_robomaker_small_house_world/share/aws_robomaker_small_house_world/models/aws_robomaker_residential_Curtain_01/materials
[5.988s] -- Installing: /home/ashraful/HBRS/AMR/AMR_PROJECT/amr-team-bot/install/aws_robomaker_small_house_world/share/aws_robomaker_small_house_world/models/aws_robomaker_residential_Curtain_01/materials/textures
[5.988s] -- Installing: /home/ashraful/HBRS/AMR/AMR_PROJECT/amr-team-bot/install/aws_robomaker_small_house_world/share/aws_robomaker_small_house_world/models/aws_robomaker_residential_Curtain_01/materials/textures/aws_Curtain_01.png
[5.988s] -- Installing: /home/ashraful/HBRS/AMR/AMR_PROJECT/amr-team-bot/install/aws_robomaker_small_house_world/share/aws_robomaker_small_house_world/models/aws_robomaker_residential_Curtain_01/model.config
[5.995s] -- Installing: /home/ashraful/HBRS/AMR/AMR_PROJECT/amr-team-bot/install/aws_robomaker_small_house_world/share/aws_robomaker_small_house_world/models/aws_robomaker_residential_DeskPortraitC_02
[5.997s] -- Installing: /home/ashraful/HBRS/AMR/AMR_PROJECT/amr-team-bot/install/aws_robomaker_small_house_world/share/aws_robomaker_small_house_world/models/aws_robomaker_residential_DeskPortraitC_02/model.sdf
[5.997s] -- Installing: /home/ashraful/HBRS/AMR/AMR_PROJECT/amr-team-bot/install/aws_robomaker_small_house_world/share/aws_robomaker_small_house_world/models/aws_robomaker_residential_DeskPortraitC_02/meshes
[6.004s] -- Installing: /home/ashraful/HBRS/AMR/AMR_PROJECT/amr-team-bot/install/aws_robomaker_small_house_world/share/aws_robomaker_small_house_world/models/aws_robomaker_residential_DeskPortraitC_02/meshes/aws_DeskPortraitC_01_visual.DAE
[6.005s] -- Installing: /home/ashraful/HBRS/AMR/AMR_PROJECT/amr-team-bot/install/aws_robomaker_small_house_world/share/aws_robomaker_small_house_world/models/aws_robomaker_residential_DeskPortraitC_02/meshes/aws_DeskPortraitC_01_collision.DAE
[6.005s] -- Installing: /home/ashraful/HBRS/AMR/AMR_PROJECT/amr-team-bot/install/aws_robomaker_small_house_world/share/aws_robomaker_small_house_world/models/aws_robomaker_residential_DeskPortraitC_02/materials
[6.005s] -- Installing: /home/ashraful/HBRS/AMR/AMR_PROJECT/amr-team-bot/install/aws_robomaker_small_house_world/share/aws_robomaker_small_house_world/models/aws_robomaker_residential_DeskPortraitC_02/materials/textures
[6.005s] -- Installing: /home/ashraful/HBRS/AMR/AMR_PROJECT/amr-team-bot/install/aws_robomaker_small_house_world/share/aws_robomaker_small_house_world/models/aws_robomaker_residential_DeskPortraitC_02/materials/textures/aws_DeskPortraitC_02.png
[6.005s] -- Installing: /home/ashraful/HBRS/AMR/AMR_PROJECT/amr-team-bot/install/aws_robomaker_small_house_world/share/aws_robomaker_small_house_world/models/aws_robomaker_residential_DeskPortraitC_02/materials/textures/aws_DeskPortraitC_01.png
[6.007s] -- Installing: /home/ashraful/HBRS/AMR/AMR_PROJECT/amr-team-bot/install/aws_robomaker_small_house_world/share/aws_robomaker_small_house_world/models/aws_robomaker_residential_DeskPortraitC_02/model.config
[6.008s] -- Installing: /home/ashraful/HBRS/AMR/AMR_PROJECT/amr-team-bot/install/aws_robomaker_small_house_world/share/aws_robomaker_small_house_world/models/aws_robomaker_residential_ReadingDesk_01
[6.012s] -- Installing: /home/ashraful/HBRS/AMR/AMR_PROJECT/amr-team-bot/install/aws_robomaker_small_house_world/share/aws_robomaker_small_house_world/models/aws_robomaker_residential_ReadingDesk_01/model.sdf
[6.018s] -- Installing: /home/ashraful/HBRS/AMR/AMR_PROJECT/amr-team-bot/install/aws_robomaker_small_house_world/share/aws_robomaker_small_house_world/models/aws_robomaker_residential_ReadingDesk_01/meshes
[6.019s] -- Installing: /home/ashraful/HBRS/AMR/AMR_PROJECT/amr-team-bot/install/aws_robomaker_small_house_world/share/aws_robomaker_small_house_world/models/aws_robomaker_residential_ReadingDesk_01/meshes/aws_ReadingDesk_01_visual.DAE
[6.022s] -- Installing: /home/ashraful/HBRS/AMR/AMR_PROJECT/amr-team-bot/install/aws_robomaker_small_house_world/share/aws_robomaker_small_house_world/models/aws_robomaker_residential_ReadingDesk_01/meshes/aws_ReadingDesk_01_collision.DAE
[6.025s] -- Installing: /home/ashraful/HBRS/AMR/AMR_PROJECT/amr-team-bot/install/aws_robomaker_small_house_world/share/aws_robomaker_small_house_world/models/aws_robomaker_residential_ReadingDesk_01/materials
[6.026s] -- Installing: /home/ashraful/HBRS/AMR/AMR_PROJECT/amr-team-bot/install/aws_robomaker_small_house_world/share/aws_robomaker_small_house_world/models/aws_robomaker_residential_ReadingDesk_01/materials/textures
[6.026s] -- Installing: /home/ashraful/HBRS/AMR/AMR_PROJECT/amr-team-bot/install/aws_robomaker_small_house_world/share/aws_robomaker_small_house_world/models/aws_robomaker_residential_ReadingDesk_01/materials/textures/aws_ReadingDesk_01.png
[6.039s] -- Installing: /home/ashraful/HBRS/AMR/AMR_PROJECT/amr-team-bot/install/aws_robomaker_small_house_world/share/aws_robomaker_small_house_world/models/aws_robomaker_residential_ReadingDesk_01/model.config
[6.039s] -- Installing: /home/ashraful/HBRS/AMR/AMR_PROJECT/amr-team-bot/install/aws_robomaker_small_house_world/share/aws_robomaker_small_house_world/models/aws_robomaker_residential_Bed_01
[6.042s] -- Installing: /home/ashraful/HBRS/AMR/AMR_PROJECT/amr-team-bot/install/aws_robomaker_small_house_world/share/aws_robomaker_small_house_world/models/aws_robomaker_residential_Bed_01/model.sdf
[6.044s] -- Installing: /home/ashraful/HBRS/AMR/AMR_PROJECT/amr-team-bot/install/aws_robomaker_small_house_world/share/aws_robomaker_small_house_world/models/aws_robomaker_residential_Bed_01/meshes
[6.050s] -- Installing: /home/ashraful/HBRS/AMR/AMR_PROJECT/amr-team-bot/install/aws_robomaker_small_house_world/share/aws_robomaker_small_house_world/models/aws_robomaker_residential_Bed_01/meshes/aws_Bed_01_visual.DAE
[6.051s] -- Installing: /home/ashraful/HBRS/AMR/AMR_PROJECT/amr-team-bot/install/aws_robomaker_small_house_world/share/aws_robomaker_small_house_world/models/aws_robomaker_residential_Bed_01/meshes/aws_Bed_01_collision.DAE
[6.057s] -- Installing: /home/ashraful/HBRS/AMR/AMR_PROJECT/amr-team-bot/install/aws_robomaker_small_house_world/share/aws_robomaker_small_house_world/models/aws_robomaker_residential_Bed_01/materials
[6.061s] -- Installing: /home/ashraful/HBRS/AMR/AMR_PROJECT/amr-team-bot/install/aws_robomaker_small_house_world/share/aws_robomaker_small_house_world/models/aws_robomaker_residential_Bed_01/materials/textures
[6.062s] -- Installing: /home/ashraful/HBRS/AMR/AMR_PROJECT/amr-team-bot/install/aws_robomaker_small_house_world/share/aws_robomaker_small_house_world/models/aws_robomaker_residential_Bed_01/materials/textures/aws_BedB_01.png
[6.076s] -- Installing: /home/ashraful/HBRS/AMR/AMR_PROJECT/amr-team-bot/install/aws_robomaker_small_house_world/share/aws_robomaker_small_house_world/models/aws_robomaker_residential_Bed_01/materials/textures/aws_BedC_01.png
[6.089s] -- Installing: /home/ashraful/HBRS/AMR/AMR_PROJECT/amr-team-bot/install/aws_robomaker_small_house_world/share/aws_robomaker_small_house_world/models/aws_robomaker_residential_Bed_01/materials/textures/aws_BedA_01.png
[6.089s] -- Installing: /home/ashraful/HBRS/AMR/AMR_PROJECT/amr-team-bot/install/aws_robomaker_small_house_world/share/aws_robomaker_small_house_world/models/aws_robomaker_residential_Bed_01/materials/textures/aws_Bed_01.png
[6.090s] -- Installing: /home/ashraful/HBRS/AMR/AMR_PROJECT/amr-team-bot/install/aws_robomaker_small_house_world/share/aws_robomaker_small_house_world/models/aws_robomaker_residential_Bed_01/model.config
[6.103s] -- Installing: /home/ashraful/HBRS/AMR/AMR_PROJECT/amr-team-bot/install/aws_robomaker_small_house_world/share/aws_robomaker_small_house_world/models/box_bot
[6.103s] -- Installing: /home/ashraful/HBRS/AMR/AMR_PROJECT/amr-team-bot/install/aws_robomaker_small_house_world/share/aws_robomaker_small_house_world/models/box_bot/urdf
[6.104s] -- Installing: /home/ashraful/HBRS/AMR/AMR_PROJECT/amr-team-bot/install/aws_robomaker_small_house_world/share/aws_robomaker_small_house_world/models/box_bot/urdf/box_bot_description.urdf
[6.106s] -- Installing: /home/ashraful/HBRS/AMR/AMR_PROJECT/amr-team-bot/install/aws_robomaker_small_house_world/share/aws_robomaker_small_house_world/models/aws_robomaker_residential_NightStand_01
[6.109s] -- Installing: /home/ashraful/HBRS/AMR/AMR_PROJECT/amr-team-bot/install/aws_robomaker_small_house_world/share/aws_robomaker_small_house_world/models/aws_robomaker_residential_NightStand_01/model.sdf
[6.112s] -- Installing: /home/ashraful/HBRS/AMR/AMR_PROJECT/amr-team-bot/install/aws_robomaker_small_house_world/share/aws_robomaker_small_house_world/models/aws_robomaker_residential_NightStand_01/meshes
[6.117s] -- Installing: /home/ashraful/HBRS/AMR/AMR_PROJECT/amr-team-bot/install/aws_robomaker_small_house_world/share/aws_robomaker_small_house_world/models/aws_robomaker_residential_NightStand_01/meshes/aws_NightStand_01_collision.DAE
[6.119s] -- Installing: /home/ashraful/HBRS/AMR/AMR_PROJECT/amr-team-bot/install/aws_robomaker_small_house_world/share/aws_robomaker_small_house_world/models/aws_robomaker_residential_NightStand_01/meshes/aws_NightStand_01_visual.DAE
[6.119s] -- Installing: /home/ashraful/HBRS/AMR/AMR_PROJECT/amr-team-bot/install/aws_robomaker_small_house_world/share/aws_robomaker_small_house_world/models/aws_robomaker_residential_NightStand_01/materials
[6.119s] -- Installing: /home/ashraful/HBRS/AMR/AMR_PROJECT/amr-team-bot/install/aws_robomaker_small_house_world/share/aws_robomaker_small_house_world/models/aws_robomaker_residential_NightStand_01/materials/textures
[6.119s] -- Installing: /home/ashraful/HBRS/AMR/AMR_PROJECT/amr-team-bot/install/aws_robomaker_small_house_world/share/aws_robomaker_small_house_world/models/aws_robomaker_residential_NightStand_01/materials/textures/aws_NightStand_01.png
[6.120s] -- Installing: /home/ashraful/HBRS/AMR/AMR_PROJECT/amr-team-bot/install/aws_robomaker_small_house_world/share/aws_robomaker_small_house_world/models/aws_robomaker_residential_NightStand_01/model.config
[6.120s] -- Installing: /home/ashraful/HBRS/AMR/AMR_PROJECT/amr-team-bot/install/aws_robomaker_small_house_world/share/aws_robomaker_small_house_world/models/aws_robomaker_residential_Refrigerator_01
[6.120s] -- Installing: /home/ashraful/HBRS/AMR/AMR_PROJECT/amr-team-bot/install/aws_robomaker_small_house_world/share/aws_robomaker_small_house_world/models/aws_robomaker_residential_Refrigerator_01/model.sdf
[6.123s] -- Installing: /home/ashraful/HBRS/AMR/AMR_PROJECT/amr-team-bot/install/aws_robomaker_small_house_world/share/aws_robomaker_small_house_world/models/aws_robomaker_residential_Refrigerator_01/meshes
[6.124s] -- Installing: /home/ashraful/HBRS/AMR/AMR_PROJECT/amr-team-bot/install/aws_robomaker_small_house_world/share/aws_robomaker_small_house_world/models/aws_robomaker_residential_Refrigerator_01/meshes/aws_Refrigerator_01_collision.DAE
[6.124s] -- Installing: /home/ashraful/HBRS/AMR/AMR_PROJECT/amr-team-bot/install/aws_robomaker_small_house_world/share/aws_robomaker_small_house_world/models/aws_robomaker_residential_Refrigerator_01/meshes/aws_Refrigerator_01_visual.DAE
[6.131s] -- Installing: /home/ashraful/HBRS/AMR/AMR_PROJECT/amr-team-bot/install/aws_robomaker_small_house_world/share/aws_robomaker_small_house_world/models/aws_robomaker_residential_Refrigerator_01/meshes/aws_Refrigerator_01.DAE
[6.133s] -- Installing: /home/ashraful/HBRS/AMR/AMR_PROJECT/amr-team-bot/install/aws_robomaker_small_house_world/share/aws_robomaker_small_house_world/models/aws_robomaker_residential_Refrigerator_01/materials
[6.134s] -- Installing: /home/ashraful/HBRS/AMR/AMR_PROJECT/amr-team-bot/install/aws_robomaker_small_house_world/share/aws_robomaker_small_house_world/models/aws_robomaker_residential_Refrigerator_01/materials/textures
[6.136s] -- Installing: /home/ashraful/HBRS/AMR/AMR_PROJECT/amr-team-bot/install/aws_robomaker_small_house_world/share/aws_robomaker_small_house_world/models/aws_robomaker_residential_Refrigerator_01/materials/textures/aws_Refrigerator_02.png
[6.137s] -- Installing: /home/ashraful/HBRS/AMR/AMR_PROJECT/amr-team-bot/install/aws_robomaker_small_house_world/share/aws_robomaker_small_house_world/models/aws_robomaker_residential_Refrigerator_01/materials/textures/aws_Refrigerator_01.png
[6.141s] -- Installing: /home/ashraful/HBRS/AMR/AMR_PROJECT/amr-team-bot/install/aws_robomaker_small_house_world/share/aws_robomaker_small_house_world/models/aws_robomaker_residential_Refrigerator_01/model.config
[6.141s] -- Installing: /home/ashraful/HBRS/AMR/AMR_PROJECT/amr-team-bot/install/aws_robomaker_small_house_world/share/aws_robomaker_small_house_world/models/aws_robomaker_residential_Quilt_01
[6.149s] -- Installing: /home/ashraful/HBRS/AMR/AMR_PROJECT/amr-team-bot/install/aws_robomaker_small_house_world/share/aws_robomaker_small_house_world/models/aws_robomaker_residential_Quilt_01/model.sdf
[6.149s] -- Installing: /home/ashraful/HBRS/AMR/AMR_PROJECT/amr-team-bot/install/aws_robomaker_small_house_world/share/aws_robomaker_small_house_world/models/aws_robomaker_residential_Quilt_01/meshes
[6.152s] -- Installing: /home/ashraful/HBRS/AMR/AMR_PROJECT/amr-team-bot/install/aws_robomaker_small_house_world/share/aws_robomaker_small_house_world/models/aws_robomaker_residential_Quilt_01/meshes/aws_Quilt_01_visual.DAE
[6.157s] -- Installing: /home/ashraful/HBRS/AMR/AMR_PROJECT/amr-team-bot/install/aws_robomaker_small_house_world/share/aws_robomaker_small_house_world/models/aws_robomaker_residential_Quilt_01/meshes/aws_Quilt_01_collision.DAE
[6.157s] -- Installing: /home/ashraful/HBRS/AMR/AMR_PROJECT/amr-team-bot/install/aws_robomaker_small_house_world/share/aws_robomaker_small_house_world/models/aws_robomaker_residential_Quilt_01/materials
[6.167s] -- Installing: /home/ashraful/HBRS/AMR/AMR_PROJECT/amr-team-bot/install/aws_robomaker_small_house_world/share/aws_robomaker_small_house_world/models/aws_robomaker_residential_Quilt_01/materials/textures
[6.168s] -- Installing: /home/ashraful/HBRS/AMR/AMR_PROJECT/amr-team-bot/install/aws_robomaker_small_house_world/share/aws_robomaker_small_house_world/models/aws_robomaker_residential_Quilt_01/materials/textures/aws_Quilt_01.png
[6.169s] -- Installing: /home/ashraful/HBRS/AMR/AMR_PROJECT/amr-team-bot/install/aws_robomaker_small_house_world/share/aws_robomaker_small_house_world/models/aws_robomaker_residential_Quilt_01/model.config
[6.170s] -- Installing: /home/ashraful/HBRS/AMR/AMR_PROJECT/amr-team-bot/install/aws_robomaker_small_house_world/share/aws_robomaker_small_house_world/models/aws_robomaker_residential_PortraitA_02
[6.177s] -- Installing: /home/ashraful/HBRS/AMR/AMR_PROJECT/amr-team-bot/install/aws_robomaker_small_house_world/share/aws_robomaker_small_house_world/models/aws_robomaker_residential_PortraitA_02/model.sdf
[6.180s] -- Installing: /home/ashraful/HBRS/AMR/AMR_PROJECT/amr-team-bot/install/aws_robomaker_small_house_world/share/aws_robomaker_small_house_world/models/aws_robomaker_residential_PortraitA_02/meshes
[6.182s] -- Installing: /home/ashraful/HBRS/AMR/AMR_PROJECT/amr-team-bot/install/aws_robomaker_small_house_world/share/aws_robomaker_small_house_world/models/aws_robomaker_residential_PortraitA_02/meshes/aws_PortraitA_01_collision.DAE
[6.183s] -- Installing: /home/ashraful/HBRS/AMR/AMR_PROJECT/amr-team-bot/install/aws_robomaker_small_house_world/share/aws_robomaker_small_house_world/models/aws_robomaker_residential_PortraitA_02/meshes/aws_PortraitA_01_visual.DAE
[6.184s] -- Installing: /home/ashraful/HBRS/AMR/AMR_PROJECT/amr-team-bot/install/aws_robomaker_small_house_world/share/aws_robomaker_small_house_world/models/aws_robomaker_residential_PortraitA_02/materials
[6.184s] -- Installing: /home/ashraful/HBRS/AMR/AMR_PROJECT/amr-team-bot/install/aws_robomaker_small_house_world/share/aws_robomaker_small_house_world/models/aws_robomaker_residential_PortraitA_02/materials/textures
[6.186s] -- Installing: /home/ashraful/HBRS/AMR/AMR_PROJECT/amr-team-bot/install/aws_robomaker_small_house_world/share/aws_robomaker_small_house_world/models/aws_robomaker_residential_PortraitA_02/materials/textures/aws_PortraitA_01.png
[6.191s] -- Installing: /home/ashraful/HBRS/AMR/AMR_PROJECT/amr-team-bot/install/aws_robomaker_small_house_world/share/aws_robomaker_small_house_world/models/aws_robomaker_residential_PortraitA_02/materials/textures/aws_PortraitA_02.png
[6.192s] -- Installing: /home/ashraful/HBRS/AMR/AMR_PROJECT/amr-team-bot/install/aws_robomaker_small_house_world/share/aws_robomaker_small_house_world/models/aws_robomaker_residential_PortraitA_02/model.config
[6.194s] -- Installing: /home/ashraful/HBRS/AMR/AMR_PROJECT/amr-team-bot/install/aws_robomaker_small_house_world/share/aws_robomaker_small_house_world/models/aws_robomaker_residential_AirconditionerA_01
[6.194s] -- Installing: /home/ashraful/HBRS/AMR/AMR_PROJECT/amr-team-bot/install/aws_robomaker_small_house_world/share/aws_robomaker_small_house_world/models/aws_robomaker_residential_AirconditionerA_01/model.sdf
[6.194s] -- Installing: /home/ashraful/HBRS/AMR/AMR_PROJECT/amr-team-bot/install/aws_robomaker_small_house_world/share/aws_robomaker_small_house_world/models/aws_robomaker_residential_AirconditionerA_01/meshes
[6.195s] -- Installing: /home/ashraful/HBRS/AMR/AMR_PROJECT/amr-team-bot/install/aws_robomaker_small_house_world/share/aws_robomaker_small_house_world/models/aws_robomaker_residential_AirconditionerA_01/meshes/aws__Air conditioner_01.DAE
[6.195s] -- Installing: /home/ashraful/HBRS/AMR/AMR_PROJECT/amr-team-bot/install/aws_robomaker_small_house_world/share/aws_robomaker_small_house_world/models/aws_robomaker_residential_AirconditionerA_01/meshes/aws_AirconditionerA_01_visual.DAE
[6.195s] -- Installing: /home/ashraful/HBRS/AMR/AMR_PROJECT/amr-team-bot/install/aws_robomaker_small_house_world/share/aws_robomaker_small_house_world/models/aws_robomaker_residential_AirconditionerA_01/meshes/aws_AirconditionerA_01_collision.DAE
[6.195s] -- Installing: /home/ashraful/HBRS/AMR/AMR_PROJECT/amr-team-bot/install/aws_robomaker_small_house_world/share/aws_robomaker_small_house_world/models/aws_robomaker_residential_AirconditionerA_01/materials
[6.213s] -- Installing: /home/ashraful/HBRS/AMR/AMR_PROJECT/amr-team-bot/install/aws_robomaker_small_house_world/share/aws_robomaker_small_house_world/models/aws_robomaker_residential_AirconditionerA_01/materials/textures
[6.213s] -- Installing: /home/ashraful/HBRS/AMR/AMR_PROJECT/amr-team-bot/install/aws_robomaker_small_house_world/share/aws_robomaker_small_house_world/models/aws_robomaker_residential_AirconditionerA_01/materials/textures/aws_AirconditionerA_01.png
[6.217s] -- Installing: /home/ashraful/HBRS/AMR/AMR_PROJECT/amr-team-bot/install/aws_robomaker_small_house_world/share/aws_robomaker_small_house_world/models/aws_robomaker_residential_AirconditionerA_01/model.config
[6.220s] -- Installing: /home/ashraful/HBRS/AMR/AMR_PROJECT/amr-team-bot/install/aws_robomaker_small_house_world/share/aws_robomaker_small_house_world/models/aws_robomaker_residential_KitchenCabinet_01
[6.223s] -- Installing: /home/ashraful/HBRS/AMR/AMR_PROJECT/amr-team-bot/install/aws_robomaker_small_house_world/share/aws_robomaker_small_house_world/models/aws_robomaker_residential_KitchenCabinet_01/model.sdf
[6.223s] -- Installing: /home/ashraful/HBRS/AMR/AMR_PROJECT/amr-team-bot/install/aws_robomaker_small_house_world/share/aws_robomaker_small_house_world/models/aws_robomaker_residential_KitchenCabinet_01/meshes
[6.223s] -- Installing: /home/ashraful/HBRS/AMR/AMR_PROJECT/amr-team-bot/install/aws_robomaker_small_house_world/share/aws_robomaker_small_house_world/models/aws_robomaker_residential_KitchenCabinet_01/meshes/aws_KitchenCabinet_01_visual.DAE
[6.235s] -- Installing: /home/ashraful/HBRS/AMR/AMR_PROJECT/amr-team-bot/install/aws_robomaker_small_house_world/share/aws_robomaker_small_house_world/models/aws_robomaker_residential_KitchenCabinet_01/meshes/aws_KitchenCabinet_01_collision.DAE
[6.236s] -- Installing: /home/ashraful/HBRS/AMR/AMR_PROJECT/amr-team-bot/install/aws_robomaker_small_house_world/share/aws_robomaker_small_house_world/models/aws_robomaker_residential_KitchenCabinet_01/materials
[6.236s] -- Installing: /home/ashraful/HBRS/AMR/AMR_PROJECT/amr-team-bot/install/aws_robomaker_small_house_world/share/aws_robomaker_small_house_world/models/aws_robomaker_residential_KitchenCabinet_01/materials/textures
[6.237s] -- Installing: /home/ashraful/HBRS/AMR/AMR_PROJECT/amr-team-bot/install/aws_robomaker_small_house_world/share/aws_robomaker_small_house_world/models/aws_robomaker_residential_KitchenCabinet_01/materials/textures/aws_KitchenCabinet_01.png
[6.237s] -- Installing: /home/ashraful/HBRS/AMR/AMR_PROJECT/amr-team-bot/install/aws_robomaker_small_house_world/share/aws_robomaker_small_house_world/models/aws_robomaker_residential_KitchenCabinet_01/model.config
[6.237s] -- Installing: /home/ashraful/HBRS/AMR/AMR_PROJECT/amr-team-bot/install/aws_robomaker_small_house_world/share/aws_robomaker_small_house_world/models/aws_robomaker_residential_PortraitB_02
[6.249s] -- Installing: /home/ashraful/HBRS/AMR/AMR_PROJECT/amr-team-bot/install/aws_robomaker_small_house_world/share/aws_robomaker_small_house_world/models/aws_robomaker_residential_PortraitB_02/model.sdf
[6.249s] -- Installing: /home/ashraful/HBRS/AMR/AMR_PROJECT/amr-team-bot/install/aws_robomaker_small_house_world/share/aws_robomaker_small_house_world/models/aws_robomaker_residential_PortraitB_02/meshes
[6.254s] -- Installing: /home/ashraful/HBRS/AMR/AMR_PROJECT/amr-team-bot/install/aws_robomaker_small_house_world/share/aws_robomaker_small_house_world/models/aws_robomaker_residential_PortraitB_02/meshes/aws_PortraitB_01_collision.DAE
[6.261s] -- Installing: /home/ashraful/HBRS/AMR/AMR_PROJECT/amr-team-bot/install/aws_robomaker_small_house_world/share/aws_robomaker_small_house_world/models/aws_robomaker_residential_PortraitB_02/meshes/aws_PortraitB_01_visual.DAE
[6.261s] -- Installing: /home/ashraful/HBRS/AMR/AMR_PROJECT/amr-team-bot/install/aws_robomaker_small_house_world/share/aws_robomaker_small_house_world/models/aws_robomaker_residential_PortraitB_02/materials
[6.263s] -- Installing: /home/ashraful/HBRS/AMR/AMR_PROJECT/amr-team-bot/install/aws_robomaker_small_house_world/share/aws_robomaker_small_house_world/models/aws_robomaker_residential_PortraitB_02/materials/textures
[6.264s] -- Installing: /home/ashraful/HBRS/AMR/AMR_PROJECT/amr-team-bot/install/aws_robomaker_small_house_world/share/aws_robomaker_small_house_world/models/aws_robomaker_residential_PortraitB_02/materials/textures/aws_PortraitB_01.png
[6.265s] -- Installing: /home/ashraful/HBRS/AMR/AMR_PROJECT/amr-team-bot/install/aws_robomaker_small_house_world/share/aws_robomaker_small_house_world/models/aws_robomaker_residential_PortraitB_02/materials/textures/aws_PortraitB_02.png
[6.271s] -- Installing: /home/ashraful/HBRS/AMR/AMR_PROJECT/amr-team-bot/install/aws_robomaker_small_house_world/share/aws_robomaker_small_house_world/models/aws_robomaker_residential_PortraitB_02/model.config
[6.272s] -- Installing: /home/ashraful/HBRS/AMR/AMR_PROJECT/amr-team-bot/install/aws_robomaker_small_house_world/share/aws_robomaker_small_house_world/models/aws_robomaker_residential_PortraitD_01
[6.272s] -- Installing: /home/ashraful/HBRS/AMR/AMR_PROJECT/amr-team-bot/install/aws_robomaker_small_house_world/share/aws_robomaker_small_house_world/models/aws_robomaker_residential_PortraitD_01/model.sdf
[6.272s] -- Installing: /home/ashraful/HBRS/AMR/AMR_PROJECT/amr-team-bot/install/aws_robomaker_small_house_world/share/aws_robomaker_small_house_world/models/aws_robomaker_residential_PortraitD_01/meshes
[6.272s] -- Installing: /home/ashraful/HBRS/AMR/AMR_PROJECT/amr-team-bot/install/aws_robomaker_small_house_world/share/aws_robomaker_small_house_world/models/aws_robomaker_residential_PortraitD_01/meshes/aws_PortraitD_01_visual.DAE
[6.273s] -- Installing: /home/ashraful/HBRS/AMR/AMR_PROJECT/amr-team-bot/install/aws_robomaker_small_house_world/share/aws_robomaker_small_house_world/models/aws_robomaker_residential_PortraitD_01/meshes/aws_PortraitD_01_collision.DAE
[6.273s] -- Installing: /home/ashraful/HBRS/AMR/AMR_PROJECT/amr-team-bot/install/aws_robomaker_small_house_world/share/aws_robomaker_small_house_world/models/aws_robomaker_residential_PortraitD_01/materials
[6.273s] -- Installing: /home/ashraful/HBRS/AMR/AMR_PROJECT/amr-team-bot/install/aws_robomaker_small_house_world/share/aws_robomaker_small_house_world/models/aws_robomaker_residential_PortraitD_01/materials/textures
[6.280s] -- Installing: /home/ashraful/HBRS/AMR/AMR_PROJECT/amr-team-bot/install/aws_robomaker_small_house_world/share/aws_robomaker_small_house_world/models/aws_robomaker_residential_PortraitD_01/materials/textures/aws_PortraitD_01.png
[6.281s] -- Installing: /home/ashraful/HBRS/AMR/AMR_PROJECT/amr-team-bot/install/aws_robomaker_small_house_world/share/aws_robomaker_small_house_world/models/aws_robomaker_residential_PortraitD_01/materials/textures/aws_PortraitD_02.png
[6.282s] -- Installing: /home/ashraful/HBRS/AMR/AMR_PROJECT/amr-team-bot/install/aws_robomaker_small_house_world/share/aws_robomaker_small_house_world/models/aws_robomaker_residential_PortraitD_01/model.config
[6.287s] -- Installing: /home/ashraful/HBRS/AMR/AMR_PROJECT/amr-team-bot/install/aws_robomaker_small_house_world/share/aws_robomaker_small_house_world/models/aws_robomaker_residential_Chandelier_01
[6.300s] -- Installing: /home/ashraful/HBRS/AMR/AMR_PROJECT/amr-team-bot/install/aws_robomaker_small_house_world/share/aws_robomaker_small_house_world/models/aws_robomaker_residential_Chandelier_01/model.sdf
[6.301s] -- Installing: /home/ashraful/HBRS/AMR/AMR_PROJECT/amr-team-bot/install/aws_robomaker_small_house_world/share/aws_robomaker_small_house_world/models/aws_robomaker_residential_Chandelier_01/meshes
[6.301s] -- Installing: /home/ashraful/HBRS/AMR/AMR_PROJECT/amr-team-bot/install/aws_robomaker_small_house_world/share/aws_robomaker_small_house_world/models/aws_robomaker_residential_Chandelier_01/meshes/aws_Chandelier_01_collision.DAE
[6.301s] -- Installing: /home/ashraful/HBRS/AMR/AMR_PROJECT/amr-team-bot/install/aws_robomaker_small_house_world/share/aws_robomaker_small_house_world/models/aws_robomaker_residential_Chandelier_01/meshes/aws_Chandelier_01_visual.DAE
[6.306s] -- Installing: /home/ashraful/HBRS/AMR/AMR_PROJECT/amr-team-bot/install/aws_robomaker_small_house_world/share/aws_robomaker_small_house_world/models/aws_robomaker_residential_Chandelier_01/meshes/aws_Chandelier_01.DAE
[6.307s] -- Installing: /home/ashraful/HBRS/AMR/AMR_PROJECT/amr-team-bot/install/aws_robomaker_small_house_world/share/aws_robomaker_small_house_world/models/aws_robomaker_residential_Chandelier_01/materials
[6.319s] -- Installing: /home/ashraful/HBRS/AMR/AMR_PROJECT/amr-team-bot/install/aws_robomaker_small_house_world/share/aws_robomaker_small_house_world/models/aws_robomaker_residential_Chandelier_01/materials/textures
[6.332s] -- Installing: /home/ashraful/HBRS/AMR/AMR_PROJECT/amr-team-bot/install/aws_robomaker_small_house_world/share/aws_robomaker_small_house_world/models/aws_robomaker_residential_Chandelier_01/materials/textures/aws_Chandelier_01.png
[6.334s] -- Installing: /home/ashraful/HBRS/AMR/AMR_PROJECT/amr-team-bot/install/aws_robomaker_small_house_world/share/aws_robomaker_small_house_world/models/aws_robomaker_residential_Chandelier_01/model.config
[6.334s] -- Installing: /home/ashraful/HBRS/AMR/AMR_PROJECT/amr-team-bot/install/aws_robomaker_small_house_world/share/aws_robomaker_small_house_world/models/aws_robomaker_residential_Board_01
[6.334s] -- Installing: /home/ashraful/HBRS/AMR/AMR_PROJECT/amr-team-bot/install/aws_robomaker_small_house_world/share/aws_robomaker_small_house_world/models/aws_robomaker_residential_Board_01/model.sdf
[6.334s] -- Installing: /home/ashraful/HBRS/AMR/AMR_PROJECT/amr-team-bot/install/aws_robomaker_small_house_world/share/aws_robomaker_small_house_world/models/aws_robomaker_residential_Board_01/meshes
[6.335s] -- Installing: /home/ashraful/HBRS/AMR/AMR_PROJECT/amr-team-bot/install/aws_robomaker_small_house_world/share/aws_robomaker_small_house_world/models/aws_robomaker_residential_Board_01/meshes/aws_Board_01_visual.DAE
[6.335s] -- Installing: /home/ashraful/HBRS/AMR/AMR_PROJECT/amr-team-bot/install/aws_robomaker_small_house_world/share/aws_robomaker_small_house_world/models/aws_robomaker_residential_Board_01/meshes/aws_Board_01_collision.DAE
[6.335s] -- Installing: /home/ashraful/HBRS/AMR/AMR_PROJECT/amr-team-bot/install/aws_robomaker_small_house_world/share/aws_robomaker_small_house_world/models/aws_robomaker_residential_Board_01/materials
[6.335s] -- Installing: /home/ashraful/HBRS/AMR/AMR_PROJECT/amr-team-bot/install/aws_robomaker_small_house_world/share/aws_robomaker_small_house_world/models/aws_robomaker_residential_Board_01/materials/textures
[6.335s] -- Installing: /home/ashraful/HBRS/AMR/AMR_PROJECT/amr-team-bot/install/aws_robomaker_small_house_world/share/aws_robomaker_small_house_world/models/aws_robomaker_residential_Board_01/materials/textures/aws_Board_01.png
[6.336s] -- Installing: /home/ashraful/HBRS/AMR/AMR_PROJECT/amr-team-bot/install/aws_robomaker_small_house_world/share/aws_robomaker_small_house_world/models/aws_robomaker_residential_Board_01/model.config
[6.336s] -- Installing: /home/ashraful/HBRS/AMR/AMR_PROJECT/amr-team-bot/install/aws_robomaker_small_house_world/share/aws_robomaker_small_house_world/models/aws_robomaker_residential_BalconyTable_01
[6.350s] -- Installing: /home/ashraful/HBRS/AMR/AMR_PROJECT/amr-team-bot/install/aws_robomaker_small_house_world/share/aws_robomaker_small_house_world/models/aws_robomaker_residential_BalconyTable_01/model.sdf
[6.351s] -- Installing: /home/ashraful/HBRS/AMR/AMR_PROJECT/amr-team-bot/install/aws_robomaker_small_house_world/share/aws_robomaker_small_house_world/models/aws_robomaker_residential_BalconyTable_01/meshes
[6.351s] -- Installing: /home/ashraful/HBRS/AMR/AMR_PROJECT/amr-team-bot/install/aws_robomaker_small_house_world/share/aws_robomaker_small_house_world/models/aws_robomaker_residential_BalconyTable_01/meshes/aws_BalconyTable_01_visual.DAE
[6.351s] -- Installing: /home/ashraful/HBRS/AMR/AMR_PROJECT/amr-team-bot/install/aws_robomaker_small_house_world/share/aws_robomaker_small_house_world/models/aws_robomaker_residential_BalconyTable_01/meshes/aws_BalconyTable_01_collision.DAE
[6.351s] -- Installing: /home/ashraful/HBRS/AMR/AMR_PROJECT/amr-team-bot/install/aws_robomaker_small_house_world/share/aws_robomaker_small_house_world/models/aws_robomaker_residential_BalconyTable_01/materials
[6.351s] -- Installing: /home/ashraful/HBRS/AMR/AMR_PROJECT/amr-team-bot/install/aws_robomaker_small_house_world/share/aws_robomaker_small_house_world/models/aws_robomaker_residential_BalconyTable_01/materials/textures
[6.352s] -- Installing: /home/ashraful/HBRS/AMR/AMR_PROJECT/amr-team-bot/install/aws_robomaker_small_house_world/share/aws_robomaker_small_house_world/models/aws_robomaker_residential_BalconyTable_01/materials/textures/aws_BalconyTable_01.png
[6.352s] -- Installing: /home/ashraful/HBRS/AMR/AMR_PROJECT/amr-team-bot/install/aws_robomaker_small_house_world/share/aws_robomaker_small_house_world/models/aws_robomaker_residential_BalconyTable_01/model.config
[6.352s] -- Installing: /home/ashraful/HBRS/AMR/AMR_PROJECT/amr-team-bot/install/aws_robomaker_small_house_world/share/aws_robomaker_small_house_world/models/aws_robomaker_residential_Rangehood_01
[6.352s] -- Installing: /home/ashraful/HBRS/AMR/AMR_PROJECT/amr-team-bot/install/aws_robomaker_small_house_world/share/aws_robomaker_small_house_world/models/aws_robomaker_residential_Rangehood_01/model.sdf
[6.352s] -- Installing: /home/ashraful/HBRS/AMR/AMR_PROJECT/amr-team-bot/install/aws_robomaker_small_house_world/share/aws_robomaker_small_house_world/models/aws_robomaker_residential_Rangehood_01/meshes
[6.353s] -- Installing: /home/ashraful/HBRS/AMR/AMR_PROJECT/amr-team-bot/install/aws_robomaker_small_house_world/share/aws_robomaker_small_house_world/models/aws_robomaker_residential_Rangehood_01/meshes/aws_Rangehood_01_collision.DAE
[6.353s] -- Installing: /home/ashraful/HBRS/AMR/AMR_PROJECT/amr-team-bot/install/aws_robomaker_small_house_world/share/aws_robomaker_small_house_world/models/aws_robomaker_residential_Rangehood_01/meshes/aws_Rangehood_01_visual.DAE
[6.353s] -- Installing: /home/ashraful/HBRS/AMR/AMR_PROJECT/amr-team-bot/install/aws_robomaker_small_house_world/share/aws_robomaker_small_house_world/models/aws_robomaker_residential_Rangehood_01/materials
[6.353s] -- Installing: /home/ashraful/HBRS/AMR/AMR_PROJECT/amr-team-bot/install/aws_robomaker_small_house_world/share/aws_robomaker_small_house_world/models/aws_robomaker_residential_Rangehood_01/materials/textures
[6.371s] -- Installing: /home/ashraful/HBRS/AMR/AMR_PROJECT/amr-team-bot/install/aws_robomaker_small_house_world/share/aws_robomaker_small_house_world/models/aws_robomaker_residential_Rangehood_01/materials/textures/aws_Rangehood_01.png
[6.371s] -- Installing: /home/ashraful/HBRS/AMR/AMR_PROJECT/amr-team-bot/install/aws_robomaker_small_house_world/share/aws_robomaker_small_house_world/models/aws_robomaker_residential_Rangehood_01/model.config
[6.371s] -- Installing: /home/ashraful/HBRS/AMR/AMR_PROJECT/amr-team-bot/install/aws_robomaker_small_house_world/share/aws_robomaker_small_house_world/models/aws_robomaker_residential_ChairA_01
[6.380s] -- Installing: /home/ashraful/HBRS/AMR/AMR_PROJECT/amr-team-bot/install/aws_robomaker_small_house_world/share/aws_robomaker_small_house_world/models/aws_robomaker_residential_ChairA_01/model.sdf
[6.380s] -- Installing: /home/ashraful/HBRS/AMR/AMR_PROJECT/amr-team-bot/install/aws_robomaker_small_house_world/share/aws_robomaker_small_house_world/models/aws_robomaker_residential_ChairA_01/meshes
[6.380s] -- Installing: /home/ashraful/HBRS/AMR/AMR_PROJECT/amr-team-bot/install/aws_robomaker_small_house_world/share/aws_robomaker_small_house_world/models/aws_robomaker_residential_ChairA_01/meshes/aws_ChairA_01_collision.DAE
[6.380s] -- Installing: /home/ashraful/HBRS/AMR/AMR_PROJECT/amr-team-bot/install/aws_robomaker_small_house_world/share/aws_robomaker_small_house_world/models/aws_robomaker_residential_ChairA_01/meshes/aws_ChairA_01_visual.DAE
[6.381s] -- Installing: /home/ashraful/HBRS/AMR/AMR_PROJECT/amr-team-bot/install/aws_robomaker_small_house_world/share/aws_robomaker_small_house_world/models/aws_robomaker_residential_ChairA_01/materials
[6.381s] -- Installing: /home/ashraful/HBRS/AMR/AMR_PROJECT/amr-team-bot/install/aws_robomaker_small_house_world/share/aws_robomaker_small_house_world/models/aws_robomaker_residential_ChairA_01/materials/textures
[6.381s] -- Installing: /home/ashraful/HBRS/AMR/AMR_PROJECT/amr-team-bot/install/aws_robomaker_small_house_world/share/aws_robomaker_small_house_world/models/aws_robomaker_residential_ChairA_01/materials/textures/aws_ChairA_01.png
[6.381s] -- Installing: /home/ashraful/HBRS/AMR/AMR_PROJECT/amr-team-bot/install/aws_robomaker_small_house_world/share/aws_robomaker_small_house_world/models/aws_robomaker_residential_ChairA_01/model.config
[6.393s] -- Installing: /home/ashraful/HBRS/AMR/AMR_PROJECT/amr-team-bot/install/aws_robomaker_small_house_world/share/aws_robomaker_small_house_world/models/aws_robomaker_residential_Carpet_01
[6.393s] -- Installing: /home/ashraful/HBRS/AMR/AMR_PROJECT/amr-team-bot/install/aws_robomaker_small_house_world/share/aws_robomaker_small_house_world/models/aws_robomaker_residential_Carpet_01/model.sdf
[6.393s] -- Installing: /home/ashraful/HBRS/AMR/AMR_PROJECT/amr-team-bot/install/aws_robomaker_small_house_world/share/aws_robomaker_small_house_world/models/aws_robomaker_residential_Carpet_01/meshes
[6.394s] -- Installing: /home/ashraful/HBRS/AMR/AMR_PROJECT/amr-team-bot/install/aws_robomaker_small_house_world/share/aws_robomaker_small_house_world/models/aws_robomaker_residential_Carpet_01/meshes/aws_Carpet_01_collision.DAE
[6.394s] -- Installing: /home/ashraful/HBRS/AMR/AMR_PROJECT/amr-team-bot/install/aws_robomaker_small_house_world/share/aws_robomaker_small_house_world/models/aws_robomaker_residential_Carpet_01/meshes/aws_Carpet_01_visual.DAE
[6.397s] -- Installing: /home/ashraful/HBRS/AMR/AMR_PROJECT/amr-team-bot/install/aws_robomaker_small_house_world/share/aws_robomaker_small_house_world/models/aws_robomaker_residential_Carpet_01/materials
[6.399s] -- Installing: /home/ashraful/HBRS/AMR/AMR_PROJECT/amr-team-bot/install/aws_robomaker_small_house_world/share/aws_robomaker_small_house_world/models/aws_robomaker_residential_Carpet_01/materials/textures
[6.399s] -- Installing: /home/ashraful/HBRS/AMR/AMR_PROJECT/amr-team-bot/install/aws_robomaker_small_house_world/share/aws_robomaker_small_house_world/models/aws_robomaker_residential_Carpet_01/materials/textures/aws_Carpet_01.png
[6.399s] -- Installing: /home/ashraful/HBRS/AMR/AMR_PROJECT/amr-team-bot/install/aws_robomaker_small_house_world/share/aws_robomaker_small_house_world/models/aws_robomaker_residential_Carpet_01/model.config
[6.399s] -- Installing: /home/ashraful/HBRS/AMR/AMR_PROJECT/amr-team-bot/install/aws_robomaker_small_house_world/share/aws_robomaker_small_house_world/models/aws_robomaker_residential_ChairD_01
[6.400s] -- Installing: /home/ashraful/HBRS/AMR/AMR_PROJECT/amr-team-bot/install/aws_robomaker_small_house_world/share/aws_robomaker_small_house_world/models/aws_robomaker_residential_ChairD_01/model.sdf
[6.427s] -- Installing: /home/ashraful/HBRS/AMR/AMR_PROJECT/amr-team-bot/install/aws_robomaker_small_house_world/share/aws_robomaker_small_house_world/models/aws_robomaker_residential_ChairD_01/meshes
[6.428s] -- Installing: /home/ashraful/HBRS/AMR/AMR_PROJECT/amr-team-bot/install/aws_robomaker_small_house_world/share/aws_robomaker_small_house_world/models/aws_robomaker_residential_ChairD_01/meshes/aws_ChairD_01_visual.DAE
[6.428s] -- Installing: /home/ashraful/HBRS/AMR/AMR_PROJECT/amr-team-bot/install/aws_robomaker_small_house_world/share/aws_robomaker_small_house_world/models/aws_robomaker_residential_ChairD_01/meshes/aws_ChairD_01_collision.DAE
[6.428s] -- Installing: /home/ashraful/HBRS/AMR/AMR_PROJECT/amr-team-bot/install/aws_robomaker_small_house_world/share/aws_robomaker_small_house_world/models/aws_robomaker_residential_ChairD_01/materials
[6.428s] -- Installing: /home/ashraful/HBRS/AMR/AMR_PROJECT/amr-team-bot/install/aws_robomaker_small_house_world/share/aws_robomaker_small_house_world/models/aws_robomaker_residential_ChairD_01/materials/textures
[6.428s] -- Installing: /home/ashraful/HBRS/AMR/AMR_PROJECT/amr-team-bot/install/aws_robomaker_small_house_world/share/aws_robomaker_small_house_world/models/aws_robomaker_residential_ChairD_01/materials/textures/aws_ChairD_01.png
[6.429s] -- Installing: /home/ashraful/HBRS/AMR/AMR_PROJECT/amr-team-bot/install/aws_robomaker_small_house_world/share/aws_robomaker_small_house_world/models/aws_robomaker_residential_ChairD_01/model.config
[6.429s] -- Installing: /home/ashraful/HBRS/AMR/AMR_PROJECT/amr-team-bot/install/aws_robomaker_small_house_world/share/aws_robomaker_small_house_world/models/aws_robomaker_residential_DeskPortraitD_02
[6.429s] -- Installing: /home/ashraful/HBRS/AMR/AMR_PROJECT/amr-team-bot/install/aws_robomaker_small_house_world/share/aws_robomaker_small_house_world/models/aws_robomaker_residential_DeskPortraitD_02/model.sdf
[6.429s] -- Installing: /home/ashraful/HBRS/AMR/AMR_PROJECT/amr-team-bot/install/aws_robomaker_small_house_world/share/aws_robomaker_small_house_world/models/aws_robomaker_residential_DeskPortraitD_02/meshes
[6.429s] -- Installing: /home/ashraful/HBRS/AMR/AMR_PROJECT/amr-team-bot/install/aws_robomaker_small_house_world/share/aws_robomaker_small_house_world/models/aws_robomaker_residential_DeskPortraitD_02/meshes/aws_DeskPortraitD_01_visual.DAE
[6.430s] -- Installing: /home/ashraful/HBRS/AMR/AMR_PROJECT/amr-team-bot/install/aws_robomaker_small_house_world/share/aws_robomaker_small_house_world/models/aws_robomaker_residential_DeskPortraitD_02/meshes/aws_DeskPortraitD_01_collision.DAE
[6.430s] -- Installing: /home/ashraful/HBRS/AMR/AMR_PROJECT/amr-team-bot/install/aws_robomaker_small_house_world/share/aws_robomaker_small_house_world/models/aws_robomaker_residential_DeskPortraitD_02/materials
[6.430s] -- Installing: /home/ashraful/HBRS/AMR/AMR_PROJECT/amr-team-bot/install/aws_robomaker_small_house_world/share/aws_robomaker_small_house_world/models/aws_robomaker_residential_DeskPortraitD_02/materials/textures
[6.442s] -- Installing: /home/ashraful/HBRS/AMR/AMR_PROJECT/amr-team-bot/install/aws_robomaker_small_house_world/share/aws_robomaker_small_house_world/models/aws_robomaker_residential_DeskPortraitD_02/materials/textures/aws_DeskPortraitD_02.png
[6.448s] -- Installing: /home/ashraful/HBRS/AMR/AMR_PROJECT/amr-team-bot/install/aws_robomaker_small_house_world/share/aws_robomaker_small_house_world/models/aws_robomaker_residential_DeskPortraitD_02/materials/textures/aws_DeskPortraitD_01.png
[6.448s] -- Installing: /home/ashraful/HBRS/AMR/AMR_PROJECT/amr-team-bot/install/aws_robomaker_small_house_world/share/aws_robomaker_small_house_world/models/aws_robomaker_residential_DeskPortraitD_02/model.config
[6.448s] -- Installing: /home/ashraful/HBRS/AMR/AMR_PROJECT/amr-team-bot/install/aws_robomaker_small_house_world/share/aws_robomaker_small_house_world/models/aws_robomaker_residential_PortraitC_01
[6.449s] -- Installing: /home/ashraful/HBRS/AMR/AMR_PROJECT/amr-team-bot/install/aws_robomaker_small_house_world/share/aws_robomaker_small_house_world/models/aws_robomaker_residential_PortraitC_01/model.sdf
[6.449s] -- Installing: /home/ashraful/HBRS/AMR/AMR_PROJECT/amr-team-bot/install/aws_robomaker_small_house_world/share/aws_robomaker_small_house_world/models/aws_robomaker_residential_PortraitC_01/meshes
[6.470s] -- Installing: /home/ashraful/HBRS/AMR/AMR_PROJECT/amr-team-bot/install/aws_robomaker_small_house_world/share/aws_robomaker_small_house_world/models/aws_robomaker_residential_PortraitC_01/meshes/aws_PortraitC_01_collision.DAE
[6.471s] -- Installing: /home/ashraful/HBRS/AMR/AMR_PROJECT/amr-team-bot/install/aws_robomaker_small_house_world/share/aws_robomaker_small_house_world/models/aws_robomaker_residential_PortraitC_01/meshes/aws_PortraitC_01_visual.DAE
[6.473s] -- Installing: /home/ashraful/HBRS/AMR/AMR_PROJECT/amr-team-bot/install/aws_robomaker_small_house_world/share/aws_robomaker_small_house_world/models/aws_robomaker_residential_PortraitC_01/materials
[6.473s] -- Installing: /home/ashraful/HBRS/AMR/AMR_PROJECT/amr-team-bot/install/aws_robomaker_small_house_world/share/aws_robomaker_small_house_world/models/aws_robomaker_residential_PortraitC_01/materials/textures
[6.474s] -- Installing: /home/ashraful/HBRS/AMR/AMR_PROJECT/amr-team-bot/install/aws_robomaker_small_house_world/share/aws_robomaker_small_house_world/models/aws_robomaker_residential_PortraitC_01/materials/textures/aws_PortraitC_02.png
[6.485s] -- Installing: /home/ashraful/HBRS/AMR/AMR_PROJECT/amr-team-bot/install/aws_robomaker_small_house_world/share/aws_robomaker_small_house_world/models/aws_robomaker_residential_PortraitC_01/materials/textures/aws_PortraitC_01.png
[6.487s] -- Installing: /home/ashraful/HBRS/AMR/AMR_PROJECT/amr-team-bot/install/aws_robomaker_small_house_world/share/aws_robomaker_small_house_world/models/aws_robomaker_residential_PortraitC_01/model.config
[6.487s] -- Installing: /home/ashraful/HBRS/AMR/AMR_PROJECT/amr-team-bot/install/aws_robomaker_small_house_world/share/aws_robomaker_small_house_world/models/aws_robomaker_residential_RoomWall_01
[6.488s] -- Installing: /home/ashraful/HBRS/AMR/AMR_PROJECT/amr-team-bot/install/aws_robomaker_small_house_world/share/aws_robomaker_small_house_world/models/aws_robomaker_residential_RoomWall_01/model.sdf
[6.489s] -- Installing: /home/ashraful/HBRS/AMR/AMR_PROJECT/amr-team-bot/install/aws_robomaker_small_house_world/share/aws_robomaker_small_house_world/models/aws_robomaker_residential_RoomWall_01/meshes
[6.489s] -- Installing: /home/ashraful/HBRS/AMR/AMR_PROJECT/amr-team-bot/install/aws_robomaker_small_house_world/share/aws_robomaker_small_house_world/models/aws_robomaker_residential_RoomWall_01/meshes/aws_RoomWall_01_collision.DAE
[6.489s] -- Installing: /home/ashraful/HBRS/AMR/AMR_PROJECT/amr-team-bot/install/aws_robomaker_small_house_world/share/aws_robomaker_small_house_world/models/aws_robomaker_residential_RoomWall_01/meshes/aws_RoomWall_01_visual.DAE
[6.501s] -- Installing: /home/ashraful/HBRS/AMR/AMR_PROJECT/amr-team-bot/install/aws_robomaker_small_house_world/share/aws_robomaker_small_house_world/models/aws_robomaker_residential_RoomWall_01/materials
[6.502s] -- Installing: /home/ashraful/HBRS/AMR/AMR_PROJECT/amr-team-bot/install/aws_robomaker_small_house_world/share/aws_robomaker_small_house_world/models/aws_robomaker_residential_RoomWall_01/materials/textures
[6.502s] -- Installing: /home/ashraful/HBRS/AMR/AMR_PROJECT/amr-team-bot/install/aws_robomaker_small_house_world/share/aws_robomaker_small_house_world/models/aws_robomaker_residential_RoomWall_01/materials/textures/aws_RoomWall_01.png
[6.508s] -- Installing: /home/ashraful/HBRS/AMR/AMR_PROJECT/amr-team-bot/install/aws_robomaker_small_house_world/share/aws_robomaker_small_house_world/models/aws_robomaker_residential_RoomWall_01/model.config
[6.509s] -- Installing: /home/ashraful/HBRS/AMR/AMR_PROJECT/amr-team-bot/install/aws_robomaker_small_house_world/share/aws_robomaker_small_house_world/worlds
[6.510s] -- Installing: /home/ashraful/HBRS/AMR/AMR_PROJECT/amr-team-bot/install/aws_robomaker_small_house_world/share/aws_robomaker_small_house_world/worlds/small_house.world
[6.510s] -- Installing: /home/ashraful/HBRS/AMR/AMR_PROJECT/amr-team-bot/install/aws_robomaker_small_house_world/share/aws_robomaker_small_house_world/worlds/kitchen_table.world
[6.513s] -- Installing: /home/ashraful/HBRS/AMR/AMR_PROJECT/amr-team-bot/install/aws_robomaker_small_house_world/share/aws_robomaker_small_house_world/worlds/empty.world
[6.515s] -- Installing: /home/ashraful/HBRS/AMR/AMR_PROJECT/amr-team-bot/install/aws_robomaker_small_house_world/share/aws_robomaker_small_house_world/maps
[6.517s] -- Installing: /home/ashraful/HBRS/AMR/AMR_PROJECT/amr-team-bot/install/aws_robomaker_small_house_world/share/aws_robomaker_small_house_world/maps/turtlebot3_waffle_pi
[6.520s] -- Installing: /home/ashraful/HBRS/AMR/AMR_PROJECT/amr-team-bot/install/aws_robomaker_small_house_world/share/aws_robomaker_small_house_world/maps/turtlebot3_waffle_pi/map.pgm
[6.520s] -- Installing: /home/ashraful/HBRS/AMR/AMR_PROJECT/amr-team-bot/install/aws_robomaker_small_house_world/share/aws_robomaker_small_house_world/maps/turtlebot3_waffle_pi/map.yaml
[6.520s] -- Installing: /home/ashraful/HBRS/AMR/AMR_PROJECT/amr-team-bot/install/aws_robomaker_small_house_world/share/aws_robomaker_small_house_world/photos
[6.520s] -- Installing: /home/ashraful/HBRS/AMR/AMR_PROJECT/amr-team-bot/install/aws_robomaker_small_house_world/share/aws_robomaker_small_house_world/photos/DeskPortraitD_03.jpg
[6.537s] -- Installing: /home/ashraful/HBRS/AMR/AMR_PROJECT/amr-team-bot/install/aws_robomaker_small_house_world/share/aws_robomaker_small_house_world/photos/DeskPortraitB_01.jpg
[6.537s] -- Installing: /home/ashraful/HBRS/AMR/AMR_PROJECT/amr-team-bot/install/aws_robomaker_small_house_world/share/aws_robomaker_small_house_world/photos/PortraitE_01.jpg
[6.538s] -- Installing: /home/ashraful/HBRS/AMR/AMR_PROJECT/amr-team-bot/install/aws_robomaker_small_house_world/share/aws_robomaker_small_house_world/photos/PortraitE_02.jpg
[6.540s] -- Installing: /home/ashraful/HBRS/AMR/AMR_PROJECT/amr-team-bot/install/aws_robomaker_small_house_world/share/aws_robomaker_small_house_world/photos/PortraitB_03.jpg
[6.542s] -- Installing: /home/ashraful/HBRS/AMR/AMR_PROJECT/amr-team-bot/install/aws_robomaker_small_house_world/share/aws_robomaker_small_house_world/photos/DeskPortraitA_01.jpg
[6.542s] -- Installing: /home/ashraful/HBRS/AMR/AMR_PROJECT/amr-team-bot/install/aws_robomaker_small_house_world/share/aws_robomaker_small_house_world/photos/PortraitB_01.jpg
[6.555s] -- Installing: /home/ashraful/HBRS/AMR/AMR_PROJECT/amr-team-bot/install/aws_robomaker_small_house_world/share/aws_robomaker_small_house_world/photos/PortraitD_02.jpg
[6.566s] -- Installing: /home/ashraful/HBRS/AMR/AMR_PROJECT/amr-team-bot/install/aws_robomaker_small_house_world/share/aws_robomaker_small_house_world/photos/DeskPortraitB_02.jpg
[6.623s] -- Installing: /home/ashraful/HBRS/AMR/AMR_PROJECT/amr-team-bot/install/aws_robomaker_small_house_world/share/aws_robomaker_small_house_world/photos/PortraitB_02.jpg
[6.640s] -- Installing: /home/ashraful/HBRS/AMR/AMR_PROJECT/amr-team-bot/install/aws_robomaker_small_house_world/share/aws_robomaker_small_house_world/photos/DeskPortraitC_01.jpg
[6.682s] -- Installing: /home/ashraful/HBRS/AMR/AMR_PROJECT/amr-team-bot/install/aws_robomaker_small_house_world/share/aws_robomaker_small_house_world/photos/PortraitC_01.jpg
[6.682s] -- Installing: /home/ashraful/HBRS/AMR/AMR_PROJECT/amr-team-bot/install/aws_robomaker_small_house_world/share/aws_robomaker_small_house_world/photos/PortraitD_01.jpg
[6.683s] -- Installing: /home/ashraful/HBRS/AMR/AMR_PROJECT/amr-team-bot/install/aws_robomaker_small_house_world/share/aws_robomaker_small_house_world/photos/DeskPortraitD_02.jpg
[6.683s] -- Installing: /home/ashraful/HBRS/AMR/AMR_PROJECT/amr-team-bot/install/aws_robomaker_small_house_world/share/aws_robomaker_small_house_world/photos/DeskPortraitC_02.jpg
[6.683s] -- Installing: /home/ashraful/HBRS/AMR/AMR_PROJECT/amr-team-bot/install/aws_robomaker_small_house_world/share/aws_robomaker_small_house_world/photos/DeskPortraitD_01.jpg
[6.707s] -- Installing: /home/ashraful/HBRS/AMR/AMR_PROJECT/amr-team-bot/install/aws_robomaker_small_house_world/share/aws_robomaker_small_house_world/photos/DeskPortraitA_02.jpg
[6.725s] -- Installing: /home/ashraful/HBRS/AMR/AMR_PROJECT/amr-team-bot/install/aws_robomaker_small_house_world/share/aws_robomaker_small_house_world/photos/DeskPortraitD_04.jpg
[6.725s] -- Installing: /home/ashraful/HBRS/AMR/AMR_PROJECT/amr-team-bot/install/aws_robomaker_small_house_world/share/aws_robomaker_small_house_world/photos/PortraitA_01.jpg
[6.725s] -- Installing: /home/ashraful/HBRS/AMR/AMR_PROJECT/amr-team-bot/install/aws_robomaker_small_house_world/share/aws_robomaker_small_house_world/photos/PortraitA_02.jpg
[6.726s] -- Installing: /home/ashraful/HBRS/AMR/AMR_PROJECT/amr-team-bot/install/aws_robomaker_small_house_world/share/aws_robomaker_small_house_world/param
[6.726s] -- Installing: /home/ashraful/HBRS/AMR/AMR_PROJECT/amr-team-bot/install/aws_robomaker_small_house_world/share/aws_robomaker_small_house_world/param/waffle_pi.yaml
[6.726s] -- Installing: /home/ashraful/HBRS/AMR/AMR_PROJECT/amr-team-bot/install/aws_robomaker_small_house_world/share/aws_robomaker_small_house_world/routes
[6.726s] -- Installing: /home/ashraful/HBRS/AMR/AMR_PROJECT/amr-team-bot/install/aws_robomaker_small_house_world/share/aws_robomaker_small_house_world/routes/route.yaml
[6.726s] -- Installing: /home/ashraful/HBRS/AMR/AMR_PROJECT/amr-team-bot/install/aws_robomaker_small_house_world/share/ament_index/resource_index/package_run_dependencies/aws_robomaker_small_house_world
[6.727s] -- Installing: /home/ashraful/HBRS/AMR/AMR_PROJECT/amr-team-bot/install/aws_robomaker_small_house_world/share/ament_index/resource_index/parent_prefix_path/aws_robomaker_small_house_world
[6.727s] -- Installing: /home/ashraful/HBRS/AMR/AMR_PROJECT/amr-team-bot/install/aws_robomaker_small_house_world/share/aws_robomaker_small_house_world/environment/ament_prefix_path.sh
[6.727s] -- Installing: /home/ashraful/HBRS/AMR/AMR_PROJECT/amr-team-bot/install/aws_robomaker_small_house_world/share/aws_robomaker_small_house_world/environment/ament_prefix_path.dsv
[6.727s] -- Installing: /home/ashraful/HBRS/AMR/AMR_PROJECT/amr-team-bot/install/aws_robomaker_small_house_world/share/aws_robomaker_small_house_world/environment/path.sh
[6.740s] -- Installing: /home/ashraful/HBRS/AMR/AMR_PROJECT/amr-team-bot/install/aws_robomaker_small_house_world/share/aws_robomaker_small_house_world/environment/path.dsv
[6.743s] -- Installing: /home/ashraful/HBRS/AMR/AMR_PROJECT/amr-team-bot/install/aws_robomaker_small_house_world/share/aws_robomaker_small_house_world/local_setup.bash
[6.744s] -- Installing: /home/ashraful/HBRS/AMR/AMR_PROJECT/amr-team-bot/install/aws_robomaker_small_house_world/share/aws_robomaker_small_house_world/local_setup.sh
[6.744s] -- Installing: /home/ashraful/HBRS/AMR/AMR_PROJECT/amr-team-bot/install/aws_robomaker_small_house_world/share/aws_robomaker_small_house_world/local_setup.zsh
[6.745s] -- Installing: /home/ashraful/HBRS/AMR/AMR_PROJECT/amr-team-bot/install/aws_robomaker_small_house_world/share/aws_robomaker_small_house_world/local_setup.dsv
[6.752s] -- Installing: /home/ashraful/HBRS/AMR/AMR_PROJECT/amr-team-bot/install/aws_robomaker_small_house_world/share/aws_robomaker_small_house_world/package.dsv
[6.761s] -- Installing: /home/ashraful/HBRS/AMR/AMR_PROJECT/amr-team-bot/install/aws_robomaker_small_house_world/share/ament_index/resource_index/packages/aws_robomaker_small_house_world
[6.762s] -- Installing: /home/ashraful/HBRS/AMR/AMR_PROJECT/amr-team-bot/install/aws_robomaker_small_house_world/share/aws_robomaker_small_house_world/cmake/ament_cmake_export_dependencies-extras.cmake
[6.762s] -- Installing: /home/ashraful/HBRS/AMR/AMR_PROJECT/amr-team-bot/install/aws_robomaker_small_house_world/share/aws_robomaker_small_house_world/cmake/aws_robomaker_small_house_worldConfig.cmake
[6.795s] -- Installing: /home/ashraful/HBRS/AMR/AMR_PROJECT/amr-team-bot/install/aws_robomaker_small_house_world/share/aws_robomaker_small_house_world/cmake/aws_robomaker_small_house_worldConfig-version.cmake
[6.795s] -- Installing: /home/ashraful/HBRS/AMR/AMR_PROJECT/amr-team-bot/install/aws_robomaker_small_house_world/share/aws_robomaker_small_house_world/package.xml
[8.169s] Invoked command in '/home/ashraful/HBRS/AMR/AMR_PROJECT/amr-team-bot/build/aws_robomaker_small_house_world' returned '0': CMAKE_PREFIX_PATH=/opt/ros/humble /usr/bin/cmake --install /home/ashraful/HBRS/AMR/AMR_PROJECT/amr-team-bot/build/aws_robomaker_small_house_world
